Description:
1 line:  
star, const, year of last minimum observations,  Vmax, Vmin, spectral type, variability type,  elements for ALL/PRI or SEC minima
2 line:
RA(hh mm ss.s), DEC(dd '' ""), D(in days; form GCVS), d (days), Period, Mo(HJD), phase of secondary

Such format is working with MS Software (mebs,ptelcat)
(http://www.as.ap.krakow.pl/rzeczy/software.html)

to use it one should create asci file with extinction *.cat
with data of one or more stars (2 lines for each star!)

 (up-to-date: 2020-iii)
cut header here!  
^^^^^^^^^^^^^^^^^^^^^^^^^^^^^^^^^^^^^^^^^^^^^^^^^^^^^^^^^^^^^^^^^^^^^^^

RT    And  8.970 -  9.83 EA/RS      F8V+K1     ALL                 
23 11 10.1 +53  1 33.0 2000   0.1  0    0.6289292000 2452500.34760 0.5
SY    And 10.700 - 12.20 EA         A0+K1      PRI                 
 0 13 16.4 +43 42 41.4 2000   2.1  0   34.9089200000 2452530.72000 0.5
TT    And 11.500 - 13.10 EA         A          PRI                 
23 13 22.9 +46  8 51.1 2000   0.2  0    2.7650960000 2452501.12100 0.5
TW    And  8.980 - 11.04 EA         F0V+K0     PRI                 
 0  3 18.2 +32 50 45.1 2000   0.5  0    4.1227286000 2452501.88020 0.5
UU    And 11.200 - 14.20 EA         A8IV/V     PRI                 
 0 43 45.1 +30 56 19.6 2000   0.3  0    1.4863240000 2452500.28900 0.5
WW    And 10.920 -  0.67 EA         A5+F3p     ALL                 
23 44 53.5 +45 41 11.5 2000   1.2  0   23.2852500000 2452501.24400 0.5
WX    And 12.100 - 13.80 EA         F5IV       PRI                 
 0 45 37.3 +28 45  0.2 2000   0.4  0    3.0011860000 2452502.38000 0.5
WZ    And 11.160 - 12.00 EB         F5         PRI                 
 1  1 43.6 +38  5 47.0 2000   0.0  0    0.6956635000 2452500.23800 0.5
XZ    And  9.910 - 12.45 EA         A1V        PRI                 
 1 56 51.5 +42  6  2.2 2000   0.2  0    1.3573027000 2452500.47400 0.5
AA    And 10.300 - 11.20 EB         B8V        PRI                 
23  5 22.8 +47 40 34.7 2000   0.0  0    0.9350964000 2452500.72900 0.5
AB    And  9.490 - 10.46 EW         G5+G5V     ALL                 
23 11 32.1 +36 53 35.1 2000   0.0  0    0.3318895000 2452500.07400 0.5
AD    And 11.200 -  0.62 EB         A0V        ALL                 
23 36 45.0 +48 40 15.6 2000   0.0  0    0.9861820000 2452500.55000 0.5
AM    And 12.500 - 13.70 EA                    PRI                 
 0  5  7.5 +48 27  5.4 2000   0.7  0    8.8505460000 2452504.11000 0.5
AN    And  5.960 -  6.11 EB         A7mIII-IV  ALL                 
23 18 23.3 +41 46 25.2 2000   0.0  0    3.2195620000 2452502.62100 0.5
AP    And 11.300 - 11.90 EA         F5         ALL                 
23 49 30.7 +45 47 21.3 2000   0.2  0    1.5872913000 2452500.21160 0.5
AS    And 13.800 - 15.20 EA                    PRI                 
23 39  1.8 +47 14 48.6 2000   0.0  0    2.4206098000 2452500.18270 0.5
BD    And 11.300 - 11.70 EB         F8         ALL                 
23  7  5.2 +50 57 30.9 2000   0.0  0    0.9258051000 2452500.39400 0.5
BL    And 11.150 -  0.77 EB         A0         PRI                 
23 11 24.3 +51 52 31.3 2000   0.0  0    0.7223752000 2452500.38180 0.5
BO    And 13.400 - 16.30 EA         B8         PRI                 
22 58 38.2 +45 31 51.7 2000   0.6  0    5.7974100000 2452503.63000 0.5
BS    And 15.300 - 17.20 EA                    pri                 
23 12 47.0 +51 52 25.8 2000   0.4  0    3.1461700000 2452502.45000 0.5
BX    And  8.870 -  9.53 EB         F2V        ALL                 
 2  9  3.4 +40 47 39.2 2000   0.0  0    0.6101065000 2452500.36200 0.5
CD    And  9.900 - 10.40 EA         F8         ALL                 
 1 26 28.4 +44 21 25.0 2000   4.1  0   68.8873000000 2452522.60000 0.5
CN    And  9.620 - 10.21 EB         F5V        PRI                 
 0 20 30.5 +40 13 33.8 2000   0.0  0    0.4627899000 2452500.12300 0.5
CO    And 11.100 - 12.10 EA         F8         ALL                 
 1 11 24.8 +46 57 49.4 2000   0.3  0    3.6553351000 2452503.35230 0.5
CP    And 11.400 - 12.90 EA         A5         PRI                 
 2 12 51.2 +45 37 51.6 2000   0.4  0    3.6089588000 2452501.37250 0.5
CU    And 12.500 - 16.00 EA                    PRI                 
23  1  1.6 +49 58 25.3 2000   0.3  0    1.7159792000 2452501.30870 0.5
CZ    And 12.400 - 13.00 EA         A6         PRI                 
23  9  0.9 +49 36 51.5 2000   0.2  0    2.7171947000 2452502.25380 0.5
DK    And 12.500 - 13.10 EW                    ALL                 
23 28 45.9 +50 34 29.2 2000   0.0  0    0.4892241000 2452500.47160 0.5
DO    And 12.300 - 13.80 EB                    ALL                 
 0 10 57.1 +42  6 40.4 2000   0.0  0    1.3487130000 2452501.04200 0.5
DS    And 10.440 - 10.93 EA         F2III      ALL                 
 1 57 46.0 +38  4 28.4 2000   0.2  0    1.0105197000 2452500.68270 0.5
EP    And 11.300 -  0.60 EW                    PRI                 
 1 42 29.3 +44 45 42.4 2000   0.0  0    0.4041072000 2452500.03100 0.5
EX    And 12.700 - 14.10 EA                    ALL                 
23 39 51.9 +47 45  2.2 2000   0.2  0    1.6324976000 2452500.26780 0.5
FK    And 14.000 - 16.80 EA                    PRI                 
 1  7  3.1 +37 29  5.3 2000   0.3  0    2.2694095000 2452500.78200 0.5
FL    And 14.300 - 15.10 EA                    ALL                 
 1  8  1.4 +36 53 21.6 2000   0.1  0    0.9056487000 2452500.61000 0.5
GH    And 13.500 - 14.50 EA                    pri                 
23 37 40.4 +50 14 33.7 2000   0.0  0    1.1037652000 2452501.00550 0.5
GK    And 11.300 - 12.40 EA                    PRI                 
23 53 47.2 +45 34 45.9 2000   0.2  0    2.0093540000 2452501.74600 0.5
GW    And 14.600 - 17.40 EA                    PRI                 
 0 35  9.4 +41 40  3.7 2000   0.2  0    2.2792820000 2452501.49000 0.5
GZ    And 10.830 - 11.61 EW                    ALL                 
 2 12 14.1 +44 39 34.0 2000   0.0  0    0.3050160000 2452500.13000 0.5
HR    And 14.700 - 15.40 EA                    PRI                 
 0 33 46.7 +44  4  9.8 2000   0.1  0    1.2357289000 2452500.85100 0.5
HS    And 12.700 - 14.10 EA                    PRI                 
 0 34 33.8 +41 20  5.0 2000   0.2  0    1.8571820000 2452500.51300 0.5
HU    And 16.500 - 17.20 EW                    ALL                 
 0 39 29.7 +40  4 59.8 2000   0.0  0    0.2857899000 2452500.13700 0.5
IL    And 15.700 - 17.00 EA                    PRI                 
 0 46 13.5 +39 46  8.3 2000   0.1  0    0.8675928000 2452500.85900 0.5
IP    And 16.800 - 17.30 EA                    ALL                 
 0 55  3.4 +40 37  1.3 2000   0.3  0    3.0796200000 2452500.06000 0.5
KN    And 11.700 - 13.10 EA                    PRI                 
 2 36  8.8 +38  9 21.7 2000   0.2  0    2.2621837000 2452502.25300 0.5
KP    And 11.500 - 12.90 EA         A0         ALL                 
23  9 56.5 +41 35  3.5 2000   0.3  0    1.4053913000 2452500.71100 0.5
LM    And 12.200 - 13.50 EB                    PRI                 
 2 11  9.3 +48 51 34.0 2000   0.0  0    0.7611824000 2452500.42600 0.5
LO    And 11.200 - 11.80 EW                    ALL                 
23 27  6.7 +45 33 22.1 2000   0.0  0    0.3804400000 2452500.26700 0.5
LY    And 14.100 - 14.80 EW                    ALL                 
 2 21 52.5 +38 37 42.4 2000   0.0  0    0.3450372000 2452500.08400 0.5
MN    And 15.100 - 16.20 EB                    PRI                 
 2 22 51.1 +41 55 35.1 2000   0.0  0    0.6106463000 2452500.35210 0.5
MO    And 13.200 - 16.10 EA                    PRI                 
 2 23 53.7 +39 59  2.8 2000   0.3  0    1.9304650000 2452501.23800 0.5
MS    And 15.800 - 16.50 EW                    ALL                 
 2 25 46.9 +39 58 45.5 2000   0.0  0    0.2781190000 2452500.13700 0.5
MW    And 15.000 - 15.80 EW                    ALL                 
 2 31 29.0 +39 41 19.9 2000   0.0  0    0.2637694400 2452500.11300 0.5
NZ    And 14.900 - 16.30 EA                    PRI                 
 1 23 41.3 +36 28 57.1 2000   0.1  0    0.8996745700 2452500.21170 0.5
OT    And  7.320 -  7.72 EA                    PRI                 
23 20  1.2 +41 45 17.5 2000   0.6  0   20.8529480000 2452509.79290 0.5
OT    And  7.320 -  7.72 EA                    SEC                 
23 20  1.2 +41 45 17.5 2000   0.6  0   20.8529880000 2452520.67070 0.5
PP    And 14.300 - 16.60 EA                    PRI                 
 2 10 42.5 +38 18 31.5 2000   0.4  0    2.7165100000 2452502.43000 0.5
PX    And 14.040 - 17.00 E+NL       pec UG     PRI                 
 0 30  5.9 +26 17 26.9 2000   0.0  0    0.1463527300 2452500.16150 0.5
QR    And 12.160 - 13.07 EA+NL      pec e      PRI                 
 0 19 49.9 +21 56 52.1 2000   0.0  0    0.6604690000 2452500.24300 0.5
QW    And 12.600 -  0.45 EW                    ALL                 
 1 18 48.3 +49 39 36.8 2000   0.0  0    0.4918697000 2452500.47300 0.5
QX    And 11.280 - 11.50 EW         F6         ALL                 
 1 57 57.8 +37 48 22.5 2000   0.0  0    0.4121720800 2452500.02400 0.5
V348  And  6.750 -  6.90 EA         B9         PRI                 
 0 15 17.8 +44 12 12.2 2000   0.0  0    5.5407100000 2452504.60000 0.5
V348  And  6.750 -  6.90 EA         B9         SEC                 
 0 15 17.8 +44 12 12.2 2000   0.0  0    5.5406900000 2452507.18000 0.5
V355  And  7.690 -  8.00 EA         F5         ALL                 
 0 44 11.3 +46 14  8.0 2000   0.0  0    4.7183800000 2452502.68000 0.5
V363  And  9.100 -  9.37 EB         A2         ALL                 
 1 31 46.6 +36  5 38.0 2000   0.0  0    1.2779742000 2452500.45210 0.5
V372  And  9.050 -  9.53 EA         A5         ALL                 
 2  5 18.2 +45  5 34.1 2000   0.3  0    2.9410220000 2452501.19000 0.5
V389  And  8.220 -  8.32 EA         A0         SEC                 
23 32  1.3 +43 49 20.5 2000   0.0  0   25.7783240000 2452530.44100 0.5
V389  And  8.220 -  8.32 EA         A0         PRI                 
23 32  1.3 +43 49 20.5 2000   0.0  0   25.7782730000 2452517.29190 0.5
V392  And  9.070 -  9.41 EA         A2         ALL                 
23 38 48.7 +44 24 45.3 2000   0.2  0    4.0462700000 2452502.19800 0.5
V404  And 10.300 - 10.90 EA/RS                 ALL                 
 1  1 24.4 +41 15  0.7 2000   0.1  0    0.6760343000 2452500.31700 0.5
V406  And  9.220 -  9.42 EB         B8         ALL                 
 2 35 25.6 +45 56  3.1 2000   0.0  0    2.1650270000 2452500.26800 0.5
V412  And 11.950 - 12.40 EA                    ALL                 
23 53 39.0 +45 37 22.1 2000   0.2  0    1.9087364000 2452501.22110 0.5
V422  And 13.400 - 14.00 EB                    ALL                 
23  7 57.1 +50 11 43.9 2000   0.0  0    1.0155845000 2452500.53200 0.5
V425  And 13.300 - 14.60 EA                    PRI                 
23 27 37.3 +50 17 16.2 2000   0.2  0    1.4207299000 2452500.79890 0.5
V440  And 12.640 - 13.24 EA                    ALL                 
 0 26 49.5 +41 49  8.6 2000   0.1  0    1.5825573000 2452501.32180 0.5
V441  And 13.480 - 14.25 EW                    ALL                 
 0 56 44.2 +41 29 22.8 2000   0.0  0    0.4696546000 2452500.29100 0.5
V444  And 13.040 - 13.74 EW                    ALL                 
 1 15 28.7 +41 19 59.0 2000   0.0  0    0.4687796000 2452500.35430 0.5
V449  And 12.200 - 12.90 EW                    ALL                 
 2  9 46.8 +46 43 17.3 2000   0.0  0    0.3385145000 2452500.18400 0.5
V452  And 13.700 - 15.20 EB                    ALL                 
23 18 59.2 +48 31 30.1 2000   0.0  0    0.9784377300 2452500.17530 0.5
V463  And 12.150 - 13.05 EB                    ALL                 
23 20 13.9 +37  8 39.7 2000   0.0  0    0.4061053000 2452500.15500 0.5
V473  And 13.370 - 13.83 EW                    ALL                 
 0 16  5.4 +41 51 24.1 2000   0.0  0    0.4012971000 2452500.40700 0.5
V477  And 13.250 - 13.64 EW                    ALL                 
 0 18 31.3 +30 25 57.6 2000   0.0  0    0.3626492000 2452500.26800 0.5
V483  And 11.970 - 12.20 EW                    ALL                 
 0 20 35.3 +40  4 16.8 2000   0.0  0    0.2970581000 2452500.07200 0.5
V488  And 12.550 - 12.90 EB                    ALL                 
 0 22  6.0 +40 31 24.2 2000   0.0  0    0.6821921000 2452500.31500 0.5
V490  And 14.600 - 15.10 EW                    ALL                 
 0 26 48.8 +41 50  4.1 2000   0.0  0    0.4241834700 2452500.30700 0.5
V506  And 13.340 - 14.17 EW                    ALL                 
 0 46 37.8 +31 51 17.3 2000   0.0  0    0.3434523000 2452500.08000 0.5
V512  And 11.800 - 12.50 EA                    ALL                 
 0 52 17.3 +35 16  4.2 2000   0.1  0    0.7453311000 2452500.12900 0.5
V522  And 13.340 - 13.94 EA                    PRI                 
 1  3 28.9 +43  1 27.6 2000   0.2  0    7.5529452000 2452502.95110 0.5
V522  And 13.340 - 13.94 EA                    SEC                 
 1  3 28.9 +43  1 27.6 2000   0.2  0    7.5529785000 2452506.60610 0.5
V523  And 11.900 - 12.40 EA                    PRI                 
 1  5 38.0 +36 49  5.9 2000   0.1  0    0.5285401000 2452500.42100 0.5
V527  And 10.650 - 11.05 EW                    ALL                 
 1 22 35.7 +34 19 35.9 2000   0.0  0    0.7006563000 2452500.41400 0.5
V530  And 12.600 - 13.30 EB                    ALL                 
 1 27 41.0 +33 51 55.5 2000   0.0  0    0.5772395000 2452500.19100 0.5
V537  And 11.400 - 11.75 EA                    ALL                 
 1 35 19.3 +37 46 37.7 2000   0.1  0    0.9008487000 2452500.14680 0.5
V546  And 11.230 - 11.76 EW                    ALL                 
 1 51 12.6 +43 49  7.6 2000   0.0  0    0.3830155000 2452500.26000 0.5
V552  And 16.890 - 17.55 EW                    PRI                 
 1 57 39.9 +43 55  3.7 2000   0.0  0    0.2813220000 2452500.06350 0.5
V556  And 14.550 - 14.80 EW                    PRI                 
 1 58 47.8 +44 33  4.9 2000   0.0  0    0.4314000000 2452500.30000 0.5
V566  And 10.850 - 11.30 EW                    ALL                 
 2  7 20.0 +35 38 55.4 2000   0.0  0    0.3896996000 2452500.27000 0.5
V613  And  9.150 -  9.61 EA         A5         ALL                 
23 10 12.4 +47 34 14.2 2000   0.3  0    1.8757930000 2452500.61500 0.5
V674  And 10.650 - 10.90 EA                    PRI                 
23 32 41.3 +46 47 57.5 2000   0.3  0    2.8486425000 2452500.07400 0.5
V674  And 10.650 - 10.90 EA                    SEC                 
23 32 41.3 +46 47 57.5 2000   0.3  0    2.8486425000 2452501.63530 0.5
V707  And  9.930 - 10.42 EA         F5V        ALL                 
23 48 23.6 +36 18 40.3 2000   0.0  0    2.5885500000 2452502.20500 0.5
V712  And 10.270 - 10.53 EW         G0V        ALL                 
23 54 39.2 +36 45 15.9 2000   0.0  0    0.3671811000 2452500.22400 0.5
V745  And 12.220 - 13.14 EB                    ALL                 
 1 32 27.6 +41 36 33.6 2000   0.0  0    0.3234844700 2452500.25310 0.5
S     Ant  6.270 -  6.83 EW         F3V        ALL                 
 9 32 18.4 -28 37 40.0 2000   0.0  0    0.6483516000 2452500.06900 0.5
SW    Ant 13.100 - 13.90 EW                    all                 
 9 48 27.5 -25 11 25.6 2000   0.0  0    0.3802063400 2452500.19040 0.5
UU    Ant 11.940 - 12.40 EA                    PRI                 
 9 46 52.5 -26 42 45.2 2000   0.2  0    1.3641017000 2452500.65330 0.5
VW    Ant 11.200 - 12.80 EB                    ALL                 
 9 29  5.2 -39 33 38.4 2000   0.0  0    1.0840184000 2452500.96600 0.5
WX    Ant 11.250 - 12.95 EA                    ALL                 
10 31  5.3 -35 58 26.6 2000   0.6  0    3.8171100000 2452502.90200 0.5
WZ    Ant 11.700 - 12.10 EW                    all                 
10  6 22.5 -38 52 53.8 2000   0.0  0    0.4459242100 2452500.39300 0.5
XX    Ant  8.600 -  9.23 EA         A8/F0V     ALL                 
 9 49 24.7 -38 20 57.3 2000   0.2  0    0.8880136000 2452500.46620 0.5
XY    Ant  9.950 - 10.65 EA                    ALL                 
10 18 12.2 -36 48 18.6 2000   0.2  0    2.1803432000 2452501.29630 0.5
XZ    Ant  9.650 - 10.75 EA                    ALL                 
10 18 27.6 -33 16 32.6 2000   0.9  0    7.1506800000 2452500.32000 0.5
YZ    Ant 10.480 - 11.54 EA         A1IV       ALL                 
10 17 33.8 -32 28  9.6 2000   0.3  0    2.1524310000 2452500.23000 0.5
BV    Ant 11.500 - 12.34 EA                    PRI                 
11  1 25.5 -37 10 18.1 2000   0.3  0    3.5943157000 2452502.40170 0.5
BV    Ant 11.500 - 12.34 EA                    SEC                 
11  1 25.5 -37 10 18.1 2000   0.3  0    3.5942850000 2452504.44800 0.5
CC    Ant  7.680 -  7.87 EA         A8III      ALL                 
10 33 29.4 -36  3 57.6 2000   0.3  0    2.4451866000 2452501.09220 0.5
SY    Aps 12.700 - 13.30 EW                    ALL                 
14 39 24.3 -72 49 35.5 2000   0.0  0    0.2789078800 2452500.09360 0.5
AF    Aps 13.400 - 14.10 EW                    PRI                 
15 31 17.0 -78 20 42.8 2000   0.0  0    0.7976242700 2452500.27790 0.5
AN    Aps 12.500 - 13.60 EB                    ALL                 
15 41 16.3 -73 57 44.2 2000   0.0  0    1.0455480000 2452500.91000 0.5
BB    Aps 12.100 - 12.90 EB                    ALL                 
15 58 40.7 -77 52 16.2 2000   0.0  0    2.5332450000 2452501.68630 0.5
BH    Aps 11.300 - 13.50 EA                    PRI                 
16  8 40.2 -76 50 27.9 2000   0.4  0    3.6507409000 2452503.24080 0.5
CD    Aps 11.450 - 12.15 EA                    ALL                 
16 35 29.9 -80 45 42.1 2000   0.2  0    3.3016020000 2452500.20000 0.5
DU    Aps 11.500 - 12.20 EA                    ALL                 
17 25 46.0 -78 23 25.6 2000   0.4  0    3.0877610000 2452500.66000 0.5
DW    Aps  8.860 -  9.96 EA         B6III      ALL                 
17 23 30.0 -67 55 44.9 2000   0.3  0    2.3129452000 2452501.97900 0.5
FN    Aps 11.070 - 12.60 EA                    PRI                 
15 51 33.3 -72 22 22.3 2000   0.5  0    5.7307100000 2452504.26000 0.5
FY    Aps 10.630 - 11.81 EA                    ALL                 
17 14 20.2 -70  0 48.3 2000   0.5  0    2.7497580000 2452502.72000 0.5
HL    Aps 12.500 - 13.20 EB                    ALL                 
16  7 52.4 -79 49 33.1 2000   0.0  0    0.9562649200 2452500.08100 0.5
II    Aps 10.900 - 11.54 EB                    ALL                 
16 27 41.9 -74 50 44.3 2000   0.0  0    0.8422542000 2452500.21000 0.5
LO    Aps 11.180 - 11.85 EB                    ALL                 
17 47 10.2 -77 37 19.7 2000   0.0  0    1.3312020000 2452501.16700 0.5
MR    Aps 10.580 - 11.09 EB                    ALL                 
17  7 57.5 -73 43 35.4 2000   0.0  0    0.5278640500 2452500.08320 0.5
NT    Aps  8.200 -  8.70 EW         G3/G5V     ALL                 
14 42 42.6 -74 18 41.6 2000   0.0  0    0.2947628000 2452500.18600 0.5
NW    Aps  9.100 -  9.39 EB         F5IV/V     ALL                 
14 55 38.5 -79 48 20.6 2000   0.0  0    1.0655527000 2452500.73500 0.5
OR    Aps  9.110 -  9.22 LPB        B7III      ALL                 
16 16 32.3 -78  8  0.1 2000   0.0  0    2.4446378000 2452501.55250 0.5
PP    Aps  9.700 -  9.99 EA         A3mA5-A8   PRI                 
17 43  4.7 -70 52 21.6 2000   0.4  0    4.2798507000 2452500.66650 0.5
PP    Aps  9.700 -  9.99 EA         A3mA5-A8   SEC                 
17 43  4.7 -70 52 21.6 2000   0.4  0    4.2798197000 2452502.71860 0.5
PV    Aps  7.800 -  8.30 EA         A9III/IV   PRI                 
15 11 28.5 -73 25 34.1 2000   0.6  0   28.8775220000 2452525.16980 0.5
PV    Aps  7.800 -  8.30 EA         A9III/IV   SEC                 
15 11 28.5 -73 25 34.1 2000   0.6  0   28.8773180000 2452532.48640 0.5
RY    Aqr  8.820 - 10.21 EA         A3         PRI                 
21 20 16.0 -10 48  8.1 2000   0.2  0    1.9665636000 2452500.02700 0.5
ST    Aqr  9.150 -  9.67 EB         A7 +G8IV   ALL                 
22 21  1.9 -06 57 51.4 2000   0.0  0    0.7809886000 2452500.58500 0.5
SU    Aqr  9.670 - 10.28 EA         A5V        PRI                 
22 52  3.9 -12 56 43.6 2000   0.2  0    1.0446946000 2452500.72700 0.5
UU    Aqr 12.850 - 15.50 EA+NL      pec e      PRI                 
22  9  5.7 -03 46 17.5 2000   0.0  0    0.1635804000 2452500.01880 0.5
XZ    Aqr 11.800 - 13.60 EA                    PRI                 
22  5  0.8 -08 49 39.9 2000   0.2  0    2.0592300000 2452500.81000 0.5
AM    Aqr 12.800 - 13.60 EW                    PRI                 
22 11  7.4 -19 31 33.1 2000   0.0  0    0.3737386900 2452500.23390 0.5
AO    Aqr 11.040 - 11.67 EW         F          ALL                 
22 11 31.9 -22 47 16.5 2000   0.0  0    0.4893502000 2452500.31600 0.5
AT    Aqr 13.100 - 14.00 EW                    ALL                 
22 20 17.8 -20  6 50.1 2000   0.0  0    0.3040946000 2452500.16800 0.5
AY    Aqr 13.400 - 14.40 EW                    ALL                 
22 26 52.1 -19 25 10.6 2000   0.0  0    0.2819961000 2452500.04000 0.5
BQ    Aqr 10.700 - 11.50 EA                    all                 
23 36  8.9 -16 28  8.3 2000   0.7  0    6.6204800000 2452501.13000 0.5
BW    Aqr 10.310 - 10.92 EA         F8IV+F7IV  PRI                 
22 23 15.9 -15 19 56.2 2000   0.3  0    6.7197000000 2452501.70900 0.5
BW    Aqr 10.310 - 10.92 EA         F8IV+F7IV  SEC                 
22 23 15.9 -15 19 56.2 2000   0.3  0    6.7196880000 2452504.90400 0.5
BX    Aqr 12.000 - 13.50 EA                    PRI                 
20 51 43.1 -11  5 29.9 2000   0.2  0    1.5296063000 2452501.11910 0.5
CD    Aqr 10.800 - 11.70 EA         A5         PRI                 
21 19 59.4 -04  6 32.1 2000   0.6  0    4.8378237000 2452501.48360 0.5
CK    Aqr 12.860 - 13.47 EW                    ALL                 
21  1  2.3 -11  4 26.7 2000   0.0  0    0.2833722400 2452500.03100 0.5
CR    Aqr 13.200 - 14.20 EB                    ALL                 
21 11 13.9 -13 59 14.4 2000   0.0  0    0.5144902000 2452500.41500 0.5
CW    Aqr 10.620 - 11.09 EB                    ALL                 
22 19 22.3 -16 53 33.4 2000   0.0  0    0.5429092000 2452500.28200 0.5
CX    Aqr 10.550 - 11.80 EB         F2p        ALL                 
22 35 43.9 -00 41 32.7 2000   0.1  0    0.5559873000 2452500.43400 0.5
CZ    Aqr 10.700 - 12.08 EA         A7V        PRI                 
23 22 20.6 -15 56 20.6 2000   0.2  0    0.8627494000 2452500.23570 0.5
DD    Aqr 10.630 - 11.32 EB         A5p        PRI                 
22 45 53.3 +01  2 58.8 2000   0.0  0    0.7210085000 2452500.72700 0.5
DV    Aqr  5.890 -  6.25 EB         A9IV       ALL                 
20 58 41.8 -14 28 59.3 2000   0.0  0    1.5755280000 2452500.20800 0.5
DX    Aqr  6.430 -  6.88 EA         A2V        ALL                 
22  2 26.3 -16 57 53.4 2000   0.1  0    0.9450110000 2452500.69070 0.5
DY    Aqr 10.230 - 10.95 EA         A0         PRI                 
22 19  4.3 -02 38 30.0 2000   0.3  0    2.1596960000 2452500.28200 0.5
EE    Aqr  7.910 -  8.55 EB         F0V        ALL                 
22 34 42.0 -19 51 35.3 2000   0.0  0    0.5089963100 2452500.05570 0.5
EF    Aqr  9.880 - 10.50 EA         G1V        ALL                 
23  1 19.1 -06 26 15.4 2000   0.2  0    2.8535697000 2452502.35490 0.5
EI    Aqr 11.500 - 12.20 EA                    PRI                 
21 29 20.3 -06 59  0.0 2000   0.1  0    1.2223120000 2452501.12900 0.5
EK    Aqr 10.800 - 11.33 EW                    ALL                 
23 39 16.2 -09  9  5.3 2000   0.0  0    0.6127974000 2452500.06500 0.5
EL    Aqr 10.350 - 10.75 EW         F3V        ALL                 
23 47 18.4 -08  5 12.1 2000   0.0  0    0.4814170000 2452500.08700 0.5
EX    Aqr 11.600 - 12.30 EB                    ALL                 
21 15 14.8 +02 28 45.0 2000   0.0  0    0.8893864000 2452500.47210 0.5
FO    Aqr 12.700 - 14.20 XM         pec e      pri                 
22 17 55.3 -08 21  4.6 2000   0.0  0    0.2020593000 2452500.12600 0.5
FS    Aqr 12.500 - 13.30 EW                    ALL                 
22  5 43.1 -00 23 45.7 2000   0.0  0    0.2620503600 2452500.25000 0.5
FW    Aqr 12.950 - 14.40 EA                    PRI                 
22 12  4.1 -09 43 25.7 2000   0.6  0    4.8864237000 2452501.09780 0.5
FZ    Aqr 14.500 - 14.80 EW                    all                 
22 17  8.3 -06  5 47.2 2000   0.0  0    0.6791120000 2452500.03000 0.5
GH    Aqr 12.600 - 13.10 EW                    ALL                 
22 19 54.2 -05  1 49.4 2000   0.0  0    0.3055844000 2452500.24900 0.5
GK    Aqr 12.000 - 12.90 EW                    ALL                 
22 19 56.9 -00 39 46.9 2000   0.0  0    0.3274194000 2452500.26800 0.5
GM    Aqr 13.400 - 14.40 EW                    ALL                 
22 21 57.9 -02 40  2.8 2000   0.0  0    0.3672784000 2452500.43000 0.5
GN    Aqr 11.720 - 12.16 EA                    ALL                 
22 22 18.7 -04 12 22.6 2000   0.2  0    4.4044288000 2452500.28910 0.5
GS    Aqr 13.100 - 13.60 EW                    ALL                 
22 27 33.6 -00 17 17.6 2000   0.0  0    0.3740677600 2452500.14670 0.5
GV    Aqr 12.800 - 13.60 DSCT                  ALL                 
22 30  2.8 -08  6 26.6 2000   0.1  0    0.3367945000 2452500.14000 0.5
GZ    Aqr 14.600 - 15.50 EW                    ALL                 
22 40 58.2 -07 33  3.6 2000   0.0  0    0.3028105000 2452500.22300 0.5
HS    Aqr  9.070 -  9.50 EA         F8V+G      PRI                 
20 40 54.0 -00 35 50.7 2000   0.1  0    0.7101860000 2452500.69900 0.5
HV    Aqr  9.740 - 10.21 EW/RS                 ALL                 
21 21 24.8 -03  9 36.9 2000   0.0  0    0.3744568000 2452500.21800 0.5
IO    Aqr  8.800 -  9.22 EA         G0         PRI                 
20 40 45.5 +00 56 21.0 2000   0.3  0    2.3681360000 2452502.02700 0.5
KX    Aqr  8.110 -  8.58 EA         F8/G0V     ALL                 
22 31 13.4 -22 59 47.7 2000   0.2  0    2.0743400000 2452500.84500 0.5
LL    Aqr  9.230 -  9.86 EA         G0         PRI                 
22 34 42.2 -03 35 58.2 2000   0.0  0   20.1783100000 2452515.72800 0.5
LL    Aqr  9.230 -  9.86 EA         G0         SEC                 
22 34 42.2 -03 35 58.2 2000   0.0  0   20.1785930000 2452522.09520 0.5
MO    Aqr  9.950 - 10.28 EW                    ALL                 
21  3 57.0 -02 10  3.8 2000   0.0  0    0.3981434600 2452500.12620 0.5
MU    Aqr 11.110 - 11.63 EW                    ALL                 
20 48 13.3 -01 29 25.7 2000   0.0  0    0.2722216000 2452500.16100 0.5
NN    Aqr 13.470 - 14.14 EW                    ALL                 
21 43 54.0 -00 13 40.9 2000   0.0  0    0.3067787500 2452500.05820 0.5
NW    Aqr 13.300 - 14.20 EW                    ALL                 
22 49 43.0 +00 46  1.3 2000   0.0  0    0.3016302000 2452500.27100 0.5
OO    Aqr  9.200 -  9.63 EW         A5IV/V     ALL                 
20 49 43.2 -13  7 35.6 2000   0.0  0    0.5866273000 2452500.23000 0.5
XZ    Aql 10.070 - 11.65 EA         A2         ALL                 
20 22 13.4 -07 21  3.5 2000   0.3  0    2.1391944000 2452501.11000 0.5
YZ    Aql 10.700 - 14.20 EA         A2III      PRI                 
19 16 46.2 -00 36 17.2 2000   0.7  0    4.6726900000 2452501.54000 0.5
AL    Aql 10.770 - 12.60 EA                    all                 
19  2 24.4 -08 33  9.8 2000   1.7  0   20.9863400000 2452503.92000 0.5
DO    Aql  8.700 - 18.80 NB+EA      pec Nova   pri                 
19 31 25.8 -06 25 38.6 2000   0.0  0    0.1677618100 2452500.04940 0.5
FK    Aql 10.800 - 13.40 EA         B9         PRI                 
19  4 18.6 +02 46 47.3 2000   0.3  0    2.6508760000 2452501.05000 0.5
GU    Aql 14.600 - 15.70 EA                    PRI                 
19 37  2.6 +06  7 19.7 2000   0.2  0    2.2091760000 2452501.07000 0.5
HY    Aql 12.800 - 15.60 EA                    pri                 
19  2 47.6 -06 13 33.2 2000   0.9  0    8.3608700000 2452506.67000 0.5
KO    Aql  8.330 -  9.43 EA         A0V-A3V    PRI                 
18 47 10.7 +10 45 49.3 2000   0.3  0    2.8640849000 2452501.70850 0.5
KP    Aql  9.440 - 10.14 EA         F0+F0      ALL                 
19  2 30.0 +15 48  1.1 2000   0.2  0    3.3674770000 2452502.56500 0.5
LT    Aql 12.400 - 14.90 EA         B9III/IV   PRI                 
19 38 49.8 +06 34 59.2 2000   0.2  0    1.8462080000 2452500.20800 0.5
OO    Aql  9.350 - 10.35 EW         G5V        ALL                 
19 48 12.6 +09 18 32.4 2000   0.0  0    0.5067931000 2452500.25800 0.5
OP    Aql 12.200 - 14.60 EA         B9         PRI                 
19 48  8.3 +09 20 45.2 2000   0.3  0    3.2278340000 2452503.16900 0.5
QS    Aql  5.930 -  6.06 EA         B5V        ALL                 
19 41  5.5 +13 48 56.5 2000   0.4  0    2.5133029000 2452502.34650 0.5
QY    Aql 10.900 - 14.20 EA         F0         PRI                 
20  9 28.8 +15 18 44.7 2000   0.9  0    7.2294470000 2452505.08400 0.5
V337  Aql  8.590 -  9.33 EB         B0.5Vp+B2V ALL                 
19  4 10.3 -02  1 47.3 2000   0.0  0    2.7338760000 2452500.31400 0.5
V340  Aql 12.020 - 13.90 EA         F          PRI                 
19 55 56.5 +15 51  7.7 2000   0.4  0    3.7490650000 2452503.20000 0.5
V342  Aql  9.500 - 12.90 EA         A4II       PRI                 
19 17  3.5 +09 20 38.6 2000   0.5  0    3.3908990000 2452502.14300 0.5
V343  Aql 10.420 - 12.06 EA         A0V        PRI                 
19 38 35.2 +12 45 27.3 2000   0.3  0    1.8445697000 2452500.79260 0.5
V346  Aql  8.840 - 10.26 EA         A0V        PRI                 
20  9 59.6 +10 20 59.8 2000   0.2  0    1.1063614000 2452500.74100 0.5
V348  Aql 12.700 - 13.70 EB         A2V        ALL                 
19 11 20.0 +00 29 12.0 2000   0.0  0    0.6658460000 2452500.32300 0.5
V368  Aql  5.000 - 16.50 NA+EA      pec Nova   PRI                 
19 26 34.4 +07 36 13.6 2000   0.0  0    0.6905093000 2452500.51500 0.5
V406  Aql 13.100 - 15.50 EA                    PRI                 
19 11  2.7 +01 11 24.5 2000   0.5  0    5.8188000000 2452503.95000 0.5
V407  Aql 13.300 - 15.80 EA                    ALL                 
19 11 10.8 +01  8 51.9 2000   0.2  0    1.1820162000 2452500.20800 0.5
V408  Aql 14.100 - 16.50 EA                    PRI                 
19 14 16.3 +04 46  5.9 2000   0.3  0    2.8350300000 2452501.63000 0.5
V409  Aql 11.400 - 12.20 EA         F5         PRI                 
19 17 58.5 -00 40 44.0 2000   0.3  0    2.0494070000 2452500.19000 0.5
V413  Aql 12.000 - 14.50 EA         OB e       PRI                 
19 24 50.9 +02 29 42.4 2000  46.8  0  426.8900000000 2452871.90000 0.5
V414  Aql 14.000 - 15.70 EA                    PRI                 
19 26 49.6 +04 59  8.0 2000   0.2  0    1.6208610000 2452500.77900 0.5
V415  Aql 10.450 - 11.10 EA         F2         ALL                 
19 30 43.7 +13 40 21.4 2000   0.4  0    4.9254949000 2452500.06070 0.5
V416  Aql 13.700 - 15.10 EA                    PRI                 
19 33 39.5 +00 32 22.9 2000   0.1  0    1.3380474000 2452501.04300 0.5
V417  Aql 10.530 - 11.13 EW         G2V        ALL                 
19 35 24.1 +05 50 17.6 2000   0.0  0    0.3703132000 2452500.30400 0.5
V418  Aql 12.800 - 16.00 EA         F8III      PRI                 
19 36 39.4 +03 57  0.3 2000   0.3  0    2.2349622000 2452501.13990 0.5
V420  Aql 12.800 - 14.30 EA                    PRI                 
19 40 14.4 +02 39  2.8 2000   0.5  0    3.5328050000 2452502.95500 0.5
V479  Aql 13.200 - 14.60 EA                    ALL                 
18 50 19.6 +10 40 24.1 2000   0.2  0    0.8335982000 2452500.34100 0.5
V557  Aql 13.400 - 15.60 EA                    PRI                 
19 54 41.9 +03 21 46.7 2000   0.2  0    2.7505320000 2452500.26060 0.5
V589  Aql 14.700 - 16.40 EA         A5         pri                 
20 15 55.2 +01  0 29.7 2000   0.1  0    1.2909030000 2452501.16000 0.5
V602  Aql 11.900 - 13.50 EA         A2         PRI                 
19 51  0.6 +16 26 44.1 2000   0.3  0    3.0124746000 2452502.16340 0.5
V609  Aql 11.000 - 11.56 EB         F8         ALL                 
20  9 58.6 +14 38 12.9 2000   0.0  0    0.7965590000 2452500.33400 0.5
V616  Aql 14.200 - 15.00 EA                    PRI                 
19 31 36.1 +10 49  6.7 2000   0.2  0    1.0031606000 2452500.59600 0.5
V630  Aql 14.300 - 16.00 EA                    PRI                 
19 35 42.5 +07 52 10.8 2000   0.3  0    3.2219900000 2452500.39000 0.5
V631  Aql 13.500 - 14.90 EA                    pri                 
19 35 45.8 +12  3 24.2 2000   0.1  0    1.1551646000 2452501.07300 0.5
V634  Aql 14.800 - 16.20 EA                    PRI                 
19 36 40.4 +07  2 42.1 2000   0.6  0    2.3032750000 2452500.99700 0.5
V640  Aql 12.100 - 12.90 EB                    ALL                 
19 37 52.5 +10 47  9.7 2000   0.0  0    0.5612187000 2452500.38180 0.5
V647  Aql 14.700 - 15.60 EA                    PRI                 
19 38 55.6 +11 14 53.1 2000   0.5  0    3.3992400000 2452500.90000 0.5
V676  Aql 14.300 - 14.80 EW                    ALL                 
19 46 42.8 +06 24 45.5 2000   0.0  0    0.5755905000 2452500.38000 0.5
V688  Aql 10.370 - 11.03 EB         B0         ALL                 
19 48 28.9 +15 37 16.2 2000   0.0  0    3.8897240000 2452501.78400 0.5
V694  Aql 11.600 - 12.50 EA         F0         ALL                 
19 50 19.2 +07 50 14.6 2000   0.1  0    0.8205792000 2452500.40920 0.5
V699  Aql 12.900 - 14.30 EW                    ALL                 
19 50 47.1 +07 42  7.7 2000   0.0  0    0.8768929000 2452500.17570 0.5
V714  Aql 13.900 - 14.80 EA                    ALL                 
19 54  6.3 +07 53 33.0 2000   0.2  0    3.0598390000 2452502.71000 0.5
V719  Aql 11.110 - 12.32 EA         K7V        PRI                 
19 55 30.6 +07 25 42.6 2000   0.5  0    6.7509999000 2452503.67540 0.5
V724  Aql 11.110 - 11.67 EW         G0         ALL                 
19 56 42.7 +01  5  3.3 2000   0.0  0    0.5175941000 2452500.40500 0.5
V729  Aql 14.200 - 15.10 EA                    PRI                 
19 56 50.7 +13 17 50.3 2000   0.3  0    1.2818860000 2452500.99000 0.5
V760  Aql 12.600 - 13.80 EA                    PRI                 
20  0 40.1 +08 42  6.3 2000   0.1  0    1.2598655000 2452500.68600 0.5
V761  Aql 12.700 - 14.10 EA                    PRI                 
20  0 27.3 +14 21 37.8 2000   0.1  0    1.0693458000 2452500.85260 0.5
V762  Aql 13.900 - 15.70 EA                    PRI                 
20  1  6.9 +00 15  3.3 2000   0.0  0    2.1666090000 2452501.34000 0.5
V765  Aql 12.230 - 13.00 EA                    ALL                 
20  2  4.9 -03  2 30.9 2000   0.1  0    1.7564892000 2452500.21900 0.5
V769  Aql 14.900 - 15.90 EA                    PRI                 
20  3 12.7 -03 40 48.9 2000   0.6  0    4.5619900000 2452500.32000 0.5
V770  Aql 13.600 - 14.60 EA                    ALL                 
20  3  9.2 +09 50 14.1 2000   0.2  0    1.5929138000 2452501.50270 0.5
V784  Aql 13.300 - 14.40 EW                    ALL                 
20  7  7.2 +13 29 59.0 2000   0.0  0    0.5876913000 2452500.54430 0.5
V787  Aql 13.200 - 14.40 EA                    PRI                 
20  8 20.8 +00  4 24.8 2000   0.1  0    0.7023268000 2452500.54000 0.5
V795  Aql 13.400 - 16.40 EA                    ALL                 
18 47  6.9 +11 40 11.5 2000   1.2  0   12.0982000000 2452500.90000 0.5
V799  Aql 12.100 - 13.10 EA                    PRI                 
18 55 48.8 -03 40 24.1 2000   0.2  0    2.1006200000 2452500.30000 0.5
V802  Aql 12.500 - 13.30 EW                    ALL                 
18 58 54.8 -03  1 11.5 2000   0.0  0    0.2676064000 2452500.20300 0.5
V803  Aql 13.040 - 13.85 EW                    ALL                 
19  0 44.2 -07 28 54.5 2000   0.0  0    0.2634227000 2452500.18960 0.5
V804  Aql 11.290 - 11.89 EW                    ALL                 
19  5 41.4 -06 13  3.8 2000   0.0  0    0.6553924000 2452500.15700 0.5
V805  Aql  7.600 -  8.25 EA         A2+A7      ALL                 
19  6 18.2 -11 38 57.3 2000   0.2  0    2.4082366000 2452501.47130 0.5
V808  Aql 12.100 - 12.80 EA                    PRI                 
19  7 26.3 -09 33 48.5 2000   0.1  0    1.5738694000 2452501.22200 0.5
V822  Aql  6.960 -  7.61 EA         B2.5V      ALL                 
19 31 15.8 -02  6 36.8 2000   0.0  0    5.2950300000 2452500.24000 0.5
V843  Aql  9.800 - 10.30 EA         B9         pri                 
19  5 26.4 -06 47 52.2 2000   0.0  0    9.0242300000 2452505.92000 0.5
V866  Aql 14.600 - 16.00 EA                    PRI                 
18 49 25.0 -01  6 19.8 2000   0.2  0    1.1966780000 2452501.17000 0.5
V869  Aql 14.700 - 15.90 EA                    PRI                 
19 19 41.8 -01 26  8.6 2000   0.2  0    1.0987168000 2452500.59000 0.5
V871  Aql 12.500 - 13.60 EA                    PRI                 
18 42 39.4 -03  9 27.6 2000   0.3  0    2.9526494000 2452500.01200 0.5
V871  Aql 12.500 - 13.60 EA                    SEC                 
18 42 39.4 -03  9 27.6 2000   0.3  0    2.9526860000 2452501.34020 0.5
V872  Aql 15.100 - 16.40 EA                    PRI                 
18 42 58.7 -02 13 52.5 2000   0.1  0    0.5388989300 2452500.19040 0.5
V873  Aql 12.800 - 13.70 EW                    ALL                 
18 45  0.6 +00 34  3.7 2000   0.0  0    0.3575735000 2452500.41800 0.5
V879  Aql 13.500 - 14.29 EW                    PRI                 
18 49 58.6 +10 58 52.9 2000   0.0  0    0.2710070200 2452500.22420 0.5
V887  Aql 13.500 - 14.10 EA                    ALL                 
19  0 19.0 +13 44 39.2 2000   0.4  0    2.7160288000 2452502.64870 0.5
V888  Aql 14.400 - 15.30 EA                    ALL                 
19  1 37.5 +11 38  0.4 2000   0.1  0    5.7428940000 2452500.15000 0.5
V889  Aql  8.520 -  9.10 EA         B9         PRI                 
19 18 49.8 +16 15  0.3 2000   0.3  0   11.1206530000 2452510.31000 0.5
V889  Aql  8.520 -  9.10 EA         B9         SEC                 
19 18 49.8 +16 15  0.3 2000   0.3  0   11.1206260000 2452514.25300 0.5
V897  Aql 16.100 - 16.90 EA                    PRI                 
19 57 40.6 -02 28 36.9 2000   0.0  0    3.0944100000 2452502.91000 0.5
V914  Aql 15.000 - 16.50 EA                    ALL                 
19  2 51.9 -03 10  9.4 2000   0.3  0    3.3372100000 2452502.40000 0.5
V917  Aql 12.090 - 13.70 EA                    PRI                 
19 10 52.2 +12  8 59.5 2000   0.0  0    1.8324250000 2452501.16800 0.5
V919  Aql 12.700 - 13.60 EB                    ALL                 
19 22 55.7 -01  2 31.3 2000   0.0  0    0.7952084000 2452500.58300 0.5
V933  Aql 15.300 - 17.10 EA                    PRI                 
18 59 56.4 -11 19 58.5 2000   0.5  0    6.0499600000 2452503.10000 0.5
V936  Aql 14.000 - 15.00 EB                    PRI                 
19  0 17.5 -05 37 49.0 2000   0.0  0    0.4818201000 2452500.04200 0.5
V956  Aql 13.000 - 13.60 EW                    ALL                 
19  4 27.1 -10 46 51.4 2000   0.0  0    0.3961722000 2452500.08900 0.5
V962  Aql 11.770 - 14.00 EA                    PRI                 
19  6 44.0 +13 21 40.5 2000   0.0  0    1.1650214000 2452500.38500 0.5
V964  Aql 13.600 - 14.40 EA                    ALL                 
19 10 56.6 -05 31 45.6 2000   0.2  0    1.2625603000 2452500.84600 0.5
V970  Aql 13.900 - 15.40 EA                    PRI                 
19 23 18.8 +07 23  8.8 2000   0.2  0    1.2689922000 2452500.11000 0.5
V981  Aql 14.100 - 15.30 EB                    ALL                 
19 32 58.5 +04 49 30.9 2000   0.0  0    1.0581515000 2452501.06000 0.5
V997  Aql 12.600 - 13.20 EA                    ALL                 
19 37 23.3 +05 35 54.8 2000   0.3  0    3.5896869000 2452501.37000 0.5
V1010 Aql 14.400 - 15.00 EA                    PRI                 
19 41 22.7 +09 36 37.8 2000   0.2  0    0.7195938000 2452500.17000 0.5
V1013 Aql 14.500 - 16.00 EA                    pri                 
19 41 43.4 +14 30 38.4 2000   0.8  0   11.2659000000 2452504.90000 0.5
V1024 Aql 14.400 - 15.00 EA                    pri                 
19 43 54.9 +15 23 23.4 2000   0.3  0    1.7903290000 2452501.84000 0.5
V1033 Aql 15.000 - 17.50 EA                    pri                 
19 46 44.8 +14 21 57.1 2000   0.4  0    3.5996500000 2452502.62000 0.5
V1045 Aql 12.600 - 13.40 EA                    ALL                 
19 51  5.4 +15 19 19.0 2000   0.2  0    2.1937489000 2452500.47770 0.5
V1046 Aql 13.400 - 14.50 EA                    PRI                 
19 51 20.3 +15 19  8.3 2000   0.3  0    5.2831400000 2452501.79000 0.5
V1075 Aql 13.500 - 14.50 EA                    ALL                 
20  0 17.3 +15 34 10.5 2000   0.2  0    0.8809769000 2452500.24230 0.5
V1096 Aql 12.600 - 13.30 EB                    ALL                 
20  8 45.3 +14 54 33.6 2000   0.0  0    1.1114160000 2452500.71200 0.5
V1097 Aql 13.900 - 15.00 EA                    ALL                 
20  8 49.8 +15 59 28.1 2000   0.2  0    1.2252340000 2452500.49100 0.5
V1112 Aql 12.900 - 13.80 EA                    ALL                 
19  7 39.2 -00 23  6.4 2000   0.1  0    6.9903800000 2452502.34000 0.5
V1135 Aql 15.500 - 16.60 EA                    PRI                 
19 31  4.2 -00 18 45.7 2000   0.2  0    3.1454175000 2452501.70320 0.5
V1138 Aql 15.700 - 17.00 EA                    PRI                 
19 33 46.9 +02 57 44.8 2000   0.9  0    8.9065500000 2452502.47000 0.5
V1154 Aql 14.600 - 15.80 EA                    PRI                 
19 44 43.0 +04 36 12.4 2000   0.3  0    1.8349870000 2452500.07000 0.5
V1164 Aql 14.500 - 16.00 EA                    PRI                 
19 54 39.2 -01 43 27.3 2000   0.0  0    3.2141300000 2452501.57000 0.5
V1168 Aql 12.400 - 14.10 EA                    ALL                 
19 58 42.1 +11 48 41.0 2000   0.2  0    1.2725682000 2452501.19500 0.5
V1182 Aql  8.550 -  8.74 EB         O8Vnn      ALL                 
18 55 23.1 +09 20 48.1 2000   0.0  0    1.6218906000 2452500.32200 0.5
V1184 Aql 13.100 - 13.80 EW                    ALL                 
18 59 14.3 +10 22 30.3 2000   0.0  0    0.5656072800 2452500.37770 0.5
V1197 Aql 12.600 - 13.80 EA                    ALL                 
19 14 47.3 +01 11 12.2 2000   0.1  0    0.9377313000 2452500.88800 0.5
V1243 Aql 13.000 - 14.40 EA                    ALL                 
19 29 29.6 +05 37 13.2 2000   0.1  0    1.4060979000 2452500.05900 0.5
V1297 Aql 14.400 - 16.50 EA                    PRI                 
19 11 45.6 +01 13 32.6 2000   0.3  0    1.9144980000 2452501.61000 0.5
V1299 Aql 12.400 - 13.70 EA                    ALL                 
20  5  3.4 +14 58 18.7 2000   0.2  0    1.7917390000 2452500.01640 0.5
V1315 Aql 14.300 - 16.25 EA+NL      pec e      PRI                 
19 13 54.5 +12 18  3.2 2000   0.0  0    0.1396900200 2452500.11690 0.5
V1331 Aql  7.720 -  8.04 EB         B1V        ALL                 
18 44 12.8 -01 33 15.6 2000   0.0  0    1.3641935000 2452500.46760 0.5
V1340 Aql 14.300 - 15.70 EA                    PRI                 
18 44 16.0 -03 30 15.3 2000   0.3  0    1.5969500000 2452501.20000 0.5
V1341 Aql 12.800 - 13.50 EW                    ALL                 
18 55 49.7 -00  1 38.0 2000   0.0  0    0.3040133700 2452500.17280 0.5
V1345 Aql 13.900 - 15.60 EA                    PRI                 
19 12 39.2 +05 20 36.9 2000   0.4  0    3.0283130000 2452502.37000 0.5
V1353 Aql 10.500 - 11.10 EB         A          ALL                 
19 24 20.6 +16  2 43.3 2000   0.0  0    1.4148021000 2452500.25400 0.5
V1355 Aql 11.900 - 12.80 EB                    ALL                 
19 33 52.3 +15 56 27.9 2000   0.0  0    0.5157884000 2452500.40640 0.5
V1426 Aql  9.150 -  9.60 EA         G0         ALL                 
19 12 12.0 +04 23 41.6 2000   0.1  0    1.1751588000 2452501.10800 0.5
V1430 Aql 10.500 - 12.20 EA/RS      G5V+K0III- ALL                 
19 21 48.5 +04 32 56.9 2000   0.1  0    0.8737209000 2452500.40840 0.5
V1461 Aql  8.800 -  9.24 EA         A0         ALL                 
19 43 34.1 -09  4  2.0 2000   0.2  0    1.7630560000 2452501.72200 0.5
V1470 Aql  7.840 -  7.96 EB         B9         ALL                 
20  4  9.3 +11 47 40.2 2000   0.0  0    0.8349845000 2452500.54700 0.5
V1490 Aql 10.900 - 11.50 EA                    PRI                 
19 53 40.2 +09 23 51.2 2000   0.2  0    1.6159010000 2452500.93400 0.5
V1542 Aql 11.400 - 11.85 EW                    ALL                 
19 46 25.1 +08 45 12.6 2000   0.0  0    0.4175385000 2452500.02600 0.5
V1646 Aql 11.900 - 12.70 EA                    PRI                 
19 34 21.5 +03 54 43.4 2000   0.6  0    9.2784182000 2452508.68080 0.5
V1646 Aql 11.900 - 12.70 EA                    SEC                 
19 34 21.5 +03 54 43.4 2000   0.6  0    9.2783460000 2452513.37980 0.5
V1647 Aql 13.380 - 13.76 EW                    ALL                 
19 40  8.3 -10 22 26.4 2000   0.0  0    0.4635859900 2452500.29090 0.5
V1665 Aql  8.090 -  8.40 EA         B9V        PRI                 
18 56  9.9 +07 56  8.2 2000   0.3  0    3.8818126000 2452500.32740 0.5
V1665 Aql  8.090 -  8.40 EA         B9V        SEC                 
18 56  9.9 +07 56  8.2 2000   0.3  0    3.8816933000 2452501.92200 0.5
V1687 Aql 11.420 - 11.85 EW                    ALL                 
19 14 39.7 +03 50 39.9 2000   0.0  0    0.5878049000 2452500.41400 0.5
V1692 Aql 12.150 - 12.42 EW                    ALL                 
19 26 28.2 +07 11 49.3 2000   0.0  0    0.6092503600 2452500.41940 0.5
V1695 Aql 10.850 - 11.29 EW                    ALL                 
19 38 22.3 -03 32 37.2 2000   0.0  0    0.4127784000 2452500.35600 0.5
V1700 Aql  8.270 -  8.64 EA         B9         ALL                 
20  0 55.4 +07 24 41.5 2000   0.3  0    3.4008054000 2452503.81210 0.5
V1713 Aql 10.610 - 11.15 EW         dK2        PRI                 
19 37 44.0 +01 49 35.8 2000   0.0  0    0.5317274000 2452500.29000 0.5
V1714 Aql 11.760 - 12.45 EA                    ALL                 
19 39 39.5 +09 34 10.1 2000   0.1  0    0.9629901600 2452500.68530 0.5
V1747 Aql 10.340 - 11.00 EA         A0         PRI                 
19  7 23.4 +08 43 32.4 2000   0.2  0    1.2742753000 2452501.26390 0.5
V1799 Aql 11.460 - 12.20 EW                    ALL                 
19 13 50.5 +11  9 43.8 2000   0.0  0    0.3348420200 2452500.16720 0.5
V1808 Aql  9.140 -  9.49 EW         F5         ALL                 
19 23 49.1 +08 18 25.6 2000   0.0  0    0.4238005000 2452500.33600 0.5
V1817 Aql  9.640 - 10.00 EA                    PRI                 
20  1 11.9 +07 58 53.5 2000   0.1  0    0.7815629600 2452500.28380 0.5
V1825 Aql  8.780 -  9.34 EA         F8         ALL                 
20 13  9.8 +10 20 39.1 2000   0.2  0    1.7055155000 2452501.02100 0.5
V1828 Aql 13.130 - 13.93 EA                    ALL                 
20 20  0.5 +04 37 56.5 2000   0.0  0    0.1103741300 2452500.05370 0.5
R     Ara  6.170 -  7.32 EA         B9Vp       PRI                 
16 39 44.7 -56 59 39.9 2000   0.6  0    4.4252477000 2452501.72180 0.5
RW    Ara  8.850 - 11.45 EA         A1IV       PRI                 
17 34 49.2 -57  8 50.5 2000   0.6  0    4.3673133000 2452500.64990 0.5
VV    Ara 13.200 - 13.80 EA                    ALL                 
16 37 16.2 -53 10 51.1 2000   0.2  0    1.0093828000 2452500.79800 0.5
AA    Ara 13.000 - 14.90 EA                    ALL                 
16 40 28.6 -56 32 23.1 2000   1.7  0    8.5207645000 2452501.10330 0.5
AF    Ara 13.600 - 14.70 EA                    PRI                 
16 37 16.8 -55 43 56.5 2000   0.2  0    0.8446900000 2452500.60000 0.5
CY    Ara 12.300 - 13.60 EA                    PRI                 
17 14 47.7 -55 45 18.1 2000   0.0  0    3.0149094000 2452501.68370 0.5
CY    Ara 12.300 - 13.60 EA                    SEC                 
17 14 47.7 -55 45 18.1 2000   0.0  0    3.0148664000 2452503.24390 0.5
FU    Ara 10.300 - 10.85 EB                    ALL                 
17 33 32.3 -58  9 49.6 2000   0.0  0    0.8645076000 2452500.28800 0.5
LP    Ara 10.000 - 11.00 EB         B8         ALL                 
16 40  1.8 -46 39 34.9 2000   0.0  0    8.5329400000 2452503.44000 0.5
LR    Ara 10.430 - 11.01 EA         B2         ALL                 
16 53 37.2 -61 35 11.3 2000   0.3  0    1.5195107000 2452500.95450 0.5
LU    Ara 10.300 - 11.60 EA                    PRI                 
17 23 47.0 -55  3 43.8 2000   0.3  0    2.3801283000 2452500.47730 0.5
V339  Ara 10.200 - 10.80 EA                    PRI                 
17 49 57.0 -49 29 18.7 2000   0.3  0    2.4388550000 2452501.60200 0.5
V349  Ara  8.580 -  9.08 EA         A5V        ALL                 
16 39 22.6 -60 57 42.1 2000   0.4  0    2.6517520000 2452501.09000 0.5
V535  Ara  7.170 -  7.75 EW         A8V        ALL                 
17 38  5.6 -56 49 17.3 2000   0.0  0    0.6293021700 2452500.09900 0.5
V536  Ara 11.700 - 13.00 EA                    PRI                 
17 40 14.4 -53 50 32.4 2000   0.3  0    2.3740800000 2452500.97700 0.5
V537  Ara  8.640 -  8.94 EA         B7IV       ALL                 
17 48  0.1 -54 42 12.3 2000   0.0  0    1.8743500000 2452500.88500 0.5
V539  Ara  5.710 -  6.24 EA+LPB     B2V+B3V    PRI                 
17 50 28.4 -53 36 44.6 2000   0.3  0    3.1690819000 2452500.96220 0.5
V539  Ara  5.710 -  6.24 EA+LPB     B2V+B3V    SEC                 
17 50 28.4 -53 36 44.6 2000   0.3  0    3.1690730000 2452502.45100 0.5
V610  Ara  8.860 -  9.31 EW         F0V        ALL                 
16 52 11.3 -57 15 41.9 2000   0.0  0    0.5431606000 2452500.39800 0.5
V616  Ara  8.150 -  8.51 EB         B3III      ALL                 
17  7  2.6 -47  0 11.4 2000   0.0  0    4.9952160000 2452503.63000 0.5
V620  Ara  9.900 - 11.30 EA         B9III      PRI                 
17 47 13.1 -56  5 57.6 2000   0.3  0    3.1099300000 2452502.16000 0.5
V651  Ara 14.600 - 15.40 EW                    ALL                 
16 43 55.5 -56 52  1.9 2000   0.0  0    0.2770608400 2452500.31900 0.5
V653  Ara 12.500 - 13.20 EW                    ALL                 
16 45  4.3 -54 58 55.0 2000   0.0  0    0.3007449500 2452500.03500 0.5
V659  Ara 13.900 - 14.50 EW                    ALL                 
16 46 31.4 -61 26  3.9 2000   0.0  0    0.2918802000 2452500.09200 0.5
V722  Ara  9.960 - 10.51 EA                    PRI                 
17  2 59.6 -57  6 42.3 2000   0.2  0    0.9889178000 2452500.58700 0.5
V870  Ara  9.000 -  9.40 EW         F8         ALL                 
18  8 22.7 -56 46  1.8 2000   0.0  0    0.3998254000 2452500.04300 0.5
V881  Ara 10.140 - 10.63 EA         F8         ALL                 
17 41 55.0 -45 34 15.5 2000   0.0  0    2.4188919000 2452501.09560 0.5
V883  Ara  8.550 -  9.00 EA         ApSi       PRI                 
16 51 45.1 -50 17 46.5 2000   1.2  0   61.8747930000 2452501.93980 0.5
V883  Ara  8.550 -  9.00 EA         ApSi       SEC                 
16 51 45.1 -50 17 46.5 2000   1.2  0   61.8715080000 2452591.30610 0.5
RS    Ari 10.700 - 12.10 EA         F8IV-V+G5I PRI                 
 2 46 14.1 +27 52 39.0 2000   0.9  0    8.8031720000 2452507.44900 0.5
RX    Ari  9.400 - 10.10 EA         F2V        PRI                 
 2 15 20.8 +22 34 11.1 2000   0.2  0    1.0296200000 2452500.42200 0.5
SS    Ari 10.100 - 10.63 EW         F8         ALL                 
 2  4 18.4 +24  0  2.3 2000   0.0  0    0.4059755000 2452500.34600 0.5
SZ    Ari 11.000 - 11.80 EA         F0         PRI                 
 3 26 23.9 +19 40 10.2 2000   0.2  0    1.7175350000 2452500.12100 0.5
TX    Ari 11.400 - 12.60 EA                    PRI                 
 3  5 51.8 +28 34  4.0 2000   0.3  0    2.6913420000 2452502.19000 0.5
WX    Ari 15.300 - 15.80 E+NL       pec e      pri                 
 2 47 36.2 +10 35 38.9 2000   0.0  0    0.1393512000 2452500.13900 0.5
XZ    Ari 13.840 - 14.06 EW                    ALL                 
 2 32 24.1 +28  3  4.7 2000   0.0  0    0.2654630600 2452500.20090 0.5
AF    Ari  6.710 -  6.99 EA         G2IV       PRI                 
 2 22  6.6 +22 52 24.9 2000   0.0  0  153.1380000000 2452522.41500 0.5
AF    Ari  6.710 -  6.99 EA         G2IV       SEC                 
 2 22  6.6 +22 52 24.9 2000   0.0  0  152.5800000000 2452616.19050 0.5
AG    Ari  8.140 -  8.42 EA         B9         PRI                 
 2 26 27.0 +12 53 55.8 2000   0.0  0    1.9631390000 2452500.13200 0.5
AG    Ari  8.140 -  8.42 EA         B9         SEC                 
 2 26 27.0 +12 53 55.8 2000   0.0  0    1.9631217000 2452501.08300 0.5
AL    Ari  9.230 -  9.77 EA         F8         PRI                 
 2 42 36.3 +12 44  7.8 2000   0.2  0    3.7474550000 2452503.11400 0.5
AL    Ari  9.230 -  9.77 EA         F8         SEC                 
 2 42 36.3 +12 44  7.8 2000   0.2  0    3.7474544000 2452505.03010 0.5
AW    Ari 13.660 - 14.33 EW                    PRI                 
 1 48 43.6 +13  4 11.6 2000   0.0  0    0.3817653200 2452500.25500 0.5
BM    Ari 10.770 - 11.40 EW                    ALL                 
 2  6 38.3 +14 15 27.7 2000   0.0  0    0.4849670000 2452500.04700 0.5
BN    Ari 10.380 - 11.02 EW                    ALL                 
 2  9  7.8 +26 29  6.9 2000   0.0  0    0.2993702000 2452500.17500 0.5
BO    Ari  9.770 - 10.19 EW                    ALL                 
 2 12  8.8 +27  8 18.2 2000   0.0  0    0.3181935300 2452500.28790 0.5
BQ    Ari 10.280 - 10.55 EW                    ALL                 
 2 48 40.7 +13 44 48.0 2000   0.0  0    0.2823361000 2452500.07900 0.5
CL    Ari  9.750 - 10.31 EB         F2         ALL                 
 3 29  6.6 +27 24 49.0 2000   0.0  0    0.9935938900 2452500.13720 0.5
T     Aur  4.100 - 15.50 NB+EA      pec Nova   PRI                 
 5 31 59.1 +30 26 45.5 2000   0.0  0    0.2043782600 2452500.10640 0.5
RY    Aur 11.700 - 14.00 EA         B9         PRI                 
 5 18 25.1 +38 20 19.2 2000   0.4  0    2.7253890000 2452502.50200 0.5
RZ    Aur 11.900 - 14.00 EA         A          PRI                 
 5 49 22.4 +31 42  8.7 2000   0.4  0    3.0105576000 2452502.94690 0.5
SX    Aur  8.380 -  9.14 EB         B3V+B5V    PRI                 
 5 11 42.9 +42  9 55.3 2000   0.0  0    1.2100830000 2452500.32060 0.5
TT    Aur  8.400 -  9.51 EA         B2Vn       ALL                 
 5  9 42.3 +39 35 10.8 2000   0.3  0    1.3327319000 2452500.22800 0.5
WW    Aur  5.860 -  6.54 EA         A4m+A5m    ALL                 
 6 32 27.2 +32 27 17.6 2000   0.3  0    2.5250194300 2452501.81440 0.5
XX    Aur 13.100 - 14.60 EB                    PRI                 
 5 47  9.9 +41  9 51.9 2000   0.0  0    5.4123200000 2452503.51000 0.5
ZZ    Aur 10.750 - 11.69 EB         A7         ALL                 
 5 45 42.2 +41  8 59.2 2000   0.0  0    0.6012182000 2452500.26800 0.5
AH    Aur 10.180 -  0.50 EW         F7V        ALL                 
 6 26  4.9 +27 59 56.4 2000   0.0  0    0.4940972000 2452500.44000 0.5
AK    Aur 10.550 -  0.50 EA         A1         ALL                 
 6 39 18.0 +31 36 44.3 2000   0.6  0    4.7630324000 2452501.67430 0.5
AM    Aur 10.080 - 11.22 EA         A8         pri                 
 4 56 37.0 +32 12 10.9 2000   1.9  0   13.6189200000 2452506.97000 0.5
AP    Aur 11.000 -  0.54 EB         A2         PRI                 
 7 23 50.3 +36 26 52.7 2000   0.0  0    0.5693761000 2452500.04400 0.5
AR    Aur  6.150 -  6.82 EA         B9p+B9 Hg- PRI                 
 5 18 18.9 +33 46  2.5 2000   0.3  0    4.1346629000 2452501.40730 0.5
BC    Aur 11.600 - 13.20 EA                    ALL                 
 5 46 16.5 +32 50 50.0 2000   0.6  0    5.7596540000 2452505.66000 0.5
BE    Aur 13.500 - 14.70 EA                    PRI                 
 4 59 40.0 +29 58 26.7 2000   0.2  0    2.1044530000 2452500.62000 0.5
BF    Aur  8.700 -  9.48 EB         B5V+B5V    ALL                 
 5  5  3.5 +41 17 19.1 2000   0.0  0    1.5832250000 2452500.95080 0.5
CG    Aur 11.730 - 12.26 EA         A7         PRI                 
 5  3 42.6 +29 11 31.9 2000   0.2  0    1.8048544000 2452501.69870 0.5
CG    Aur 11.730 - 12.26 EA         A7         SEC                 
 5  3 42.6 +29 11 31.9 2000   0.2  0    1.8048629000 2452502.64100 0.5
CI    Aur 12.400 - 13.60 EA                    PRI                 
 5  9 22.9 +29 27 16.4 2000   0.2  0    1.8700310000 2452501.04500 0.5
CL    Aur 11.700 - 13.01 EA         A0         PRI                 
 5 12 54.2 +33 30 27.9 2000   0.2  0    1.2443766000 2452500.17900 0.5
CP    Aur 13.200 - 14.70 EA                    ALL                 
 6  0 51.6 +39 44 38.7 2000   0.2  0    2.7646174000 2452502.27200 0.5
CQ    Aur  9.040 -  9.37 EA/RS      G8IV+F5V   ALL                 
 6  3 53.7 +31 19 41.2 2000   1.5  0   10.6226000000 2452503.20000 0.5
DN    Aur 13.300 - 13.72 RRC                   ALL                 
 5  7 60.0 +33 23 51.9 2000   0.1  0    0.6168816000 2452500.46500 0.5
DO    Aur 14.100 - 14.60 EA                    ALL                 
 5  9 13.3 +36 35 38.8 2000   0.1  0    0.7886553000 2452500.74800 0.5
EI    Aur 14.500 - 15.00 EA                    ALL                 
 5  3 14.8 +32 45  9.8 2000   0.2  0    1.2266952000 2452500.10200 0.5
EM    Aur 11.050 - 11.60 EB         A3         ALL                 
 5 13 24.5 +37  5 59.2 2000   0.0  0    1.8219578000 2452500.76990 0.5
EO    Aur  7.560 -  8.13 EA         B3V+B3V    PRI                 
 5 18 21.1 +36 37 55.3 2000   0.5  0    4.0656493000 2452500.25400 0.5
EP    Aur 11.160 -  0.66 EB         F8         ALL                 
 6 11 32.1 +31 28 52.5 2000   0.0  0    0.5910104000 2452500.48900 0.5
EQ    Aur 12.720 - 14.20 EA                    PRI                 
 6 50 27.3 +35 21 46.2 2000   0.5  0    3.4293878000 2452502.41730 0.5
EU    Aur 12.700 - 13.60 EA                    PRI                 
 4 40 35.8 +35 25 10.2 2000   0.4  0    3.5211060000 2452501.22000 0.5
FG    Aur 11.650 - 12.55 EA         F7III      PRI                 
 4 55 46.0 +37 21  5.9 2000   1.8  0   13.6456000000 2452506.00000 0.5
FN    Aur 11.900 - 13.10 EA                    ALL                 
 5 39 46.0 +32 34  4.7 2000   0.7  0    8.3431320000 2452504.54200 0.5
FO    Aur 13.700 - 14.80 EA                    ALL                 
 5 43  4.0 +32 12 15.0 2000   0.1  0    0.6097589000 2452500.35300 0.5
FP    Aur 11.700 - 12.00 EA         A5         PRI                 
 5 43 38.8 +30 53 31.5 2000   0.2  0    0.9472342000 2452500.27430 0.5
FR    Aur 12.700 - 14.20 EA                    ALL                 
 5 47  0.8 +32 25 30.8 2000   0.4  0    2.6067796000 2452502.55010 0.5
FW    Aur 12.300 - 14.30 EA                    PRI                 
 5 52 10.3 +30 12 44.3 2000   0.4  0    2.5599719000 2452500.40030 0.5
FZ    Aur 13.200 - 14.50 EA                    PRI                 
 6  6 43.6 +31 55 19.7 2000   0.3  0    3.5661935000 2452502.88660 0.5
GI    Aur 11.450 - 11.90 EA         F0         PRI                 
 6 11 36.4 +29 26 42.0 2000   0.0  0    1.2078601000 2452500.77590 0.5
GK    Aur 13.500 - 15.50 EA                    PRI                 
 4 51  6.8 +46 51 10.1 2000   2.0  0   19.8578000000 2452507.80000 0.5
GL    Aur 13.500 - 15.00 E                     ALL                 
 4 52 51.4 +46 40 47.8 2000   0.0  0    4.2681900000 2452503.72000 0.5
GX    Aur 11.500 - 12.20 EB         A          ALL                 
 6 24 56.4 +38 39 56.1 2000   0.0  0    1.1432790000 2452500.89400 0.5
GY    Aur 12.700 - 13.30 EA                    PRI                 
 4 56 48.6 +30 35 36.4 2000   0.5  0    4.1174168000 2452502.35470 0.5
HL    Aur 10.800 - 11.69 EB         F4         ALL                 
 6 19 13.0 +49 42  6.9 2000   0.0  0    0.6225053000 2452500.58800 0.5
HP    Aur 11.160 - 11.79 EA         G0         ALL                 
 5 10 21.8 +35 47 46.7 2000   0.1  0    1.4228197000 2452501.23910 0.5
HS    Aur 10.160 - 10.90 EA         G8V+G8V    PRI                 
 6 51 18.5 +47 40 24.2 2000   0.3  0    9.8153760000 2452505.26890 0.5
HS    Aur 10.160 - 10.90 EA         G8V+G8V    SEC                 
 6 51 18.5 +47 40 24.2 2000   0.3  0    9.8153827000 2452510.19660 0.5
HU    Aur 11.100 - 11.80 EA                    ALL                 
 4 39  4.4 +34 39 24.2 2000   0.2  0    1.4080065000 2452500.68170 0.5
HW    Aur 12.600 - 13.30 EB                    ALL                 
 5  1 25.2 +39 48 11.8 2000   0.0  0    1.1774212000 2452501.12230 0.5
II    Aur 14.700 - 16.20 EB                    PRI                 
 5  6 41.7 +34 40 54.8 2000   0.0  0    0.9189041300 2452500.14850 0.5
IM    Aur  7.960 -  8.55 EA         B6V        ALL                 
 5 15 29.7 +46 24 21.4 2000   0.2  0    1.2472860000 2452500.72930 0.5
IU    Aur  8.190 -  8.89 EB         B0p+B1Vp   ALL                 
 5 27 52.4 +34 46 58.3 2000   0.0  0    1.8114770000 2452501.82400 0.5
IY    Aur  9.270 -  9.86 EB         B5 p       ALL                 
 5 48 27.2 +43  4 57.5 2000   0.0  0    2.7933774000 2452502.09560 0.5
IZ    Aur 13.000 - 14.60 EA                    ALL                 
 5 53 36.5 +52 25 56.6 2000   0.2  0    0.7711671000 2452500.42760 0.5
KO    Aur  9.900 - 10.52 EA                    ALL                 
 6  6 15.2 +48 22 12.9 2000   0.2  0    3.9537960000 2452501.75760 0.5
KU    Aur 11.700 - 12.80 EA         F5         ALL                 
 6 28  4.4 +30 23 34.0 2000   0.1  0    1.3195835000 2452500.07600 0.5
LT    Aur 13.700 - 15.40 EA                    PRI                 
 6 13 14.0 +43 14 54.8 2000   0.2  0    2.0990300000 2452501.41000 0.5
LU    Aur 14.300 - 15.70 EA                    PRI                 
 6 13 25.0 +42  3 41.1 2000   0.1  0    1.1573848000 2452500.41800 0.5
LV    Aur 13.400 - 16.20 EA                    PRI                 
 6 18  8.4 +48  1 20.4 2000   0.2  0    3.4742370000 2452503.16000 0.5
LY    Aur  6.660 -  7.35 EB         O9.5+O9.5I ALL                 
 5 29 42.7 +35 22 30.1 2000   0.0  0    4.0024930000 2452501.83400 0.5
MM    Aur 15.600 - 16.50 EA                    PRI                 
 5 39 19.9 +28 59 30.0 2000   0.1  0    0.7746267000 2452500.54200 0.5
MN    Aur 10.800 - 11.82 EA/RS                 PRI                 
 5 40 57.6 +46  8 15.6 2000   0.5  0    5.5809160000 2452502.48500 0.5
MO    Aur 12.400 - 13.40 EA                    ALL                 
 5 45 20.6 +31 54 31.7 2000   0.5  0    5.2666980000 2452501.53990 0.5
MP    Aur 14.800 - 16.20 EA                    pri                 
 5 46 46.2 +31 42 40.5 2000   0.4  0    2.0606720000 2452500.40000 0.5
MR    Aur 15.100 - 15.50 EW                    ALL                 
 5 51 33.7 +31  6 52.0 2000   0.0  0    0.6903016600 2452500.07160 0.5
MT    Aur 14.800 - 16.20 EA                    PRI                 
 5 57 26.9 +30 42  5.6 2000   0.2  0    1.1912657000 2452500.67400 0.5
MU    Aur 13.200 - 13.60 EA                    PRI                 
 5 57 45.4 +29 35  8.1 2000   0.4  0    2.2022851000 2452501.25740 0.5
NN    Aur 11.970 - 12.50 EA                    PRI                 
 5 35 13.8 +31 48 39.9 2000   0.0  0    2.1760757000 2452501.34390 0.5
QT    Aur 13.300 - 15.00 EA                    PRI                 
 6 16 27.6 +39 53 24.0 2000   0.2  0    1.0895032000 2452500.43300 0.5
V355  Aur 11.140 - 11.76 EA                    ALL                 
 5 39 41.3 +42  7 14.3 2000   0.0  0   17.6441000000 2452512.74000 0.5
V363  Aur 14.230 - 15.00 E+NL       pec e      PRI                 
 5 33 33.5 +36 59 32.8 2000   0.0  0    0.3212407300 2452500.01770 0.5
V364  Aur 12.200 - 12.80 EA                    PRI                 
 5 30 27.5 +46 20 14.7 2000   0.1  0    0.6990249000 2452500.60540 0.5
V379  Aur 13.600 - 14.50 EA                    PRI                 
 6 21 30.2 +41 51  1.1 2000   0.2  0    1.3510200000 2452500.35990 0.5
V402  Aur  8.840 -  8.98 EW         F2         ALL                 
 5  2 14.7 +31 15 49.3 2000   0.0  0    0.6034993000 2452500.56300 0.5
V404  Aur 12.200 -  0.59 EB                    PRI                 
 5 57 13.5 +43 28 17.3 2000   0.0  0    0.7543183000 2452501.03100 0.5
V410  Aur 10.100 - 10.45 EW         G0         ALL                 
 5  1 10.8 +34 30 26.6 2000   0.0  0    0.3663513000 2452500.49800 0.5
V417  Aur  7.920 -  8.15 EA         A0         ALL                 
 5 13 31.8 +35 39 11.0 2000   0.2  0    1.8655186000 2452500.20590 0.5
V424  Aur  8.310 -  8.48 EB         B9         ALL                 
 5 24  0.8 +32 37 32.0 2000   0.0  0    1.8368410000 2452501.65500 0.5
V425  Aur  7.620 -  7.90 EB         B5         PRI                 
 5 24 30.5 +41 49 37.5 2000   0.0  0    1.5685732000 2452500.74560 0.5
V426  Aur 10.550 - 10.76 EB         B3V        ALL                 
 5 28 12.3 +35 25 52.0 2000   0.0  0    1.4191004000 2452501.25210 0.5
V432  Aur  7.980 -  8.40 EA         G0         PRI                 
 5 37 32.5 +37  5 12.3 2000   0.3  0    3.0817500000 2452502.10060 0.5
V437  Aur  8.420 -  9.00 EA         B9         SEC                 
 5 49  3.1 +54  1 57.0 2000   0.0  0   11.7938000000 2452511.08000 0.5
V437  Aur  8.420 -  9.00 EA         B9         PRI                 
 5 49  3.1 +54  1 57.0 2000   0.0  0   11.7938200000 2452506.41900 0.5
V449  Aur  7.460 -  7.58 EB         A0         ALL                 
 6  8 19.0 +45 33 15.7 2000   0.0  0    0.7036626000 2452500.59000 0.5
V459  Aur  7.680 -  8.12 EB         B8         ALL                 
 6 35 37.7 +32 34 36.5 2000   0.0  0    1.0626373000 2452500.59480 0.5
V462  Aur  8.130 -  8.30 EB         A0         ALL                 
 6 56 36.7 +46 32 19.0 2000   0.0  0    1.7568285000 2452501.00350 0.5
V468  Aur 12.400 - 12.70 EB                    sec                 
 4 56 11.6 +44 46 38.5 2000   0.0  0    0.9127895100 2452501.31140 0.5
V495  Aur 12.720 - 13.28 EA                    PRI                 
 6 47 33.7 +47 10 14.9 2000   0.2  0    1.0463830000 2452500.65900 0.5
V523  Aur 13.400 - 14.30 EW                    ALL                 
 7 24  3.5 +41 26  1.9 2000   0.0  0    0.3304378000 2452500.05200 0.5
V534  Aur 10.400 - 10.75 EA                    ALL                 
 6 26 23.9 +27 56 44.2 2000   0.3  0    4.2836790000 2452504.07800 0.5
V535  Aur 12.700 - 13.17 EW                    ALL                 
 6 32 46.2 +46 23 32.8 2000   0.0  0    0.3847479500 2452500.10780 0.5
V551  Aur 14.430 - 14.65 EA+DSCT    F          ALL                 
 6  2 38.1 +49 53  2.2 2000   0.0  0    1.1731700000 2452501.00000 0.5
V560  Aur  9.070 -  9.20 EA         A0         ALL                 
 4 56 42.8 +39 17 23.5 2000   0.2  0    1.5283010000 2452500.94900 0.5
V562  Aur 12.870 - 13.21 EW                    ALL                 
 5 18 55.3 +29 38 21.0 2000   0.0  0    0.5286162000 2452500.51620 0.5
V567  Aur 12.550 - 13.20 EW                    ALL                 
 5 43 37.0 +33 54 13.8 2000   0.0  0    0.7100882500 2452500.49080 0.5
V569  Aur 13.000 - 13.50 EB                    PRI                 
 5 46 34.2 +44 26 52.1 2000   0.0  0    1.1884468000 2452500.22080 0.5
V576  Aur  9.680 -  9.98 EA         A0         ALL                 
 6 10 11.3 +30  1 44.1 2000   0.1  0    1.9618504000 2452500.68670 0.5
V585  Aur 11.050 - 11.45 EB         F5         ALL                 
 4 47 29.2 +31 51 43.4 2000   0.0  0    0.5353010000 2452500.43590 0.5
V591  Aur 10.810 - 11.42 EB         A0         PRI                 
 4 54  0.2 +39 33 44.4 2000   0.0  0    1.1096513000 2452500.81100 0.5
V594  Aur 12.450 - 13.20 EA                    PRI                 
 4 57 51.4 +39 30  2.2 2000   0.2  0    1.4367683000 2452500.59130 0.5
V596  Aur 11.830 - 12.29 EW                    ALL                 
 5  2  2.3 +42 37 55.3 2000   0.0  0    0.3978870000 2452500.07890 0.5
V599  Aur 12.000 - 12.35 EW                    ALL                 
 5  8 46.8 +32  2  8.5 2000   0.0  0    0.3165318000 2452500.11500 0.5
V607  Aur 10.500 - 11.30 EA/RS                 PRI                 
 5 24 24.6 +54 39 21.7 2000   0.2  0    2.0668852000 2452501.69240 0.5
V608  Aur 12.500 -  0.41 EA                    PRI                 
 5 27 37.9 +39 55 33.3 2000   0.0  0    0.7632361000 2452500.02100 0.5
V609  Aur 13.100 - 13.60 EB                    ALL                 
 5 27 48.6 +39 54 10.9 2000   0.0  0    0.4747295400 2452500.10240 0.5
V610  Aur 10.750 - 11.07 EA         B5         ALL                 
 5 30  1.9 +33 24  6.1 2000   0.2  0    1.6191936000 2452500.92880 0.5
V612  Aur 13.000 - 13.80 EA                    PRI                 
 5 32 40.0 +49 34 18.8 2000   0.2  0    1.6613007000 2452501.00650 0.5
V618  Aur 12.950 - 13.90 EA                    ALL                 
 5 43 38.2 +31 58 54.1 2000   0.1  0    0.9928335100 2452500.68640 0.5
V620  Aur 12.030 - 12.38 EA                    ALL                 
 5 45 40.2 +41  6 24.4 2000   0.1  0    1.5032651000 2452501.36090 0.5
V627  Aur 13.700 - 14.10 EW                    ALL                 
 5 49  0.7 +39 14 34.4 2000   0.0  0    0.3878427800 2452500.20080 0.5
V636  Aur 13.350 - 14.04 EW                    ALL                 
 5 52 54.7 +35 16 10.2 2000   0.0  0    0.3406173000 2452500.33800 0.5
V639  Aur 14.010 - 14.85 EW                    ALL                 
 5 54 43.4 +52 43 38.1 2000   0.0  0    0.3570094500 2452500.05000 0.5
V640  Aur 12.520 - 13.25 EW                    ALL                 
 6  2  7.6 +52 31 43.9 2000   0.0  0    0.3279975000 2452500.04600 0.5
V641  Aur 12.900 - 13.65 EA                    ALL                 
 6  3 47.6 +42 19  7.1 2000   0.1  0    0.5048776000 2452500.03200 0.5
V644  Aur 11.220 - 11.53 EA                    ALL                 
 6 18 25.7 +34 29 39.2 2000   0.1  0    0.7804502000 2452500.26100 0.5
V645  Aur  9.720 - 10.26 EA         A2         PRI                 
 6 19 15.4 +28 26 23.1 2000   0.4  0   10.8925040000 2452509.36760 0.5
V645  Aur  9.720 - 10.26 EA         A2         SEC                 
 6 19 15.4 +28 26 23.1 2000   0.4  0   10.8925470000 2452507.05450 0.5
V646  Aur 13.120 - 13.53 EW                    ALL                 
 6 35 40.5 +42  4 14.8 2000   0.0  0    0.4386305000 2452500.23800 0.5
zet   Aur  3.700 -  3.97 EA         K5Ib-II+B6 PRI                 
 5  2 28.7 +41  4 33.0 2000  38.9  0  972.1560000000 2452968.90000 0.5
SS    Boo 10.280 - 10.95 EA/RS      G0V+K1IV   PRI                 
15 13 32.5 +38 34  5.5 2000   0.8  0    7.6061480000 2452501.03400 0.5
SU    Boo 11.960 - 12.72 EA         A3V        ALL                 
14 29 21.0 +32  8  3.8 2000   0.2  0    1.5612508000 2452500.90100 0.5
SY    Boo 12.250 - 12.87 EB                    ALL                 
14 12 40.0 +17 32 21.9 2000   0.0  0    0.7144818000 2452500.39400 0.5
TU    Boo 11.530 - 12.48 EW         G3         ALL                 
14  4 58.0 +30  0  1.5 2000   0.0  0    0.3242843000 2452500.14900 0.5
TX    Boo 12.200 - 12.60 EB         F0         PRI                 
14 47 17.4 +31 50 27.9 2000   0.0  0    3.4128880000 2452500.63900 0.5
TY    Boo 11.390 - 12.06 EW         G3         ALL                 
15  0 46.9 +35  7 54.9 2000   0.0  0    0.3171447000 2452500.24300 0.5
TZ    Boo 10.450 - 11.00 EW         G2V        ALL                 
15  8  9.1 +39 58 12.9 2000   0.0  0    0.2971614000 2452500.17900 0.5
UW    Boo 10.910 - 11.73 EA         F0         PRI                 
14 20 59.6 +47  6 45.1 2000   0.2  0    1.0047074000 2452500.06410 0.5
VW    Boo 10.420 - 11.11 EW         G5         ALL                 
14 17 26.0 +12 34  3.4 2000   0.0  0    0.3423137800 2452500.01600 0.5
XY    Boo 10.290 - 10.76 EW         F5V        ALL                 
13 49 11.6 +20 11 24.6 2000   0.0  0    0.3705667000 2452500.16600 0.5
YY    Boo 11.900 - 13.20 EA         A4         PRI                 
15 35 28.3 +43 28 49.1 2000   0.0  0    3.9330710000 2452500.42800 0.5
ZZ    Boo  6.790 -  7.44 EA         F2V        ALL                 
13 56  9.5 +25 55  7.4 2000   0.3  0    4.9917642000 2452502.92250 0.5
AC    Boo 10.140 - 10.67 EW         F8Vn       ALL                 
14 56 28.3 +46 21 44.1 2000   0.0  0    0.3524542700 2452500.24200 0.5
AD    Boo  9.450 - 10.09 EA         G0         ALL                 
14 35 12.8 +24 38 21.9 2000   0.2  0    2.0688078000 2452501.53100 0.5
AQ    Boo 12.200 - 12.90 EW         F8p        ALL                 
13 47 26.9 +17 18 24.7 2000   0.0  0    0.3331378400 2452500.21240 0.5
AR    Boo 12.700 - 13.60 EW                    ALL                 
13 48 10.3 +24 55 26.4 2000   0.0  0    0.3448731000 2452500.40700 0.5
BW    Boo  7.130 -  7.46 EA         F0V        SEC                 
14 37  8.8 +35 55 47.1 2000   0.2  0    3.3328231000 2452502.39810 0.5
BW    Boo  7.130 -  7.46 EA         F0V        PRI                 
14 37  8.8 +35 55 47.1 2000   0.2  0    3.3328161000 2452501.02570 0.5
CK    Boo  8.950 -  9.25 EW         F8         ALL                 
14 35  3.8 +09  6 49.4 2000   0.0  0    0.3551329000 2452500.25000 0.5
CV    Boo 10.650 - 11.48 EA         G0         ALL                 
15 26 19.6 +36 58 53.6 2000   0.1  0    0.8469936900 2452500.56090 0.5
DN    Boo 11.030 - 11.32 EW         G0         ALL                 
13 51 42.0 +14 18  5.9 2000   0.0  0    0.4475647000 2452500.90600 0.5
DU    Boo  8.480 -  9.02 EB         A2         SEC                 
14 22 17.7 +41 27  2.2 2000   0.0  0    1.0558891000 2452500.58620 0.5
DU    Boo  8.480 -  9.02 EB         A2         PRI                 
14 22 17.7 +41 27  2.2 2000   0.0  0    1.0558894000 2452500.03700 0.5
DV    Boo  7.530 -  7.76 EA         A2         ALL                 
14 22 49.7 +14 56 20.1 2000   0.2  0    3.7826340000 2452501.19590 0.5
EF    Boo  9.230 -  9.83 EW/RS      G5         ALL                 
14 32 30.5 +50 49 40.7 2000   0.0  0    0.4205154000 2452500.23700 0.5
EM    Boo  8.980 -  9.32 EA         G5         ALL                 
14 48 32.2 +24 45  3.7 2000   0.3  0    2.4462410000 2452501.92200 0.5
EQ    Boo  8.800 -  9.20 EA         G5         PRI                 
14 52 25.8 +17 57 23.3 2000   0.2  0    5.4353550000 2452502.93100 0.5
EQ    Boo  8.800 -  9.20 EA         G5         SEC                 
14 52 25.8 +17 57 23.3 2000   0.2  0    5.4353580000 2452505.10010 0.5
ET    Boo  9.140 -  9.50 EB         F8         ALL                 
14 59 20.3 +46 49  3.6 2000   0.0  0    0.6450397000 2452500.33900 0.5
EW    Boo 10.310 - 10.69 EA         A0         ALL                 
15  2 46.1 +37 54 36.4 2000   0.2  0    0.9063450000 2452500.25900 0.5
FI    Boo  9.550 -  9.68 EW         G3V        ALL                 
15 22  6.0 +51 10 55.3 2000   0.0  0    0.3899980000 2452500.34500 0.5
FP    Boo 10.140 - 10.44 EW         A5         ALL                 
15 43  0.3 +43 15 55.3 2000   0.0  0    0.6404506000 2452500.30800 0.5
FY    Boo 13.000 - 13.90 EW                    ALL                 
13 46 51.8 +22 57 13.4 2000   0.0  0    0.2411592700 2452500.03000 0.5
GG    Boo 12.260 - 12.65 EB                    ALL                 
14  9 16.6 +38 37 34.4 2000   0.0  0    0.4269691600 2452500.20960 0.5
GH    Boo 11.600 - 12.00 EW                    ALL                 
14 14 51.5 +27 34 15.7 2000   0.0  0    0.6595095000 2452500.40400 0.5
GI    Boo 11.300 - 11.80 EA                    PRI                 
14 37 23.3 +38  4 41.8 2000   0.2  0    1.0335346000 2452500.07920 0.5
GK    Boo 10.300 - 10.80 EA                    ALL                 
14 38 20.7 +36 32 25.3 2000   0.1  0    0.4777717000 2452500.43700 0.5
GL    Boo 10.800 - 11.30 EA                    ALL                 
14 40  5.7 +26 34  2.2 2000   0.5  0    3.1973800000 2452501.83000 0.5
GM    Boo 11.850 - 12.35 EW                    ALL                 
14 47 26.5 +22 45 14.4 2000   0.0  0    0.3611249000 2452500.04100 0.5
GN    Boo 10.750 - 11.35 EW                    ALL                 
14 50  7.8 +29 38 58.5 2000   0.0  0    0.3016040000 2452500.06900 0.5
GO    Boo 12.000 - 12.40 EA                    ALL                 
14 53 12.5 +28 42 21.5 2000   0.3  0    3.0759271000 2452500.22980 0.5
GP    Boo 10.650 - 11.03 EB                    ALL                 
14 57 30.9 +24  2 51.5 2000   0.0  0    0.8187688000 2452500.11600 0.5
GQ    Boo 12.800 - 13.30 EW                    ALL                 
14 59 36.7 +25  2 44.9 2000   0.0  0    0.3846395000 2452500.25700 0.5
GR    Boo 11.300 - 11.85 EW                    ALL                 
14 59 54.5 +25 54 33.6 2000   0.0  0    0.3766681000 2452500.20700 0.5
GS    Boo 11.350 - 12.01 EA                    ALL                 
15  0 29.6 +33 40 22.2 2000   0.2  0    1.2567981000 2452500.07790 0.5
GT    Boo 12.100 - 12.40 EB                    ALL                 
15 17 26.7 +38 13 35.9 2000   0.0  0    0.5689223000 2452500.51880 0.5
GU    Boo 13.100 - 13.70 EA                    ALL                 
15 21 54.8 +33 56  9.9 2000   0.0  0    0.4887289000 2452500.14870 0.5
GV    Boo 12.300 - 13.10 EW                    ALL                 
13 36 59.4 +26 52 47.6 2000   0.0  0    0.3678590000 2452500.25000 0.5
GW    Boo 10.190 - 10.65 EW         A9III      ALL                 
13 53 13.9 +20  9 43.2 2000   0.0  0    0.5315426000 2452500.34800 0.5
GX    Boo 12.160 - 12.32 EW                    ALL                 
14  1  5.6 +24 42 16.5 2000   0.0  0    0.3878395000 2452500.25100 0.5
HH    Boo 10.910 - 11.55 EW         G5III      ALL                 
14 21 44.1 +46 41 59.3 2000   0.0  0    0.3186663000 2452500.33700 0.5
HR    Boo 13.200 - 13.80 EW                    ALL                 
14 48 33.0 +21 44  1.1 2000   0.0  0    0.3159664000 2452500.32600 0.5
IK    Boo 11.420 - 11.76 EW                    ALL                 
14  8 46.2 +29 29  8.2 2000   0.0  0    0.3031152000 2452500.27900 0.5
IL    Boo 13.100 - 13.60 EW                    ALL                 
14  9  0.5 +45 18 37.2 2000   0.0  0    0.3474017400 2452500.11910 0.5
IN    Boo 13.330 - 13.98 EW                    ALL                 
14  9 21.3 +31 10  7.8 2000   0.0  0    0.2857577600 2452500.19990 0.5
IO    Boo 11.610 - 12.21 EW                    ALL                 
14 12 51.0 +24 32  2.3 2000   0.0  0    0.2711482800 2452500.11200 0.5
IW    Boo 13.230 - 13.55 EW                    PRI                 
14 16 46.3 +43  8 45.0 2000   0.0  0    0.2647424100 2452500.22390 0.5
KK    Boo 14.190 - 14.62 EW                    ALL                 
14 20 14.7 +43 10 57.5 2000   0.0  0    0.2791387000 2452500.04000 0.5
KO    Boo 13.150 - 13.35 EW                    ALL                 
14 21 57.5 +23 26 56.2 2000   0.0  0    0.3695182000 2452500.35090 0.5
KW    Boo 14.000 - 14.50 EW                    ALL                 
14 30 40.4 +27 13 28.6 2000   0.0  0    0.3488679000 2452500.09600 0.5
LM    Boo 12.600 - 13.20 EW                    ALL                 
14 36 35.5 +24  0 37.1 2000   0.0  0    0.3279244000 2452500.21000 0.5
LY    Boo 13.020 - 13.26 EW                    PRI                 
14 41 53.8 +39  1 54.8 2000   0.0  0    0.4144406000 2452500.04910 0.5
MN    Boo  9.180 -  9.48 EW         G0         ALL                 
14 43 51.2 +47 43  2.9 2000   0.0  0    0.3876978000 2452500.16700 0.5
MQ    Boo 12.600 - 13.05 EB                    PRI                 
14 44 48.6 +44 39  0.3 2000   0.0  0    0.4934109300 2452500.41320 0.5
MT    Boo 13.170 - 13.65 EW                    ALL                 
14 47  6.7 +41  3 38.9 2000   0.0  0    0.3653316200 2452500.36300 0.5
MY    Boo 13.440 - 14.21 EB                    PRI                 
14 52 17.9 +54 15 50.9 2000   0.0  0    0.4733828900 2452500.29440 0.5
NR    Boo 13.320 - 13.90 EW                    ALL                 
14 58 28.4 +11  5 54.7 2000   0.0  0    0.3567304500 2452500.25450 0.5
NT    Boo 12.100 - 12.35 EW                    ALL                 
15  0 32.8 +49 55  2.5 2000   0.0  0    0.4348741300 2452500.27760 0.5
NX    Boo 12.800 - 13.20 EW                    ALL                 
15  0 59.5 +34 11 41.0 2000   0.0  0    0.2511348600 2452500.25100 0.5
OS    Boo 13.520 - 13.81 EW                    ALL                 
15  4 37.6 +42 56  5.8 2000   0.0  0    0.2757284900 2452500.14760 0.5
PR    Boo 13.440 - 13.85 EW                    ALL                 
15 18 32.0 +44 57 11.6 2000   0.0  0    0.3712794500 2452500.17790 0.5
PT    Boo 12.600 - 12.85 EW                    ALL                 
15 20 15.1 +43 23 48.6 2000   0.0  0    0.4466375400 2452500.31070 0.5
PU    Boo 10.600 - 10.90 EW                    ALL                 
15 23  2.2 +45 39 20.4 2000   0.0  0    0.4822382000 2452500.15200 0.5
PY    Boo 12.100 - 12.65 EW                    PRI                 
15 28 22.1 +51 32 21.4 2000   0.0  0    0.2780465000 2452500.06800 0.5
PZ    Boo 12.900 - 13.40 EW                    PRI                 
15 30  7.9 +43 15  0.5 2000   0.0  0    0.6226719400 2452500.18010 0.5
QQ    Boo 12.450 - 12.85 EW                    ALL                 
15 32  4.8 +45 34  7.5 2000   0.0  0    0.2764760000 2452500.13300 0.5
QT    Boo 11.650 - 11.80 EW                    ALL                 
15 35 11.0 +49 47 44.1 2000   0.0  0    0.3190621000 2452500.14800 0.5
QW    Boo 12.100 - 12.45 EW                    ALL                 
15 36 34.6 +46 38  9.3 2000   0.0  0    0.2908703000 2452500.15600 0.5
QX    Boo 12.500 - 13.20 EW                    ALL                 
15 36 49.3 +47 37 19.1 2000   0.0  0    0.3604668000 2452500.09600 0.5
QY    Boo 12.700 - 12.90 EW                    ALL                 
15 39 17.4 +43 45 45.4 2000   0.0  0    0.3418852900 2452500.13460 0.5
V339  Boo 10.700 - 10.90 EW                    ALL                 
15 48 35.0 +43 28 45.0 2000   0.0  0    0.3628100000 2452500.20000 0.5
V370  Boo 12.630 - 12.74 EW                    ALL                 
14 47 25.3 +22 50 11.8 2000   0.0  0    0.3165924500 2452500.20120 0.5
V376  Boo 14.760 - 14.99 EW                    ALL                 
15 17 24.3 +35  3 56.3 2000   0.0  0    0.2955678000 2452500.03300 0.5
iot   Boo  4.730 -  4.78 DSCTC      A7V        ALL                 
14 16  9.9 +51 22  2.0 2000   0.0  0    0.2678168800 2452500.21000 0.5
W     Cae  9.650 - 10.80 EA         G0         PRI                 
 4 50 21.5 -45 46 50.2 2000   0.8  0    6.9788600000 2452501.69000 0.5
RR    Cae 14.880 - 18.10 EA         DAwk+M6V   PRI                 
 4 21  5.6 -48 39  7.0 2000   0.0  0    0.3037036200 2452500.06310 0.5
Y     Cam 10.500 - 12.25 EA+DSCTC   A8V        PRI                 
 7 41 11.0 +76  4 26.1 2000   0.5  0    3.3057360000 2452502.25000 0.5
SS    Cam 10.050 - 10.62 EA/RS      F5V-IV+K0I ALL                 
 7 16 24.7 +73 19 56.9 2000   1.0  0    4.8225000000 2452502.10000 0.5
SV    Cam  9.050 - 10.00 EA/RS      G2-3V+K4V  PRI                 
 6 41 19.1 +82 16  2.4 2000   0.1  0    0.5930709000 2452500.11800 0.5
SZ    Cam  6.940 -  7.23 EA         O9.5V      ALL                 
 4  7 49.3 +62 19 58.6 2000   0.5  0    2.6984243000 2452502.35800 0.5
TU    Cam  5.120 -  5.29 EB         A0IV-V     PRI                 
 5 54 57.8 +59 53 18.1 2000   0.0  0    2.9332535000 2452500.58200 0.5
UU    Cam 11.450 - 11.99 EW         A7         ALL                 
 3 52 17.7 +74 33 56.5 2000   0.0  0    0.6825579000 2452500.25600 0.5
WW    Cam 10.140 - 10.84 EA         A4m+A4mV   PRI                 
 4 31 25.3 +64 21 45.5 2000   0.3  0    2.2743631400 2452501.61570 0.5
WW    Cam 10.140 - 10.84 EA         A4m+A4mV   SEC                 
 4 31 25.3 +64 21 45.5 2000   0.3  0    2.2743627000 2452502.74060 0.5
XZ    Cam 11.360 - 13.30 EA         A0         PRI                 
 5 17 12.6 +75 50  5.4 2000   0.9  0   11.0146320000 2452504.15900 0.5
AK    Cam 10.450 - 11.06 EA         F4         PRI                 
 8 38 25.7 +76 55 27.9 2000   0.3  0    2.2268205000 2452500.17800 0.5
AL    Cam 10.490 - 11.62 EA         A5V        ALL                 
11 40 24.7 +80 14  9.6 2000   0.2  0    1.3283390000 2452501.26700 0.5
AN    Cam 10.400 - 11.20 EA         F8         PRI                 
 4  5 57.6 +76 53 12.0 2000   1.5  0   20.9984600000 2452503.53000 0.5
AN    Cam 10.400 - 11.20 EA         F8         SEC                 
 4  5 57.6 +76 53 12.0 2000   1.5  0   20.9986000000 2452519.82000 0.5
AO    Cam  9.500 -  0.68 EW         G5         ALL                 
 4 28 13.6 +53  2 44.5 2000   0.0  0    0.3298982000 2452500.15900 0.5
AQ    Cam 12.000 - 16.00 EA         B7         PRI                 
 4 51 17.9 +54 56  0.0 2000   0.3  0    3.1091100000 2452502.30500 0.5
AS    Cam  8.570 -  9.19 EA         B8V+B9     PRI                 
 5 29 46.9 +69 29 45.4 2000   0.3  0    3.4309630000 2452501.08800 0.5
AS    Cam  8.570 -  9.19 EA         B8V+B9     SEC                 
 5 29 46.9 +69 29 45.4 2000   0.3  0    3.4309720000 2452502.61600 0.5
AT    Cam 10.620 - 11.10 EA         A0         ALL                 
 5 37 17.2 +67  2 34.0 2000   0.3  0    1.3958937000 2452501.30230 0.5
AV    Cam 11.500 - 12.20 EA                    PRI                 
 6 28  1.9 +77 49 33.9 2000   0.2  0    1.4449124000 2452501.15690 0.5
AW    Cam  8.220 -  8.66 EB         A0V        ALL                 
 6 47 28.8 +69 37 44.8 2000   0.0  0    0.7713463000 2452500.04410 0.5
AY    Cam  9.690 - 10.26 EA         A5         ALL                 
 8 25 51.8 +77 13  6.8 2000   0.4  0    2.7349676000 2452502.41480 0.5
AZ    Cam  9.960 - 10.57 EA         F0         ALL                 
 9 14 38.4 +81 56 30.4 2000   0.3  0    1.3192252000 2452500.83200 0.5
CD    Cam 11.630 - 11.85 EW                    ALL                 
 7 58 11.0 +72 45 51.8 2000   0.0  0    0.7641790000 2452500.60800 0.5
CP    Cam 10.680 - 11.30 EB         A0         ALL                 
 3 17 39.2 +64 12 20.2 2000   0.0  0    0.7967101000 2452500.31800 0.5
CV    Cam  9.420 -  9.70 EB         A0         PRI                 
 3 41 49.8 +53 17 37.3 2000   0.0  0    0.9732614200 2452500.28590 0.5
DN    Cam  8.210 -  8.79 EW         F2V        ALL                 
 4 42 46.2 +72 58 41.9 2000   0.0  0    0.4983115000 2452500.40900 0.5
DT    Cam  8.130 -  8.80 EA         A2         SEC                 
 5 13 57.7 +56 30 28.6 2000   0.0  0    7.0662086000 2452504.98500 0.5
DT    Cam  8.130 -  8.80 EA         A2         PRI                 
 5 13 57.7 +56 30 28.6 2000   0.0  0    7.0662408000 2452500.87790 0.5
FN    Cam  8.480 -  8.97 EW         F2         ALL                 
 9 22 58.0 +77 13 10.9 2000   0.0  0    0.6771386000 2452500.23800 0.5
HW    Cam 10.810 -  0.45 EA         F2         ALL                 
 8 27 34.3 +83 52 56.6 2000   0.1  0    1.0917370000 2452500.86600 0.5
LR    Cam 10.670 -  0.63 EW                    ALL                 
 5 43  5.2 +68 40  7.1 2000   0.0  0    0.4341413000 2452500.03200 0.5
LV    Cam 16.400 -  0.44 EW                    ALL                 
 5 59 25.7 +59 51 23.9 2000   0.0  0    0.3657284000 2452500.28100 0.5
MP    Cam 12.500 - 14.30 EA                    ALL                 
 4  1  1.2 +55 11 10.2 2000   0.4  0    2.6091020000 2452502.30210 0.5
MT    Cam 12.940 - 13.54 EW                    ALL                 
 4 40 24.5 +55 25 14.7 2000   0.0  0    0.3661393300 2452500.26500 0.5
MX    Cam 12.300 - 14.40 EA                    PRI                 
 3 56 24.5 +69  2 28.5 2000   0.2  0    1.4085032000 2452500.55530 0.5
NO    Cam 12.200 - 13.00 EW         F5         ALL                 
 4 14 51.6 +75 20 40.6 2000   0.0  0    0.4307573000 2452500.05700 0.5
NQ    Cam 13.100 - 13.80 EW                    ALL                 
 7 48 12.8 +72 29 16.5 2000   0.0  0    0.3620997000 2452500.19400 0.5
NR    Cam 10.760 - 11.25 EW                    ALL                 
 7 54 30.6 +78  6 45.4 2000   0.0  0    0.2558847000 2452500.21400 0.5
NS    Cam 12.900 - 13.50 EB                    ALL                 
 7 55 39.7 +74 15 11.0 2000   0.0  0    0.9073172900 2452500.57560 0.5
NU    Cam 10.750 - 11.15 EB                    ALL                 
 9 54 47.4 +83 21  0.7 2000   0.0  0    0.6900645000 2452500.48800 0.5
NX    Cam 10.500 - 10.95 EW                    ALL                 
 3 26 10.6 +59 34 42.5 2000   0.0  0    0.6057690000 2452500.64000 0.5
OO    Cam 10.900 - 11.33 EA                    PRI                 
 3 32 18.4 +61 16 40.9 2000   0.2  0    8.1190448000 2452504.19670 0.5
OO    Cam 10.900 - 11.33 EA                    SEC                 
 3 32 18.4 +61 16 40.9 2000   0.2  0    8.1190552000 2452508.16360 0.5
OQ    Cam 10.900 - 11.40 EW                    ALL                 
 3 33 34.3 +64 16 46.3 2000   0.0  0    0.4378412000 2452500.40000 0.5
PP    Cam 12.450 - 13.01 EA                    ALL                 
 3 49  3.5 +74 27 33.7 2000   0.1  0    0.8403917000 2452500.00400 0.5
QU    Cam 11.050 - 11.50 EA                    ALL                 
 4  7 55.1 +77 31 21.7 2000   0.1  0    0.7518322000 2452500.55940 0.5
QV    Cam 12.100 - 12.65 EB         OB         ALL                 
 4  8 11.3 +55 50 11.6 2000   0.0  0    2.9059365000 2452501.65340 0.5
QY    Cam 12.500 - 12.95 EA                    PRI                 
 4 11 48.1 +56 46 26.5 2000   0.4  0    2.5451937000 2452500.44210 0.5
V335  Cam 11.620 - 11.90 EA                    PRI                 
 4 14 41.8 +67 50 13.1 2000   0.2  0    1.2451284000 2452500.85850 0.5
V337  Cam  9.950 - 10.40 EB         A2         ALL                 
 4 16 20.0 +68 58 21.4 2000   0.0  0    0.7567735000 2452500.47200 0.5
V343  Cam 13.610 - 14.89 EA                    ALL                 
 4 23 59.2 +58 35 33.9 2000   0.5  0    5.2630861000 2452500.95720 0.5
V345  Cam 13.300 - 13.65 EW                    ALL                 
 4 25 55.3 +69 15 45.5 2000   0.0  0    0.4515869000 2452500.26500 0.5
V347  Cam 11.370 - 11.80 EA                    SEC                 
 4 26 23.1 +79 13 51.5 2000   0.3  0    9.4555333000 2452513.07210 0.5
V347  Cam 11.370 - 11.80 EA                    PRI                 
 4 26 23.1 +79 13 51.5 2000   0.3  0    9.4545586000 2452506.41480 0.5
V356  Cam 13.060 - 13.41 EW                    ALL                 
 4 29  9.9 +68 34  1.3 2000   0.0  0    0.4024983100 2452500.30930 0.5
V361  Cam 11.270 - 11.50 EA                    PRI                 
 4 32 51.2 +78 42 54.4 2000   0.5  0    8.6385700000 2452505.57000 0.5
V362  Cam 11.630 - 12.12 EW                    ALL                 
 4 33 36.2 +64  5 38.0 2000   0.0  0    0.7207450900 2452500.02260 0.5
V366  Cam 10.550 - 10.85 EW                    ALL                 
 4 37 39.6 +71 58 46.2 2000   0.0  0    0.7733919300 2452500.64020 0.5
V369  Cam 12.500 - 13.20 EW                    ALL                 
 4 43 30.2 +63 59 12.3 2000   0.0  0    0.3452039100 2452500.26570 0.5
V374  Cam 12.400 - 13.10 EA                    PRI                 
 4 48 18.9 +64  1 15.7 2000   0.1  0    0.8068399400 2452500.29680 0.5
V378  Cam 12.160 - 12.70 EA                    ALL                 
 5  0  9.2 +73 41  7.6 2000   0.4  0    5.5577632000 2452500.65010 0.5
V381  Cam 12.500 - 13.10 EB                    PRI                 
 5  8 42.0 +70 40 44.2 2000   0.0  0    0.4580287500 2452500.21490 0.5
V382  Cam 10.800 - 11.10 EA                    ALL                 
 5 10 18.5 +63 19 50.7 2000   0.1  0    0.8680305000 2452500.47900 0.5
V389  Cam 11.800 - 12.50 EW                    ALL                 
 5 22 54.8 +70  0 14.5 2000   0.0  0    0.4398947000 2452500.39540 0.5
V399  Cam 10.020 - 10.20 EA         F0         PRI                 
 5 38 23.5 +61 17 25.3 2000   0.3  0    2.5976106000 2452500.99450 0.5
V409  Cam 11.030 - 11.29 EA                    PRI                 
 5 46 43.9 +75 20 56.6 2000   0.3  0    6.6764670000 2452506.04100 0.5
V409  Cam 11.030 - 11.29 EA                    SEC                 
 5 46 43.9 +75 20 56.6 2000   0.3  0    6.6764719000 2452509.52940 0.5
V422  Cam 11.320 - 11.88 EA                    PRI                 
 6  7 38.2 +69 43 46.7 2000   0.4  0   17.8705470000 2452513.61600 0.5
V426  Cam 13.500 - 14.00 EW                    PRI                 
 6 10 44.3 +68  0 15.2 2000   0.0  0    0.3478317200 2452500.05590 0.5
V442  Cam 12.940 - 13.32 EW                    ALL                 
 6 25 58.1 +73 31 15.1 2000   0.0  0    0.4426443000 2452500.02100 0.5
V455  Cam 10.880 - 11.33 EA                    PRI                 
 6 47 25.0 +69 42 15.4 2000   0.1  0    1.6690043000 2452500.61640 0.5
V459  Cam 11.100 - 11.65 EA         G4         PRI                 
 6 48 27.6 +65 20 56.9 2000   0.1  0    1.5047470000 2452501.19090 0.5
V462  Cam 14.250 - 14.75 EA                    ALL                 
 6 51 33.5 +74 23 34.5 2000   0.1  0    0.9522411700 2452500.67350 0.5
V469  Cam 12.600 - 13.15 EA                    PRI                 
 7  6 13.8 +67 18 13.5 2000   0.2  0   11.8726010000 2452505.37410 0.5
V469  Cam 12.600 - 13.15 EA                    SEC                 
 7  6 13.8 +67 18 13.5 2000   0.2  0   11.8725550000 2452510.94750 0.5
V470  Cam 14.520 - 15.62 EA         sdB        ALL                 
 7 10 42.1 +66 55 43.6 2000   0.0  0    0.0956466400 2452500.03500 0.5
V473  Cam 11.550 - 12.20 EW                    ALL                 
 7 17  4.9 +77 10 26.1 2000   0.0  0    0.2984379400 2452500.09600 0.5
V474  Cam 11.000 - 11.50 EW                    ALL                 
 7 19 15.0 +69  3 16.1 2000   0.0  0    0.3282053000 2452500.03000 0.5
V479  Cam 13.220 - 13.68 EW                    ALL                 
 7 27 24.5 +74 25 59.5 2000   0.0  0    0.3253934000 2452500.21100 0.5
V482  Cam 15.100 - 18.40 EA/NL      pec e      PRI                 
 7 33 41.4 +67 32 15.6 2000   0.0  0    0.1336194300 2452500.12890 0.5
V489  Cam 10.940 - 11.22 EA/RS                 ALL                 
 7 48 43.7 +76 28  8.9 2000   0.1  0    0.6197589000 2452500.03200 0.5
V495  Cam 13.000 - 13.35 EW                    ALL                 
 8 19 25.6 +77  5 13.9 2000   0.0  0    0.3544607600 2452500.28740 0.5
V497  Cam 13.500 - 14.05 EW                    ALL                 
 8 42 41.3 +83 47 14.4 2000   0.0  0    0.5546454800 2452500.51180 0.5
V498  Cam 11.790 - 12.22 EA                    PRI                 
 8 51 58.1 +74  1 54.9 2000   0.2  0   12.1066530000 2452509.70180 0.5
V498  Cam 11.790 - 12.22 EA                    SEC                 
 8 51 58.1 +74  1 54.9 2000   0.2  0   12.1032860000 2452514.70310 0.5
V509  Cam 13.000 - 13.60 EW                    ALL                 
 9 24 13.3 +79 44 54.2 2000   0.0  0    0.3503472900 2452500.22290 0.5
V514  Cam 12.400 - 13.00 EW                    ALL                 
11 28 30.1 +79 38 56.2 2000   0.0  0    0.3627392000 2452500.07500 0.5
V515  Cam 13.450 - 14.10 EB                    PRI                 
11 45  1.3 +76 24 20.5 2000   0.0  0    0.9249651200 2452500.55470 0.5
V517  Cam 10.980 - 11.38 EA                    PRI                 
12  6 51.0 +77 18 57.0 2000   0.1  0    2.0922271000 2452500.25030 0.5
V518  Cam 11.920 - 12.50 EA                    PRI                 
13 12 55.8 +83 41 42.6 2000   0.5  0    3.6165313000 2452501.12310 0.5
V519  Cam 12.580 - 13.05 EA                    PRI                 
14 15 25.0 +84  3 33.4 2000   0.2  0    0.8502591700 2452500.04990 0.5
V534  Cam 13.000 - 13.45 EA                    SEC                 
 3 56 52.8 +53 16 40.8 2000   0.3  0    3.0142064000 2452502.47570 0.5
V534  Cam 13.000 - 13.45 EA                    PRI                 
 3 56 52.8 +53 16 40.8 2000   0.3  0    3.0142773000 2452500.85410 0.5
S     Cnc  8.260 - 10.27 EA         B9V+G8IV   PRI                 
 8 43 56.1 +19  2  3.0 2000   0.8  0    9.4844770000 2452501.66700 0.5
RU    Cnc 10.020 - 11.25 EA/RS      F5IV+K1IV  PRI                 
 8 37 30.1 +23 33 41.6 2000   0.8  0   10.1729310000 2452508.29000 0.5
RY    Cnc 12.990 - 15.52 EA                    ALL                 
 8 39 54.6 +19 49 18.9 2000   0.1  0    1.0929431000 2452500.58610 0.5
RZ    Cnc  8.670 - 10.03 EA/RS      K2III+K4II ALL                 
 8 39  8.5 +31 47 44.5 2000   3.2  0   21.6430800000 2452508.96000 0.5
SW    Cnc 11.700 - 13.30 EA         F8         ALL                 
 9  8 59.3 +09 35 41.0 2000   0.2  0    1.7992000000 2452501.74060 0.5
TU    Cnc 10.350 - 13.00 EA         A0         PRI                 
 8 52 16.6 +09  5 18.8 2000   0.6  0    5.5614800000 2452500.62000 0.5
TW    Cnc  8.480 -  8.97 EA         G8III+A8   PRI                 
 8 29 37.3 +12 27 20.3 2000   2.8  0   70.7602000000 2452516.74000 0.5
TX    Cnc 10.000 - 10.35 EW         F8V+F7V    ALL                 
 8 40  1.7 +18 59 59.4 2000   0.0  0    0.3828825000 2452500.04600 0.5
TY    Cnc 12.500 - 15.20 EA                    PRI                 
 8 47  9.7 +08 24 24.6 2000   0.4  0    2.7682833000 2452500.04380 0.5
UU    Cnc  8.610 -  9.35 EB         K4III      ALL                 
 8  2 30.9 +15 10 41.9 2000   0.0  0   96.6680000000 2452573.40000 0.5
UZ    Cnc 10.780 - 11.66 EA         K2         PRI                 
 8  3 23.4 +19 10 54.1 2000   1.5  0   11.5814200000 2452505.66000 0.5
WW    Cnc 10.500 - 11.60 EA         F7+A6      ALL                 
 9  9 48.6 +30 25 36.8 2000   0.2  0    1.1159646000 2452500.40700 0.5
WX    Cnc 10.500 - 11.20 EA         F2         PRI                 
 8 46 50.8 +32 51  4.8 2000   0.1  0    1.2245899800 2452500.11130 0.5
WY    Cnc  9.510 - 10.14 EA/RS      G5V        PRI                 
 9  1 55.5 +26 41 22.7 2000   0.1  0    0.8293680000 2452500.78210 0.5
XZ    Cnc 10.280 - 10.81 EB         A5         ALL                 
 8 29 19.5 +13 12 39.2 2000   0.0  0    0.7146750000 2452500.56900 0.5
YY    Cnc 11.300 - 11.60 EB         F2         PRI                 
 8 34 38.9 +31 18 27.5 2000   0.0  0    0.6984445000 2452500.72200 0.5
ZZ    Cnc  8.920 -  9.90 EA         A8IV-V +K0 PRI                 
 7 57  6.9 +10 59  4.7 2000   2.0  0   51.1892000000 2452518.49000 0.5
AB    Cnc 12.800 - 13.70 EA                    ALL                 
 8 37 37.2 +14 35 55.2 2000   0.2  0    0.8728400000 2452500.37500 0.5
AC    Cnc 13.800 - 15.40 EA+NL      pec e      PRI                 
 8 44 27.1 +12 52 31.9 2000   0.0  0    0.3004776000 2452500.25100 0.5
AD    Cnc 13.130 - 13.53 EW         K0         ALL                 
 8 46 20.1 +10 20  7.5 2000   0.0  0    0.2827340000 2452500.17900 0.5
AE    Cnc 13.030 - 15.80 EA                    PRI                 
 8 48  6.8 +09 10 20.7 2000   0.3  0    2.2522400000 2452502.01060 0.5
AH    Cnc 13.310 - 13.69 EW         F5-F7      ALL                 
 8 51 37.8 +11 50 57.0 2000   0.0  0    0.3604636000 2452500.17700 0.5
AO    Cnc 13.600 - 14.87 EA                    PRI                 
 8 59 17.0 +09  8 34.1 2000   0.3  0    1.9132336000 2452501.40070 0.5
EH    Cnc 11.700 - 12.50 EW         F0         ALL                 
 8 26 18.4 +20 52 49.7 2000   0.0  0    0.4180346000 2452500.25700 0.5
ES    Cnc 11.160 - 11.28 EA         F5IV       ALL                 
 8 51 20.8 +11 53 26.0 2000   0.1  0    1.0677933000 2452500.09600 0.5
EV    Cnc 12.800 -  0.13 EW                    ALL                 
 8 51 28.1 +11 49 27.5 2000   0.0  0    0.4414388000 2452500.42800 0.5
FF    Cnc 10.760 - 11.40 EA         K0         ALL                 
 8 29 39.3 +17 17  0.6 2000   0.1  0    1.3231068000 2452500.93760 0.5
GQ    Cnc 12.500 - 13.60 EW                    ALL                 
 9 12  8.4 +26 50 18.2 2000   0.0  0    0.4222084700 2452500.01030 0.5
GW    Cnc 12.300 - 13.20 EW                    ALL                 
 8 48 12.7 +21  7 13.8 2000   0.0  0    0.2814115000 2452500.14800 0.5
GY    Cnc 12.900 - 18.40 UGSS+EA    pec UG     PRI                 
 9  9 50.6 +18 49 47.2 2000   0.0  0    0.1754423600 2452500.09290 0.5
HN    Cnc 11.130 - 11.54 EW                    ALL                 
 8 15 46.8 +16 21 56.4 2000   0.0  0    0.4945070000 2452500.11800 0.5
HV    Cnc 12.730 -  0.09 EA                    ALL                 
 8 51 18.0 +11 45 54.2 2000   0.0  0   10.3381000000 2452507.91100 0.5
IL    Cnc 12.500 - 13.30 EW                    ALL                 
 8 55 51.5 +20  3 38.6 2000   0.0  0    0.2676560600 2452500.21600 0.5
IM    Cnc 12.820 - 13.60 EA                    ALL                 
 8 57 21.0 +24  6 51.0 2000   0.3  0    2.3543342000 2452500.84810 0.5
IN    Cnc 12.150 - 12.90 EB                    ALL                 
 9 16 14.7 +16 15 25.7 2000   0.0  0    0.5014584000 2452500.17400 0.5
IO    Cnc 14.260 - 14.82 EW                    ALL                 
 9 17 16.1 +16 19 34.5 2000   0.0  0    0.3476917000 2452500.02700 0.5
IR    Cnc 11.900 - 12.33 EB                    ALL                 
 8 26 18.5 +23 15 13.0 2000   0.0  0    0.7177668000 2452500.27600 0.5
IT    Cnc 12.500 - 13.00 EW                    ALL                 
 8 42 42.6 +21 24 56.5 2000   0.0  0    0.3636621000 2452500.31200 0.5
IU    Cnc 11.800 - 12.36 EW                    ALL                 
 9  0 59.1 +12 58 52.0 2000   0.0  0    0.4216481000 2452500.05700 0.5
KM    Cnc 12.600 - 13.10 EW                    ALL                 
 8  8 15.9 +23  4  9.8 2000   0.0  0    0.5364346000 2452500.45900 0.5
KT    Cnc 13.580 - 14.06 EW                    ALL                 
 8 31 25.3 +11 48 13.1 2000   0.0  0    0.3236921800 2452500.25060 0.5
KX    Cnc  7.250 -  0.71 EA         F8         PRI                 
 8 42 46.2 +31 51 45.4 2000   0.3  0   31.2199680000 2452508.07780 0.5
KX    Cnc  7.250 -  0.71 EA         F8         SEC                 
 8 42 46.2 +31 51 45.4 2000   0.3  0   31.2202260000 2452528.14550 0.5
KY    Cnc 10.230 - 10.85 EA                    ALL                 
 8 44 16.2 +25  4 32.7 2000   0.2  0    2.3807060000 2452500.44200 0.5
LM    Cnc 13.120 - 13.41 EW                    ALL                 
 8 50 59.8 +13 57 45.0 2000   0.0  0    0.3216076700 2452500.04900 0.5
LU    Cnc 12.100 - 12.60 EW                    ALL                 
 9 14 25.9 +18 53 54.4 2000   0.0  0    0.3985491000 2452500.03600 0.5
MN    Cnc 14.100 - 14.80 EW                    ALL                 
 8 38 47.7 +31 45 22.4 2000   0.0  0    0.2740238800 2452500.24890 0.5
MU    Cnc 11.200 - 11.85 EW                    ALL                 
 8 57  9.7 +18 56 44.0 2000   0.0  0    0.2910142000 2452500.05200 0.5
RS    CVn  7.930 -  9.14 EA/RS      F4IV-V+K0I ALL                 
13 10 36.9 +35 56  5.6 2000   0.5  0    4.7976830000 2452500.44200 0.5
RV    CVn 13.580 - 14.39 EW         F8         ALL                 
13 40 18.1 +28 18 21.9 2000   0.0  0    0.2695667000 2452500.22200 0.5
UW    CVn 14.500 - 15.10 EW                    ALL                 
14  1 18.7 +28 12 24.0 2000   0.0  0    0.2924636900 2452500.00010 0.5
UX    CVn 13.080 - 13.25 ELL        B3         ALL                 
12 14 48.5 +36 38 49.4 2000   0.0  0    0.5737041800 2452500.27540 0.5
VV    CVn 13.600 - 14.16 EB                    ALL                 
13 17 41.6 +32 40  1.8 2000   0.0  0    0.5331296000 2452500.09400 0.5
VZ    CVn  9.170 -  9.72 EA         F2V        ALL                 
13 32  3.4 +28 35  4.9 2000   0.1  0    0.8424617000 2452500.65550 0.5
YZ    CVn 12.800 - 13.60 EA                    ALL                 
13 56 48.9 +28 44 20.2 2000   0.2  0    1.1755540000 2452500.40040 0.5
BI    CVn 10.220 - 10.67 EW         G0         ALL                 
13  3 16.4 +36 37  0.6 2000   0.0  0    0.3842109000 2452500.07100 0.5
BO    CVn  9.480 - 10.10 EW         A5         ALL                 
13 59  8.2 +40 49  9.4 2000   0.0  0    0.5174644000 2452500.06800 0.5
CI    CVn  9.330 -  9.90 EA         A3         ALL                 
13 13 33.4 +47 47 51.9 2000   0.1  0    0.8158742000 2452500.75190 0.5
CX    CVn  9.340 -  9.60 EA         F8         PRI                 
13 59 55.7 +28  9 40.6 2000   0.0  0    3.2815931000 2452501.85150 0.5
DE    CVn 12.850 - 13.06 E                     PRI                 
13 26 53.2 +45 32 46.3 2000   0.0  0    0.3641392900 2452500.16080 0.5
DF    CVn 10.960 - 11.47 EW                    ALL                 
12 43 37.2 +38 44 15.7 2000   0.0  0    0.3268952400 2452500.21510 0.5
DH    CVn 12.720 - 13.24 EW                    ALL                 
12 26  8.0 +35 55 58.6 2000   0.0  0    0.3658037000 2452500.13800 0.5
DI    CVn 13.380 - 14.11 EW                    ALL                 
12 32  1.5 +35 29 59.5 2000   0.0  0    0.3059667500 2452500.18290 0.5
DK    CVn 12.320 - 12.68 EA         K7V        ALL                 
12 33  9.3 +37 58 22.1 2000   0.0  0    0.4949637000 2452500.37140 0.5
DL    CVn 12.000 - 12.30 EB                    ALL                 
12 52 14.2 +38 56 30.9 2000   0.0  0    0.6424428000 2452500.31200 0.5
DM    CVn 12.500 - 13.20 EA                    PRI                 
13 36 19.3 +29 23 41.2 2000   0.0  0    1.2489673000 2452500.50210 0.5
DQ    CVn 12.120 - 12.59 EW                    ALL                 
12 40 33.4 +34 22 55.8 2000   0.0  0    0.4914223000 2452500.48700 0.5
DR    CVn 11.620 - 11.92 EW                    ALL                 
12 44 41.8 +35 57 56.3 2000   0.0  0    0.3290610000 2452500.21000 0.5
DU    CVn 13.980 - 14.40 EW                    ALL                 
12 51 40.0 +37 15 46.6 2000   0.0  0    0.3071021000 2452500.12400 0.5
DX    CVn 12.250 - 12.71 EW                    ALL                 
13  5 49.2 +38 37  6.0 2000   0.0  0    0.3573780000 2452500.12900 0.5
DY    CVn 13.170 - 13.90 EW                    ALL                 
13 10 47.8 +36 44  8.1 2000   0.0  0    0.2459501800 2452500.07600 0.5
EE    CVn 13.500 - 14.07 EW                    ALL                 
13 34 13.8 +31 21 25.7 2000   0.0  0    0.2805633000 2452500.07500 0.5
EF    CVn 13.080 - 13.56 EW                    ALL                 
13 36 38.4 +28 11 40.6 2000   0.0  0    0.2720526000 2452500.23300 0.5
EG    CVn 12.850 - 13.30 EW                    ALL                 
13 37 26.2 +37 34 59.6 2000   0.0  0    0.3492766000 2452500.31500 0.5
EH    CVn 13.000 - 13.40 EW                    ALL                 
13 41 13.7 +31 47 24.3 2000   0.0  0    0.2635845900 2452500.10300 0.5
EI    CVn 11.820 - 12.60 EW                    ALL                 
14  2  5.6 +34  2 39.9 2000   0.0  0    0.2607664000 2452500.10900 0.5
EL    CVn  9.420 -  9.59 EA         A1V        PRI                 
13 23 57.0 +43 35 55.4 2000   0.1  0    0.7956269700 2452500.06730 0.5
EN    CVn 10.920 - 11.40 EA         F7         PRI                 
13 32  5.3 +46  0  7.4 2000   0.3  0    6.3345990000 2452501.06060 0.5
EN    CVn 10.920 - 11.40 EA         F7         SEC                 
13 32  5.3 +46  0  7.4 2000   0.3  0    6.3346010000 2452504.31010 0.5
EO    CVn 12.250 - 12.56 EW         F8         ALL                 
12 22 24.7 +33 46 14.5 2000   0.0  0    0.3588883000 2452500.30000 0.5
EV    CVn 14.190 - 14.89 EW                    ALL                 
12 44  5.2 +37 11 28.2 2000   0.0  0    0.3359683200 2452500.30910 0.5
EX    CVn 13.420 - 13.85 EW                    ALL                 
12 44 27.6 +38 30 43.7 2000   0.0  0    0.2771577000 2452500.08900 0.5
EY    CVn 11.940 - 12.25 EW                    ALL                 
13  6 25.4 +34 29 17.0 2000   0.0  0    0.3426874200 2452500.27540 0.5
FQ    CVn 12.970 - 13.40 EW                    ALL                 
13 41 17.7 +31 54 29.7 2000   0.0  0    0.3710348000 2452500.36100 0.5
FU    CVn 11.150 - 11.55 EW                    ALL                 
13 52  9.7 +41 17 41.6 2000   0.0  0    0.9621160000 2452500.88300 0.5
FV    CVn 11.770 - 12.15 EW                    ALL                 
13 53 13.7 +32 22 46.7 2000   0.0  0    0.3153620000 2452500.24800 0.5
GG    CVn 12.930 - 13.37 EW                    ALL                 
13 58 43.3 +31 25 10.2 2000   0.0  0    0.3859462000 2452500.26700 0.5
GM    CVn 10.150 - 10.45 EW                    ALL                 
14  1 46.6 +32  8 47.9 2000   0.0  0    0.3669830000 2452500.32100 0.5
GN    CVn 11.460 - 12.20 EW                    ALL                 
14  5  9.0 +38 54 18.8 2000   0.0  0    0.3950088000 2452500.24160 0.5
R     CMa  5.700 -  6.34 EA         F1V+K3IV-V PRI                 
 7 19 28.2 -16 23 42.9 2000   0.2  0    1.1359557000 2452501.12600 0.5
RR    CMa 12.400 - 13.90 EA                    ALL                 
 7 22 50.3 -16 35 27.1 2000   0.2  0    1.1962680000 2452500.40400 0.5
RT    CMa 11.000 - 12.95 EA         F8         PRI                 
 6 13 13.5 -17 39 16.3 2000   0.2  0    1.2937414000 2452500.34000 0.5
RU    CMa 10.840 - 13.20 EA                    PRI                 
 6 22 33.6 -22 41 29.1 2000   0.3  0    1.9761820000 2452500.39700 0.5
RX    CMa 10.590 - 13.60 EA                    PRI                 
 7 13 51.9 -18  9 41.1 2000   0.3  0    2.0690890000 2452501.93300 0.5
SW    CMa  9.120 -  9.75 EA         A3IV       PRI                 
 7  8 15.2 -22 26 25.3 2000   0.5  0   10.0919840000 2452501.34360 0.5
SW    CMa  9.120 -  9.75 EA         A3IV       SEC                 
 7  8 15.2 -22 26 25.3 2000   0.5  0   10.0919760000 2452504.46200 0.5
SX    CMa  9.870 - 10.84 EA         A5         ALL                 
 7 10  8.0 -16 14 39.0 2000   0.3  0    1.6242540000 2452501.54500 0.5
SZ    CMa 10.430 - 11.20 EA         F8         ALL                 
 7 13  3.7 -15 24 44.3 2000   0.2  0    5.7121076000 2452502.09000 0.5
TU    CMa  9.820 - 10.50 EA                    PRI                 
 6 31 36.7 -24  9 50.5 2000   0.1  0    1.1278039700 2452500.77000 0.5
TX    CMa  9.580 - 11.16 EA         B8         PRI                 
 6 13 24.6 -22 32 52.1 2000   0.3  0    2.3974132000 2452502.16670 0.5
TZ    CMa 10.020 - 10.56 EA         A0         PRI                 
 6 41 47.2 -19 40 25.1 2000   0.2  0    3.8228663000 2452502.95210 0.5
TZ    CMa 10.020 - 10.56 EA         A0         SEC                 
 6 41 47.2 -19 40 25.1 2000   0.2  0    3.8228710000 2452504.91000 0.5
UU    CMa 10.960 - 12.70 EA                    PRI                 
 6 58 41.5 -18 48 48.1 2000   0.2  0    2.1665103000 2452501.60200 0.5
UW    CMa  4.820 -  5.33 EB         O8.5If+O9. all                 
 7 18 40.4 -24 33 31.3 2000   0.0  0    4.3933560000 2452502.39000 0.5
UX    CMa 10.800 - 11.28 EB                    all                 
 7 20 21.0 -12 14 28.5 2000   0.0  0    1.8584060000 2452500.91000 0.5
VW    CMa  9.420 -  9.85 EB                    ALL                 
 7 12 25.5 -25 29 58.4 2000   0.0  0    0.7208210000 2452500.50700 0.5
WW    CMa  9.160 -  9.67 EB         F6-G1      ALL                 
 6 19 50.9 -21 39  7.1 2000   0.0  0    2.5163610000 2452502.12600 0.5
AD    CMa 13.500 - 13.70 EA                    PRI                 
 7 13 19.5 -19 30 43.3 2000   0.1  0    0.7933042000 2452500.26700 0.5
AR    CMa 10.870 - 11.70 EA                    PRI                 
 7  5 56.2 -24 40 59.7 2000   0.3  0    2.3322280000 2452501.94800 0.5
AR    CMa 10.870 - 11.70 EA                    SEC                 
 7  5 56.2 -24 40 59.7 2000   0.3  0    2.3322250000 2452503.10170 0.5
CE    CMa 12.800 - 13.40 EA                    PRI                 
 7  2 48.8 -22 51 34.6 2000   1.4  0   27.0728750000 2452515.75640 0.5
CE    CMa 12.800 - 13.40 EA                    SEC                 
 7  2 48.8 -22 51 34.6 2000   1.4  0   27.0728370000 2452533.65480 0.5
CH    CMa 12.100 - 12.70 EA                    ALL                 
 7  4 27.4 -24 29 34.3 2000   0.2  0    1.7219153000 2452500.41300 0.5
CM    CMa 12.500 - 13.00 EA                    ALL                 
 7  9 13.0 -18 38 41.0 2000   0.0  0    0.5309192700 2452500.44200 0.5
CR    CMa 12.100 - 13.10 EB                    ALL                 
 7 18  2.1 -19 40 57.7 2000   0.0  0    0.6241316600 2452500.60860 0.5
CV    CMa 13.000 - 13.60 EA                    PRI                 
 7 19 23.5 -18 42 39.2 2000   0.2  0    3.6282650000 2452502.95000 0.5
CV    CMa 13.000 - 13.60 EA                    SEC                 
 7 19 23.5 -18 42 39.2 2000   0.2  0    3.6283137000 2452504.57310 0.5
CW    CMa  8.560 -  8.98 EA         A0V        ALL                 
 7 21 52.5 -23 47 37.4 2000   0.2  0    2.1179763000 2452500.01940 0.5
CX    CMa  9.890 - 10.42 EA         B5V        ALL                 
 7 22  1.0 -25 52 35.9 2000   0.1  0    0.9546226000 2452500.55220 0.5
CZ    CMa 13.200 - 13.90 EA                    PRI                 
 7 23 57.0 -18 56  4.6 2000   0.1  0    0.8189998000 2452500.49000 0.5
DE    CMa 12.300 - 13.20 EA                    all                 
 7 25  9.8 -27 19 17.6 2000   0.1  0    0.6959642000 2452500.44200 0.5
EE    CMa 12.900 - 13.70 EA                    PRI                 
 7 23 11.8 -15 19 31.7 2000   0.1  0    0.8930902000 2452500.17400 0.5
EF    CMa 11.340 - 12.13 EA                    ALL                 
 7 24 37.7 -17 29 18.9 2000   3.0  0   59.3640000000 2452538.00000 0.5
EG    CMa 11.910 - 14.80 EA         B8III/V    PRI                 
 6 17 27.5 -21 36 28.9 2000   0.3  0    1.8378200000 2452501.62200 0.5
FF    CMa  7.330 -  7.74 EB         B2V+B2V    ALL                 
 7 10 30.6 -30 39 45.0 2000   0.0  0    1.2133750000 2452500.98400 0.5
FQ    CMa 10.980 - 12.39 EA                    ALL                 
 7  4 43.8 -28 43 54.5 2000   0.1  0    0.7247358600 2452500.52200 0.5
FZ    CMa  8.010 -  8.39 EA         B2.5IV-Vn  ALL                 
 7  2 42.6 -11 27 11.6 2000   0.2  0    1.2730490000 2452500.72200 0.5
GU    CMa  6.480 -  6.75 INA        B2Vne      ALL                 
 7  1 49.5 -11 18  3.3 2000   0.0  0    1.6101420000 2452500.24700 0.5
GZ    CMa  7.980 -  8.48 EA         Am+Am      ALL                 
 7 16 19.2 -16 43  0.1 2000   0.3  0    4.8008500000 2452501.54000 0.5
HY    CMa  9.180 -  9.84 EA/RS      K3IV+G0IV  PRI                 
 6 12 38.8 -16 48 36.4 2000   0.0  0    4.9774243000 2452500.81160 0.5
II    CMa 15.220 - 15.74 EW                    ALL                 
 6 57 36.4 -13 14 36.4 2000   0.0  0    0.2291970400 2452500.12700 0.5
IQ    CMa  9.160 -  9.56 EB         A8V        PRI                 
 6 12 37.3 -25 16  7.4 2000   0.0  0    0.7313762900 2452500.06960 0.5
IS    CMa  6.930 -  7.43 EW         F3V        ALL                 
 6 20 56.4 -29 40 15.1 2000   0.0  0    0.6169850200 2452500.26330 0.5
KL    CMa  6.730 -  6.96 EA         B8V        PRI                 
 6 30 29.8 -14 57 15.7 2000   0.0  0    1.7622450000 2452500.10200 0.5
KL    CMa  6.730 -  6.96 EA         B8V        SEC                 
 6 30 29.8 -14 57 15.7 2000   0.0  0    1.7622130000 2452500.84000 0.5
KV    CMa  7.160 -  7.40 EA         B2III/IV   PRI                 
 6 50 52.7 -20 54 37.4 2000   0.0  0   68.1003270000 2452507.57160 0.5
LT    CMa  7.430 -  7.59 EA         B5III      PRI                 
 7  4  2.6 -12 17 17.4 2000   0.2  0    1.7595280000 2452500.56200 0.5
LT    CMa  7.430 -  7.59 EA         B5III      SEC                 
 7  4  2.6 -12 17 17.4 2000   0.2  0    1.7595170000 2452501.40900 0.5
LV    CMa  8.620 -  8.80 EB         B9.5V      ALL                 
 7  6 30.5 -11 32 16.4 2000   0.0  0    1.1834857000 2452501.08280 0.5
MV    CMa  9.690 - 10.04 EB         A1IV       all                 
 7 18  9.9 -30  5  4.5 2000   0.0  0    1.3112495000 2452500.46430 0.5
QU    CMa 11.580 - 12.02 EB                    PRI                 
 7 13 54.6 -25 49 20.3 2000   0.0  0    0.6388295000 2452500.57660 0.5
V388  CMa  8.250 -  8.43 EA         B3V        SEC                 
 7  6  7.4 -12 57  7.9 2000   0.1  0    2.9826426000 2452502.75970 0.5
V388  CMa  8.250 -  8.43 EA         B3V        PRI                 
 7  6  7.4 -12 57  7.9 2000   0.1  0    2.9827927000 2452500.92780 0.5
V398  CMa  7.980 -  8.11 EA         B9III      PRI                 
 7 23 34.7 -31 17 59.8 2000   0.1  0    2.1984755000 2452501.00310 0.5
V432  CMa 12.400 - 13.00 EA                    PRI                 
 6 50 10.1 -13 52 45.0 2000   0.2  0    1.8238631000 2452500.90330 0.5
V432  CMa 12.400 - 13.00 EA                    SEC                 
 6 50 10.1 -13 52 45.0 2000   0.2  0    1.8238627000 2452501.87290 0.5
RS    CMi 13.800 - 15.40 EA                    PRI                 
 7 38 50.8 +03  0 27.7 2000   0.0  0    2.4966980000 2452501.63000 0.5
RT    CMi 14.200 - 14.90 EA                    PRI                 
 7 40 26.9 +06 16 34.1 2000   0.2  0    1.2586163000 2452500.42420 0.5
RW    CMi 13.200 - 14.00 EA                    PRI                 
 7 22 22.6 +02 26 22.2 2000   0.0  0    6.0838388000 2452504.57900 0.5
RW    CMi 13.200 - 14.00 EA                    SEC                 
 7 22 22.6 +02 26 22.2 2000   0.0  0    6.0838499000 2452509.39640 0.5
RY    CMi 12.210 - 14.80 EA                    PRI                 
 7 22 58.2 +06 46 34.9 2000   0.4  0    3.2648800000 2452501.90960 0.5
SX    CMi 13.000 - 14.40 EA                    ALL                 
 7 34 36.4 +05 38 34.1 2000   0.4  0    3.4316200000 2452502.04200 0.5
TT    CMi 14.000 - 14.80 EA                    PRI                 
 7 37  2.0 +05 33 15.9 2000   0.2  0    0.8455202400 2452500.22000 0.5
TU    CMi 14.400 - 15.10 EW                    ALL                 
 7 37  5.8 +07 50 47.7 2000   0.0  0    0.4334450000 2452500.44430 0.5
TX    CMi 13.600 - 14.40 EW                    ALL                 
 7 40 20.0 +04 42 39.6 2000   0.0  0    0.3892197000 2452500.07000 0.5
TY    CMi 12.700 - 14.10 EA                    ALL                 
 7 40 52.9 +02 52 28.7 2000   0.1  0    1.2991213000 2452501.00100 0.5
TZ    CMi 13.400 - 14.60 EA                    ALL                 
 7 41 12.8 +06 54 24.1 2000   0.2  0    1.7768110000 2452500.51700 0.5
UY    CMi 13.150 - 14.00 EA                    PRI                 
 7 47 54.1 +09 33 32.4 2000   0.0  0    4.4498382000 2452503.74420 0.5
UZ    CMi 11.300 - 12.00 EW         F8         ALL                 
 7 50 51.8 +03 39  3.5 2000   0.0  0    0.5513646000 2452500.48300 0.5
XZ    CMi  9.900 - 10.60 EB         F0         PRI                 
 7 54  7.1 +03 39 20.3 2000   0.0  0    0.5788113600 2452500.04460 0.5
YY    CMi  8.460 -  9.23 EB         F6Vn       PRI                 
 8  6 38.6 +01 55 46.5 2000   0.0  0    1.0940205000 2452500.75620 0.5
AB    CMi 13.400 - 15.90 EA                    PRI                 
 7  7 57.3 +11 58 18.9 2000   0.4  0    4.0712500000 2452501.20000 0.5
AC    CMi 11.300 - 12.10 EA         F5         ALL                 
 7 29 50.1 +10 36 56.3 2000   0.0  0    0.8672173000 2452500.81600 0.5
AG    CMi 11.000 - 11.90 EA         F4         ALL                 
 7  8 36.0 +06 14 25.9 2000   0.2  0    1.6645120000 2452500.88300 0.5
AK    CMi 10.520 - 11.31 EA         A5V        ALL                 
 7 40 15.6 +03 57  9.4 2000   0.1  0    0.5658970000 2452500.07900 0.5
AM    CMi 10.220 - 10.63 EB                    PRI                 
 7 50 18.1 +01 57 19.2 2000   0.0  0    1.0192002000 2452500.89800 0.5
AN    CMi 14.000 - 15.50 EA                    PRI                 
 7  9  9.1 +01 42 10.6 2000   0.4  0    1.8222730000 2452501.19700 0.5
AO    CMi 14.400 - 15.60 EA                    PRI                 
 7 10  4.2 +01 58 28.9 2000   0.2  0    0.8531037000 2452500.76600 0.5
AP    CMi 11.780 - 12.73 EA                    PRI                 
 7 24 42.6 -00  7 20.4 2000   0.3  0    2.1628240000 2452501.58900 0.5
AV    CMi 11.440 - 11.90 EA                    SEC                 
 7  9 10.9 +12 11 19.0 2000   0.2  0    2.2777582000 2452501.67650 0.5
AV    CMi 11.440 - 11.90 EA                    PRI                 
 7  9 10.9 +12 11 19.0 2000   0.2  0    2.2777487000 2452500.69310 0.5
BB    CMi 10.060 - 10.57 EB         A5         ALL                 
 7 51 24.5 +04 54 39.2 2000   0.0  0    0.7928574000 2452500.44000 0.5
BF    CMi 10.700 - 11.13 EA                    ALL                 
 7 30 18.9 +04 31 21.9 2000   0.3  0    2.3613520000 2452500.38400 0.5
BH    CMi 10.060 - 10.37 EW                    ALL                 
 8  2 36.4 +01 43 50.2 2000   0.0  0    0.5592488000 2452500.36410 0.5
BL    CMi 11.500 - 11.90 EB                    ALL                 
 7 23 49.2 +01 37  3.6 2000   0.0  0    5.9039100000 2452502.17000 0.5
BX    CMi 10.810 - 11.48 EA                    ALL                 
 7 10 46.3 +07 53 50.3 2000   0.2  0    1.5350927000 2452500.34270 0.5
CW    CMi 10.900 - 11.40 EW                    ALL                 
 7 50 45.5 -00  0 11.4 2000   0.0  0    0.3131831000 2452500.32100 0.5
CX    CMi 11.380 - 11.94 EB                    ALL                 
 7 13 34.1 +10 15 12.9 2000   0.0  0    1.1219836000 2452501.08510 0.5
CZ    CMi 10.650 - 11.10 EW                    ALL                 
 7 16 57.3 +09 12 35.5 2000   0.0  0    0.4263990000 2452500.10600 0.5
DG    CMi 11.940 - 13.90 EA                    ALL                 
 7 18 33.4 +09 29 39.7 2000   0.1  0    0.9937002000 2452500.45900 0.5
DR    CMi 11.080 - 11.65 EA                    PRI                 
 7 24 31.4 +03  3 27.9 2000   0.0  0   23.7686860000 2452508.56510 0.5
DR    CMi 11.080 - 11.65 EA                    SEC                 
 7 24 31.4 +03  3 27.9 2000   0.0  0   23.7697590000 2452524.48090 0.5
DW    CMi 14.500 - 15.20 EW                    ALL                 
 7 40 33.1 +04 42 20.1 2000   0.0  0    0.3075554200 2452500.28150 0.5
EI    CMi 13.000 - 13.90 EW                    PRI                 
 7 57  6.3 +01 17 19.9 2000   0.0  0    0.3625368800 2452500.34080 0.5
EL    CMi 11.800 - 12.80 EA                    PRI                 
 7 59 46.8 +00 21  6.6 2000   0.2  0    1.0538411000 2452500.43440 0.5
ET    CMi 12.800 - 12.90 EW                    ALL                 
 7  9 20.8 +12 12 14.0 2000   0.0  0    0.4358982000 2452500.01200 0.5
RW    Cap 10.190 - 11.88 EA         A3+A4      PRI                 
20 17 56.1 -17 40 23.3 2000   0.5  0    3.3922260000 2452502.24900 0.5
TY    Cap 10.300 - 11.46 EA         A2/3V      PRI                 
20 24 29.7 -12 57 55.4 2000   0.3  0    1.4234627000 2452500.05270 0.5
UW    Cap 10.770 - 11.64 EA                    ALL                 
20 20 51.3 -10 30 54.9 2000   0.1  0    0.6995608700 2452500.36660 0.5
AD    Cap  9.620 - 10.00 EB /RS     K0IV/V     all                 
21 39 48.9 -16  0 21.0 2000   0.0  0    2.9584150000 2452502.93000 0.5
AF    Cap 10.750 - 12.07 EA                    pri                 
20 14 54.1 -21  5 39.9 2000   0.7  0    5.9356200000 2452503.82840 0.5
AQ    Cap 12.600 - 13.30 EW                    ALL                 
21  3 16.5 -18 41 55.6 2000   0.0  0    0.3173871000 2452500.09600 0.5
BF    Cap  8.820 -  9.18 EB         F0V        PRI                 
20 18 28.6 -19 17 29.4 2000   0.0  0    0.5326759000 2452500.41960 0.5
CM    Cap  9.720 - 10.21 EW         F8/G0V     ALL                 
20 19 49.6 -12 30 38.1 2000   0.0  0    0.4189014000 2452500.10000 0.5
CQ    Cap  8.820 -  9.21 EB         A9V        ALL                 
21 26 32.7 -17 52 42.5 2000   0.0  0    0.6908061000 2452500.13900 0.5
X     Car  7.800 -  8.67 EB         A0V        all                 
 8 31 16.8 -59 13 37.3 2000   0.0  0    1.0826311000 2452500.70650 0.5
SS    Car 12.300 - 13.00 EA                    ALL                 
10 58 10.6 -61 54 57.5 2000   0.4  0    3.3006960000 2452501.25000 0.5
ST    Car  9.560 - 10.67 EB         A0IV       ALL                 
10 15 53.1 -60 12 55.0 2000   0.0  0    0.9016496600 2452500.20000 0.5
SW    Car 10.530 - 12.60 EA         A0         ALL                 
10 26 57.1 -58 16 34.0 2000   0.7  0    8.1659500000 2452506.35000 0.5
DO    Car  9.010 -  9.34 EA         A1IV-V     PRI                 
10 13 20.6 -59 13  7.9 2000   0.2  0    3.8519821000 2452500.00990 0.5
DQ    Car 11.060 - 11.90 EA         A0         ALL                 
10 21 56.7 -57 14 41.1 2000   0.2  0    1.7336742000 2452501.09200 0.5
DR    Car 11.360 - 13.10 EA         B5         ALL                 
10 24 41.4 -60 29 55.4 2000   0.5  0    3.9958530000 2452503.08510 0.5
DW    Car  9.680 - 10.41 EB         B1V+B1V    ALL                 
10 43 10.1 -60  2 11.8 2000   0.0  0    1.3277484000 2452500.14630 0.5
EM    Car  8.370 -  8.86 EA         O8V        PRI                 
11 12  4.5 -61  5 42.9 2000   0.5  0    3.4142852000 2452502.42600 0.5
EM    Car  8.370 -  8.86 EA         O8V        SEC                 
11 12  4.5 -61  5 42.9 2000   0.5  0    3.4142645000 2452504.11700 0.5
EN    Car 10.280 - 10.74 EA         B3-B5      all                 
11 12  7.5 -60 43 15.6 2000   0.2  0    3.0700295000 2452501.81240 0.5
EZ    Car  9.940 - 10.35 EA         B4III-IV   ALL                 
10 42 53.9 -62 23 32.8 2000   0.2  0    1.1886890000 2452500.19390 0.5
GL    Car  9.530 - 10.19 EA         B3 V       PRI                 
11 14 39.8 -60 39 36.4 2000   0.3  0    2.4220732000 2452500.65140 0.5
GL    Car  9.530 - 10.19 EA         B3 V       SEC                 
11 14 39.8 -60 39 36.4 2000   0.3  0    2.4223603000 2452501.40370 0.5
GM    Car  9.130 -  9.37 EB         B8II-III   all                 
10 37 15.6 -59 14 23.4 2000   0.0  0    1.5354426000 2452500.35000 0.5
GP    Car 11.500 - 12.10 EB                    ALL                 
10 30  1.0 -59  4 44.2 2000   0.0  0    2.4641890000 2452501.46000 0.5
GQ    Car 12.000 - 13.40 EB                    all                 
10 36 20.8 -60 35 41.5 2000   0.0  0    0.6837427000 2452500.29900 0.5
GR    Car 13.680 - 14.36 EA                    PRI                 
10 38 50.7 -58 12 37.4 2000   0.3  0   17.1395000000 2452512.36320 0.5
GR    Car 13.680 - 14.36 EA                    SEC                 
10 38 50.7 -58 12 37.4 2000   0.3  0   17.1394770000 2452517.74630 0.5
GW    Car  9.570 - 10.48 EB         B1III n    ALL                 
 9 36 23.3 -59 59  9.7 2000   0.0  0    1.1289173000 2452500.05450 0.5
HH    Car 10.300 - 10.82 EB         Bea        pri                 
10 53 36.7 -59 27 17.8 2000   0.0  0    3.2315150000 2452501.64000 0.5
HI    Car 10.570 - 11.40 EA         B5         ALL                 
11  1 27.1 -60 26 28.7 2000   0.4  0    2.2273503000 2452501.35280 0.5
HP    Car  8.790 -  9.30 EB         B2IIIn     ALL                 
10 19 35.7 -57 24 18.7 2000   0.0  0    1.6004526000 2452500.94900 0.5
IR    Car 11.800 - 12.20 EW                    ALL                 
11  9  6.5 -59 40 28.9 2000   0.0  0    0.3460638000 2452500.16500 0.5
KQ    Car 10.160 - 11.40 EA         B8III-IV   PRI                 
 9 29 19.5 -60 51 22.0 2000   0.4  0    2.3183650000 2452500.89000 0.5
KU    Car 10.960 - 11.70 EA                    ALL                 
10 37 45.2 -58 40 11.1 2000   0.3  0    2.9605521000 2452505.38180 0.5
PX    Car  9.620 - 10.46 EB         A9IV       ALL                 
 6 21  0.2 -54 32 56.8 2000   0.0  0    0.7951000000 2452500.54700 0.5
PY    Car 10.320 - 11.15 EA                    PRI                 
 7 34 58.9 -63 44  3.7 2000   0.4  0    3.3407860000 2452502.68000 0.5
PZ    Car  9.630 -  9.93 EA         G5         ALL                 
10 37 45.2 -61 28 26.1 2000   1.4  0   10.4020300000 2452502.79000 0.5
QQ    Car 11.820 - 13.70 EA                    ALL                 
 8 46 42.4 -58  5 36.2 2000   1.1  0   11.0195200000 2452509.80000 0.5
QR    Car  9.350 - 10.04 EB         A3         pri                 
 9 51  8.4 -67 26 11.7 2000   0.0  0    0.7490072000 2452500.56000 0.5
QS    Car  9.250 - 10.25 EA         F3         ALL                 
10 34 17.5 -71  9 53.5 2000   0.6  0    4.6602825000 2452503.50940 0.5
QT    Car 11.080 - 12.20 EA                    all                 
10 52 21.2 -71 53 33.3 2000   0.2  0    1.6325165000 2452500.03000 0.5
QW    Car 11.640 - 13.60 EA                    ALL                 
 9 32 57.6 -74 16 34.5 2000   0.3  0    2.8532200000 2452500.54000 0.5
QX    Car  6.620 -  7.21 EA         B5V+B5V    PRI                 
 9 54 33.9 -58 25 16.6 2000   0.4  0    4.4780310000 2452500.98800 0.5
QX    Car  6.620 -  7.21 EA         B5V+B5V    SEC                 
 9 54 33.9 -58 25 16.6 2000   0.4  0    4.4779160000 2452502.55400 0.5
QZ    Car  6.200 -  6.50 EB         O9.7Ib +O9 all                 
10 44 22.9 -59 59 36.0 2000   0.0  0    5.9990683000 2452502.56040 0.5
V338  Car  9.190 - 10.21 EA         B9ea       PRI                 
11 13 52.3 -58 36 30.4 2000   0.0  0   74.6470000000 2452514.00000 0.5
V348  Car  8.600 -  8.96 EB         B1III+B    all                 
10 26 59.0 -57 40 32.8 2000   0.0  0    5.5621070000 2452502.48200 0.5
V454  Car  6.920 -  7.11 EB         B4/B5V     ALL                 
 7 32 46.2 -53 33 18.9 2000   0.0  0    0.9804157400 2452500.17150 0.5
V466  Car  7.270 -  7.55 EA         B8/B9V     PRI                 
 8 18  5.0 -60 18 50.0 2000   0.4  0    3.4557890000 2452501.85400 0.5
V466  Car  7.270 -  7.55 EA         B8/B9V     SEC                 
 8 18  5.0 -60 18 50.0 2000   0.4  0    3.4558852000 2452503.26630 0.5
V467  Car  8.020 -  8.45 EA         B9IV       PRI                 
 8 20  1.7 -56 51 29.8 2000   0.0  0    7.0461527000 2452504.04770 0.5
V467  Car  8.020 -  8.45 EA         B9IV       SEC                 
 8 20  1.7 -56 51 29.8 2000   0.0  0    7.0461163000 2452508.56470 0.5
V493  Car  8.870 -  9.22 EA         B9IV       PRI                 
 9 57 40.3 -59 42 51.7 2000   0.0  0    3.2294680000 2452502.47300 0.5
V493  Car  8.870 -  9.22 EA         B9IV       SEC                 
 9 57 40.3 -59 42 51.7 2000   0.0  0    3.2294070000 2452504.42500 0.5
V529  Car  8.100 -  8.48 EA         B8V        PRI                 
11  3 12.8 -63  3 59.8 2000   0.0  0    4.7446250000 2452503.28400 0.5
V529  Car  8.100 -  8.48 EA         B8V        SEC                 
11  3 12.8 -63  3 59.8 2000   0.0  0    4.7445500000 2452505.90000 0.5
V606  Car  8.310 -  8.68 EA         B8/9III    PRI                 
 7 44 38.7 -56 42 31.6 2000   0.5  0   12.3192770000 2452500.61710 0.5
V606  Car  8.310 -  8.68 EA         B8/9III    SEC                 
 7 44 38.7 -56 42 31.6 2000   0.5  0   12.3194200000 2452507.85280 0.5
V610  Car 10.190 - 10.67 EA         B8         PRI                 
 9 22 59.8 -59 44 56.2 2000   0.4  0    4.8448424000 2452502.08740 0.5
V610  Car 10.190 - 10.67 EA         B8         SEC                 
 9 22 59.8 -59 44 56.2 2000   0.4  0    4.8450156000 2452503.58400 0.5
V655  Car  6.190 -  6.36 EA         B4IV       PRI                 
10 30  8.8 -66 59  4.8 2000   0.8  0   16.9328630000 2452510.03420 0.5
V655  Car  6.190 -  6.36 EA         B4IV       SEC                 
10 30  8.8 -66 59  4.8 2000   0.8  0   16.9328730000 2452516.68580 0.5
V661  Car  8.050 -  8.29 EA         O6III f    PRI                 
10 44  0.4 -59 52 27.5 2000   0.7  0   23.9442500000 2452509.06850 0.5
V661  Car  8.050 -  8.29 EA         O6III f    SEC                 
10 44  0.4 -59 52 27.5 2000   0.7  0   23.9425930000 2452524.67520 0.5
V674  Car  9.940 - 10.47 EA         B8         PRI                 
11  6 50.2 -59 50 48.0 2000   0.6  0   19.8117850000 2452518.09890 0.5
V674  Car  9.940 - 10.47 EA         B8         SEC                 
11  6 50.2 -59 50 48.0 2000   0.6  0   19.8145380000 2452523.86590 0.5
V725  Car  9.960 - 10.20 EA         B0V n      SEC                 
10 43 30.8 -59 29 23.8 2000   0.4  0    9.4102612000 2452510.81340 0.5
V725  Car  9.960 - 10.20 EA         B0V n      PRI                 
10 43 30.8 -59 29 23.8 2000   0.4  0    9.4111537000 2452509.26230 0.5
V733  Car 10.700 - 11.05 EA         B2-3       PRI                 
10 46 38.8 -59 23 46.3 2000   0.3  0    2.9569495000 2452500.40000 0.5
V734  Car 11.200 - 11.58 EA         A          PRI                 
10 47 27.8 -59 37 46.7 2000   0.1  0    3.1074577000 2452501.20220 0.5
V734  Car 11.200 - 11.58 EA         A          SEC                 
10 47 27.8 -59 37 46.7 2000   0.1  0    3.1074503000 2452502.56980 0.5
V736  Car  7.910 -  8.18 EA         B1Vnep     PRI                 
10 47 38.9 -60 37  4.3 2000   0.7  0   17.7991290000 2452504.83790 0.5
V736  Car  7.910 -  8.18 EA         B1Vnep     SEC                 
10 47 38.9 -60 37  4.3 2000   0.7  0   17.7995640000 2452516.55050 0.5
RX    Cas  8.640 -  9.49 EB         K1III+A5II ALL                 
 3  7 45.8 +67 34 38.6 2000   0.0  0   32.3380000000 2452518.40000 0.5
RZ    Cas  6.180 -  7.72 EA         A3V        PRI                 
 2 48 55.5 +69 38  3.4 2000   0.2  0    1.1952514000 2452500.58100 0.5
SX    Cas  8.960 -  9.83 EA         B7IIIe+K3I PRI                 
 0 10 42.1 +54 53 29.4 2000   3.7  0   36.5662000000 2452502.39000 0.5
TV    Cas  7.220 -  8.22 EA         B9V+F7IV   PRI                 
 0 19 18.7 +59  8 20.6 2000   0.3  0    1.8125917000 2452501.72710 0.5
TW    Cas  8.280 -  9.00 EA         B9V        ALL                 
 2 45 54.8 +65 43 35.0 2000   0.2  0    1.4283370000 2452500.81700 0.5
TX    Cas  9.160 -  9.80 EB         B0V        ALL                 
 2 52 16.2 +62 46 57.5 2000   0.0  0    2.9268576000 2452500.81700 0.5
UU    Cas  9.500 -  9.94 EB         B0.5III    ALL                 
23 50 39.5 +60 54 39.1 2000   0.0  0    8.5193400000 2452503.51000 0.5
XX    Cas  9.460 - 10.37 EA         B4Vn+B6n   PRI                 
 1 29 34.6 +60 58  4.7 2000   0.5  0    3.0671828000 2452501.48940 0.5
YZ    Cas  5.640 -  6.06 EA         A3IV+F2V   PRI                 
 0 45 39.1 +74 59 17.1 2000   0.4  0    4.4672226000 2452503.51420 0.5
ZZ    Cas 10.950 - 11.80 EB         B3         ALL                 
 0 33 30.4 +62 30 40.2 2000   0.0  0    1.2435406000 2452500.72770 0.5
AB    Cas 10.160 - 11.98 EA+DSCTC   A3+K       PRI                 
 2 37 31.5 +71 18 16.3 2000   0.2  0    1.3668862000 2452501.36700 0.5
AE    Cas 11.900 - 12.90 EA         G6V        PRI                 
 1 27  0.3 +70  7 38.2 2000   0.2  0    0.7591194000 2452500.72870 0.5
AH    Cas 12.600 - 14.10 EA                    ALL                 
 1 34 38.7 +70 57  3.2 2000   0.2  0    1.4022560000 2452500.42200 0.5
AL    Cas 12.900 - 13.60 EW                    PRI                 
 2 13 44.7 +70  8 43.0 2000   0.0  0    0.5005568000 2452500.26000 0.5
AO    Cas  6.070 -  6.24 ELL        O9IIInn+O9 pri                 
 0 17 43.1 +51 25 59.1 2000   0.0  0    3.5234810000 2452500.51000 0.5
AQ    Cas 10.150 - 11.10 EA         B3V        ALL                 
 1 19 10.4 +62 23 48.4 2000   1.9  0   11.7211400000 2452502.68000 0.5
AR    Cas  4.890 -  5.02 EA         B3V        PRI                 
23 30  1.9 +58 32 56.1 2000   0.4  0    6.0663350000 2452505.65500 0.5
AR    Cas  4.890 -  5.02 EA         B3V        SEC                 
23 30  1.9 +58 32 56.1 2000   0.4  0    6.0662974000 2452509.29350 0.5
AT    Cas 13.900 - 15.10 EA                    PRI                 
 0 34 21.1 +62 34 59.3 2000   0.2  0    1.5955534000 2452500.32910 0.5
AX    Cas 12.500 - 13.20 EB                    ALL                 
 1 23 50.0 +61 34 28.2 2000   0.0  0    0.6003681000 2452500.36000 0.5
BG    Cas 12.700 - 13.30 EA                    PRI                 
 0 14 42.5 +62 19 51.7 2000   0.5  0    3.9536200000 2452500.95000 0.5
BH    Cas 12.580 - 13.20 EW                    ALL                 
 0 21 21.4 +59  9  5.3 2000   0.0  0    0.4058994000 2452500.05400 0.5
BM    Cas  8.780 -  9.31 EB         A7Iab      PRI                 
 0 54 46.0 +64  5  5.2 2000   0.0  0  197.3100000000 2452602.50000 0.5
BN    Cas 12.550 - 13.10 EA         G0         ALL                 
 1  0  1.7 +60  5 14.9 2000   0.6  0    3.2158520000 2452501.19000 0.5
BS    Cas 11.870 - 12.50 EW         A-F        ALL                 
 1 21 38.6 +59 10 27.0 2000   0.0  0    0.4404635000 2452500.31800 0.5
BU    Cas 11.500 - 12.10 EA         A          PRI                 
 1 28 41.0 +61  7 55.3 2000   0.2  0    2.2551953000 2452502.30700 0.5
BW    Cas 12.100 - 13.30 EA                    PRI                 
 1 39 29.0 +63 26  9.5 2000   0.2  0    1.2628347000 2452501.00000 0.5
BZ    Cas 11.400 - 12.40 EA         A0         ALL                 
 1 53 42.5 +62 57 35.1 2000   0.3  0    2.1264724000 2452501.28100 0.5
CC    Cas  7.080 -  7.22 EB         O9IV+O9IV  ALL                 
 3 14  5.3 +59 33 48.5 2000   0.0  0    3.3663160000 2452503.33600 0.5
CR    Cas 11.280 - 12.18 EB                    ALL                 
23  4 52.0 +59 33 56.7 2000   0.0  0    2.8402120000 2452500.57800 0.5
CV    Cas 13.900 - 17.50 EA                    PRI                 
 0 31 54.5 +71 41 38.6 2000   0.2  0    2.5876640000 2452500.30200 0.5
CW    Cas 11.020 - 11.62 EW         G8p        ALL                 
 0 45 52.7 +63  5  8.4 2000   0.0  0    0.3188562000 2452500.05800 0.5
DN    Cas  9.810 - 10.24 EA         O8V+O8V    ALL                 
 2 23 11.5 +60 49 50.2 2000   0.3  0    2.3109537000 2452501.92900 0.5
DO    Cas  8.340 -  9.00 EB         A4V        ALL                 
 2 41 24.2 +60 33 11.8 2000   0.0  0    0.6846672000 2452500.07300 0.5
DP    Cas 13.400 - 13.80 EB                    ALL                 
23 20 12.7 +62 18 26.3 2000   0.0  0    1.2215917000 2452500.63560 0.5
DZ    Cas 11.600 - 12.30 EB         A9         PRI                 
23 39 50.0 +55 52 55.9 2000   0.0  0    0.7848833000 2452500.75400 0.5
EG    Cas 12.900 - 13.40 EB                    PRI                 
23 45 41.2 +57 13  8.2 2000   0.0  0    0.6114427000 2452500.36410 0.5
EI    Cas 14.000 - 15.00 EA                    PRI                 
23 45 46.1 +58  6 43.0 2000   0.2  0    1.6891540000 2452501.54210 0.5
EK    Cas 11.900 - 12.40 EB                    PRI                 
23 47  7.1 +55 32 37.3 2000   0.0  0    8.6779100000 2452507.16000 0.5
EL    Cas 13.800 - 14.50 EA                    PRI                 
23 47 38.6 +62 27 10.9 2000   0.8  0    5.2822500000 2452500.86000 0.5
EN    Cas 11.400 - 12.10 EA                    PRI                 
23 50 22.6 +56 17 18.3 2000   0.8  0    4.4377888000 2452501.69440 0.5
EP    Cas 11.450 - 12.20 EB                    ALL                 
23 52 58.9 +57 26 50.5 2000   0.0  0    0.8134389000 2452500.17150 0.5
ES    Cas 14.700 - 16.20 EA                    PRI                 
23 55 46.3 +56 10 13.7 2000   0.2  0    2.1095220000 2452501.26000 0.5
EY    Cas 14.000 - 14.50 EW                    ALL                 
 0  3 22.7 +57 44 53.8 2000   0.0  0    0.4819804000 2452500.40700 0.5
FV    Cas 13.000 - 15.30 EA         A0V        pri                 
 0 36 36.4 +55 13 32.1 2000   0.3  0    3.0668860000 2452500.32900 0.5
GG    Cas  9.940 - 10.29 EA         B5-B8V+F8- PRI                 
 1 16 12.9 +56 19 42.7 2000   0.5  0    3.7586670000 2452500.21300 0.5
GH    Cas 12.300 - 15.80 EA                    PRI                 
 1 49  3.4 +56 16 27.3 2000   0.4  0    3.3583030000 2452501.78600 0.5
GK    Cas 12.900 - 13.70 EA                    ALL                 
 1 58 45.6 +59 46 12.2 2000   0.3  0    2.3036859000 2452501.03700 0.5
GR    Cas 11.970 - 13.38 EA                    PRI                 
 2 47 46.1 +60  4 11.8 2000   0.1  0    1.0462594000 2452500.98040 0.5
GT    Cas 11.900 - 12.80 EA         A0         PRI                 
 0 13 30.1 +58 17  0.8 2000   0.4  0    2.9898190000 2452500.80400 0.5
GU    Cas 11.200 - 12.10 EA         OB         PRI                 
 0 16 25.0 +56 20 46.8 2000   0.3  0    3.0933160000 2452502.99000 0.5
HQ    Cas 13.900 - 14.60 EA                    PRI                 
 1  7 50.6 +60  7 10.5 2000   0.3  0    2.1946530000 2452500.10000 0.5
IL    Cas 10.600 - 11.60 EA         B5         PRI                 
 1 30 46.8 +60  6  2.4 2000   0.4  0    3.4517260000 2452501.74200 0.5
IQ    Cas 12.530 - 13.15 EA                    PRI                 
 1 49 41.7 +59 43 10.3 2000   0.5  0    3.5416697000 2452501.93260 0.5
IR    Cas 11.000 - 11.90 EB         F4         ALL                 
23  6 52.4 +54  4 52.2 2000   0.0  0    0.6806875000 2452500.13700 0.5
IS    Cas 11.370 - 12.63 EA         A2         PRI                 
23 28 28.6 +60 33 56.4 2000   0.2  0    1.8415157000 2452500.52770 0.5
IT    Cas 10.990 - 11.98 EA+DSCTC   F6         SEC                 
23 42  1.4 +51 44 36.8 2000   0.2  0    3.8966506000 2452502.95340 0.5
IT    Cas 10.990 - 11.98 EA+DSCTC   F6         PRI                 
23 42  1.4 +51 44 36.8 2000   0.2  0    3.8966480000 2452500.80780 0.5
IV    Cas 11.200 - 12.40 EA+DSCTC   A2         PRI                 
23 49 31.5 +53  8  4.6 2000   0.2  0    0.9985081000 2452500.35180 0.5
KL    Cas 11.800 - 12.90 EB         OB         ALL                 
 0 51 41.5 +58 51 51.9 2000   0.0  0    2.4474257000 2452500.33920 0.5
KR    Cas  9.800 - 11.00 EA         A0         PRI                 
 0 54  2.2 +54 31  1.1 2000   0.7  0    4.9042550000 2452501.87210 0.5
KT    Cas 13.000 - 14.70 EA                    PRI                 
 1  4 50.2 +54  6 19.9 2000   0.3  0    2.7696670000 2452501.97600 0.5
LQ    Cas 14.100 - 17.20 EA                    PRI                 
 0  4 11.0 +61 42  7.8 2000   0.0  0    2.8693348000 2452502.20220 0.5
LR    Cas 10.700 - 11.40 EB         B5         ALL                 
 1 32 49.9 +63  1  3.2 2000   0.0  0    4.4557900000 2452501.63000 0.5
LU    Cas 14.200 - 16.10 EA                    PRI                 
 2 46 48.1 +63 18 14.4 2000   0.3  0    2.0369940000 2452501.16400 0.5
LX    Cas 14.800 - 15.80 EA                    ALL                 
 3  0 54.4 +60 27 33.9 2000   0.2  0    1.3971500000 2452500.20600 0.5
LY    Cas 14.900 - 16.10 EA                    PRI                 
 3  1  5.6 +59  5 54.0 2000   0.2  0    1.4764200000 2452500.87000 0.5
MM    Cas 11.270 - 12.16 EB         F          ALL                 
 0 54 35.0 +54 26 36.4 2000   0.0  0    1.1584797900 2452500.57090 0.5
MN    Cas 10.100 - 10.58 EA         A0V+A0V    ALL                 
 1 42  3.0 +54 57 35.8 2000   0.3  0    1.9169271000 2452501.53200 0.5
MR    Cas 14.900 - 15.70 EW                    ALL                 
 0 11 42.0 +58  4 23.9 2000   0.0  0    0.4352215000 2452500.04800 0.5
MS    Cas 12.900 - 13.80 EA         A          ALL                 
 0 11 53.2 +60  6 38.1 2000   0.1  0    1.1727377000 2452500.07230 0.5
MT    Cas 13.150 - 13.83 EW                    ALL                 
 0 14 43.7 +54 40 14.2 2000   0.0  0    0.3138789000 2452500.08600 0.5
MU    Cas 11.200 - 11.65 EA         B8         PRI                 
 0 15 51.6 +60 25 53.6 2000   0.0  0    9.6529570000 2452504.02500 0.5
MU    Cas 11.200 - 11.65 EA         B8         SEC                 
 0 15 51.6 +60 25 53.6 2000   0.0  0    9.6529520000 2452509.99900 0.5
MV    Cas 13.900 - 16.20 EA                    ALL                 
 0 16 37.7 +62 48 48.9 2000   0.3  0    1.1122540000 2452500.27100 0.5
MW    Cas 12.000 - 12.30 EW                    ALL                 
 0 16 49.5 +55  5  0.2 2000   0.0  0    0.4808938000 2452500.00300 0.5
MY    Cas 14.800 - 16.40 EB                    ALL                 
 0 21  7.0 +63 54 45.9 2000   0.0  0    0.9262353700 2452500.18340 0.5
NN    Cas 13.600 - 14.80 EB                    ALL                 
 0 22 20.1 +57 30  3.0 2000   0.0  0    0.9808120000 2452500.63500 0.5
NT    Cas 14.200 - 14.80 EA                    PRI                 
 0 32  4.6 +55 27 21.1 2000   0.1  0    1.1225136000 2452500.87610 0.5
NU    Cas 13.200 - 13.90 EB                    PRI                 
 0 32 24.7 +57  1 51.5 2000   0.0  0    0.7666893000 2452500.80410 0.5
NV    Cas 14.800 - 15.50 EA                    PRI                 
 0 36 13.0 +55 54 48.2 2000   0.1  0    0.7415239000 2452500.52970 0.5
NZ    Cas 13.200 - 13.70 EA                    PRI                 
 0 43 48.4 +60 12 10.1 2000   0.4  0    2.7709710000 2452500.63700 0.5
OQ    Cas 14.400 - 15.10 EA                    PRI                 
 0 47 25.1 +61  1 47.0 2000   0.2  0    0.7166804000 2452500.50000 0.5
OR    Cas 11.350 - 12.00 EA         F3         PRI                 
 0 48  1.3 +60 51 42.2 2000   0.1  0    1.2457077000 2452500.58520 0.5
OX    Cas  9.920 - 10.41 EA         B1V        PRI                 
 1  9  0.1 +61 28 14.8 2000   0.4  0    2.4893880000 2452501.52200 0.5
OX    Cas  9.920 - 10.41 EA         B1V        SEC                 
 1  9  0.1 +61 28 14.8 2000   0.4  0    2.4893350000 2452502.83000 0.5
PV    Cas  9.730 - 10.29 EA         B8V+B8V    PRI                 
23 10  2.6 +59 12  6.2 2000   0.2  0    1.7504719000 2452501.65900 0.5
PV    Cas  9.730 - 10.29 EA         B8V+B8V    SEC                 
23 10  2.6 +59 12  6.2 2000   0.2  0    1.7504689000 2452502.57700 0.5
QQ    Cas 10.100 - 10.80 EB         B2         ALL                 
23 45 36.8 +59 54 21.6 2000   0.0  0    2.1420690000 2452501.29200 0.5
QX    Cas 10.180 - 10.70 EA         B1V+B1V    PRI                 
23 58 43.2 +61  9 39.5 2000   0.5  0    6.0046900000 2452502.10000 0.5
QX    Cas 10.180 - 10.70 EA         B1V+B1V    SEC                 
23 58 43.2 +61  9 39.5 2000   0.5  0    6.0046900000 2452504.31000 0.5
V336  Cas 13.400 - 14.10 EB                    PRI                 
 0  1  0.4 +60 26 45.8 2000   0.0  0    0.5972877700 2452500.40790 0.5
V337  Cas 12.600 - 13.10 EA         A2         PRI                 
 0 13 22.4 +58 12 33.6 2000   0.3  0    7.0465640000 2452505.51400 0.5
V344  Cas 12.800 - 13.40 EW                    ALL                 
23  7 35.1 +57 23 34.0 2000   0.0  0    1.0007460000 2452500.40520 0.5
V345  Cas 13.100 - 14.20 EB                    ALL                 
23  8 39.9 +54  6 54.8 2000   0.0  0    0.6887602000 2452500.35000 0.5
V350  Cas 13.900 - 15.50 EA                    PRI                 
23 12  2.6 +53 40 31.4 2000   0.3  0    2.0572426000 2452501.26300 0.5
V355  Cas 13.500 - 15.30 EA         A0V        PRI                 
23 27  6.3 +56 44 44.5 2000   0.4  0    2.2594650000 2452500.62200 0.5
V357  Cas 13.000 - 13.60 EB                    ALL                 
23 29 50.7 +54 57 59.8 2000   0.0  0    1.5886774000 2452500.24620 0.5
V359  Cas 11.800 - 12.60 EB         A0         ALL                 
23 34 27.1 +56 19 17.8 2000   0.0  0    1.3039060000 2452501.13300 0.5
V360  Cas 12.100 - 13.40 EA         A          PRI                 
23 34 47.6 +55 54 16.5 2000   0.2  0    1.5005862000 2452500.14350 0.5
V361  Cas 12.600 - 13.25 EA         A          ALL                 
23 41 44.3 +56  9 52.5 2000   0.2  0    2.4579483000 2452501.11720 0.5
V362  Cas 12.800 - 13.35 EB         B          ALL                 
 0  2 21.5 +63 28  6.8 2000   0.0  0    1.0449593000 2452500.93030 0.5
V364  Cas 10.450 - 11.13 EA         A7V+A7V    ALL                 
 0 52 43.0 +50 28 10.1 2000   0.2  0    1.5430671600 2452501.35910 0.5
V366  Cas 12.000 - 12.70 EW         G1         ALL                 
 1  8 25.6 +58 44 17.6 2000   0.0  0    0.7293001000 2452500.26300 0.5
V368  Cas  8.250 -  8.97 EA         B3III      PRI                 
 3 12 35.5 +59 55 10.9 2000   0.7  0    4.4516460000 2452504.52500 0.5
V374  Cas 12.260 - 12.90 EA         A          ALL                 
23 56 33.5 +56  7 44.5 2000   0.2  0    1.0448111000 2452500.12540 0.5
V375  Cas  9.940 - 10.64 EB         B3         ALL                 
23 57  9.4 +63  0 22.0 2000   0.0  0    1.4734410000 2452501.19000 0.5
V380  Cas 10.850 - 11.46 EA         A0         ALL                 
 0 30 56.0 +73 40  6.4 2000   0.3  0    2.7145386000 2452500.45120 0.5
V381  Cas 10.200 - 10.80 EA         B3         PRI                 
 0 32 51.6 +49 19 39.3 2000   0.2  0    1.7459350000 2452500.84000 0.5
V381  Cas 10.200 - 10.80 EA         B3         SEC                 
 0 32 51.6 +49 19 39.3 2000   0.2  0    1.7459560000 2452501.62500 0.5
V384  Cas 12.100 - 12.65 EA         A0         PRI                 
 0 45 28.2 +47 35  0.5 2000   0.2  0    1.1082660000 2452500.21500 0.5
V385  Cas 11.840 - 13.00 EA                    PRI                 
 0 49 17.9 +50 39  2.9 2000   0.3  0    2.8302686000 2452501.35430 0.5
V387  Cas 12.250 - 12.70 EA                    PRI                 
 1  0 31.8 +58 41 46.1 2000   0.1  0    1.6082390000 2452500.53100 0.5
V389  Cas 10.800 - 12.20 EA                    ALL                 
 1 14 17.3 +48 59 25.7 2000   0.2  0    2.4948249000 2452502.26870 0.5
V392  Cas 13.800 - 14.60 EB                    ALL                 
 2  0 37.3 +69  7 22.0 2000   0.0  0    4.5405700000 2452502.15000 0.5
V396  Cas 10.000 - 10.60 EA         B9         ALL                 
23 13 36.0 +56 44 17.2 2000   0.5  0    5.5054704000 2452505.52990 0.5
V411  Cas 13.900 - 16.70 EA                    PRI                 
 0 30 11.3 +56  7 47.7 2000   0.4  0    3.8746603000 2452500.14780 0.5
V419  Cas 14.300 - 15.00 EA                    PRI                 
 1 19  5.7 +56 53 48.1 2000   0.3  0    1.5867086000 2452501.13000 0.5
V423  Cas 12.600 - 13.20 EB                    ALL                 
 1 43 44.5 +64 49 51.3 2000   0.0  0    1.8302910000 2452501.64800 0.5
V427  Cas 13.300 - 13.80 EB                    ALL                 
23  6 24.2 +57 42 33.6 2000   0.0  0    1.3059889000 2452500.28210 0.5
V435  Cas 13.800 - 15.40 EA                    ALL                 
23 31 27.4 +59 24 24.3 2000   0.5  0    4.1560700000 2452503.01000 0.5
V440  Cas 14.890 - 15.52 EW                    ALL                 
23 38  4.8 +51 25 55.0 2000   0.0  0    0.3256887700 2452500.30320 0.5
V442  Cas 13.300 - 17.00 EA         A0V        PRI                 
23 40 14.8 +53 57 34.0 2000   0.4  0    3.5921110000 2452501.56900 0.5
V444  Cas 15.900 - 17.20 EA                    pri                 
23 54  5.3 +56 56 11.2 2000   0.2  0    2.2247310000 2452500.27000 0.5
V445  Cas 10.890 - 11.32 EB                    ALL                 
 0 31 39.7 +53 13  0.3 2000   0.0  0    0.6735247000 2452500.39500 0.5
V449  Cas 13.700 - 14.20 EB                    ALL                 
 0 51  0.2 +58 48 35.8 2000   0.0  0    0.7427206300 2452500.72940 0.5
V459  Cas 10.300 - 11.10 EA         B9         SEC                 
 1 11 29.9 +61  8 48.0 2000   0.3  0    8.4582630000 2452510.62760 0.5
V459  Cas 10.300 - 11.10 EA         B9         PRI                 
 1 11 29.9 +61  8 48.0 2000   0.3  0    8.4582586000 2452506.46510 0.5
V462  Cas 15.000 - 16.50 EA                    PRI                 
 1 13 36.5 +54 14  5.0 2000   0.0  0    3.1401020000 2452502.48000 0.5
V471  Cas 13.800 - 14.40 EW                    ALL                 
 1 32 20.5 +55 12 19.8 2000   0.0  0    0.4009375900 2452500.20700 0.5
V473  Cas 13.700 - 15.00 EB                    ALL                 
 1 34 52.3 +56 39 10.1 2000   0.0  0    0.4154591000 2452500.22900 0.5
V518  Cas 11.050 - 11.37 EA         B3         SEC                 
 2 17 26.2 +59 43 12.2 2000   0.6  0    6.3120289000 2452504.06110 0.5
V518  Cas 11.050 - 11.37 EA         B3         PRI                 
 2 17 26.2 +59 43 12.2 2000   0.6  0    6.3119750000 2452500.86070 0.5
V520  Cas 12.250 - 12.55 EW                    ALL                 
23 42  7.4 +55 54 38.0 2000   0.0  0    0.4898324000 2452500.01700 0.5
V523  Cas 10.910 - 11.78 EW                    ALL                 
 0 40  6.3 +50 14 15.5 2000   0.0  0    0.2336944500 2452500.11500 0.5
V527  Cas 11.270 - 11.87 EA                    ALL                 
 1  2 47.8 +70 39  2.1 2000   0.3  0    4.8602768000 2452503.69830 0.5
V537  Cas 11.800 - 12.50 EA                    ALL                 
 1  3 30.6 +53 26 40.5 2000   0.0  0    1.6324302000 2452500.42510 0.5
V541  Cas 10.530 - 11.25 EA                    ALL                 
 2 34 29.2 +63 20 27.9 2000   0.2  0    0.9098495000 2452500.47800 0.5
V544  Cas 12.900 - 14.70 EA         A-F        PRI                 
 0 16  2.8 +48 55  5.7 2000   0.5  0    3.3745251000 2452501.04390 0.5
V546  Cas 14.200 - 14.80 EB                    ALL                 
 0 25  1.2 +61 18 40.5 2000   0.0  0    1.1062050000 2452500.29000 0.5
V559  Cas  7.010 -  7.23 EA         B8IV       ALL                 
 2 25 40.1 +61 32 58.8 2000   0.2  0    1.5806301000 2452501.02400 0.5
V608  Cas 12.000 - 12.60 EW                    ALL                 
 2 24 26.1 +71 23  6.5 2000   0.0  0    0.3804062000 2452500.23800 0.5
V646  Cas  9.240 -  9.52 EB         B0IV nn    ALL                 
 1 30 35.1 +62 43 30.9 2000   0.0  0    6.1624990000 2452504.83500 0.5
V649  Cas  6.580 -  6.68 EA         B0Vn       PRI                 
23 16 27.0 +61 57 46.6 2000   0.4  0    2.3912340000 2452501.16010 0.5
V651  Cas 10.000 - 10.80 EA/RS                 ALL                 
23 48 33.5 +57 44 56.7 2000   0.1  0    0.9968098000 2452500.88580 0.5
V654  Cas 10.870 - 11.09 EA                    PRI                 
 0  0 20.6 +60 59 43.1 2000   0.0  0    4.9421200000 2452508.26000 0.5
V702  Cas 14.000 - 15.00 EA                    PRI                 
23  0 37.4 +54 39 42.3 2000   0.0  0    2.4787980000 2452502.28200 0.5
V744  Cas  8.440 -  8.70 EA         B9         PRI                 
 0 21 56.7 +53 28 51.1 2000   0.5  0    4.7817000000 2452504.05200 0.5
V744  Cas  8.440 -  8.70 EA         B9         SEC                 
 0 21 56.7 +53 28 51.1 2000   0.5  0    4.7816955000 2452506.63080 0.5
V745  Cas  8.060 -  8.16 EB         B0IV       ALL                 
 0 22 53.3 +62 14 29.0 2000   0.0  0    1.4106077000 2452501.06280 0.5
V766  Cas  7.100 -  7.51 EA         B8IV       PRI                 
 1 20 40.6 +51 35 41.2 2000   0.3  0    2.3296843000 2452500.04060 0.5
V766  Cas  7.100 -  7.51 EA         B8IV       SEC                 
 1 20 40.6 +51 35 41.2 2000   0.3  0    2.3296826000 2452501.32190 0.5
V773  Cas  6.210 -  6.30 EA         A3V        ALL                 
 1 44 18.0 +57 32 11.8 2000   0.2  0    2.5873318000 2452500.93600 0.5
V775  Cas  9.730 - 10.26 EA         B8V        PRI                 
 1 51 50.5 +63 27 14.6 2000   0.3  0    5.3901650000 2452501.41100 0.5
V775  Cas  9.730 - 10.26 EA         B8V        SEC                 
 1 51 50.5 +63 27 14.6 2000   0.3  0    5.3901862000 2452504.94050 0.5
V776  Cas  8.810 -  8.99 EW         F0         ALL                 
 1 53 23.4 +70  2 33.4 2000   0.0  0    0.4404149000 2452500.40700 0.5
V779  Cas  6.590 -  7.06 EA         A0         PRI                 
 2  2  9.3 +75 30  7.8 2000   0.0  0    6.3535100000 2452506.19120 0.5
V785  Cas  9.330 -  9.67 EA         B5         PRI                 
 2 10 49.9 +64 49 45.1 2000   0.3  0    2.7024970000 2452502.18800 0.5
V785  Cas  9.330 -  9.67 EA         B5         SEC                 
 2 10 49.9 +64 49 45.1 2000   0.3  0    2.7025330000 2452503.35300 0.5
V799  Cas  8.800 -  9.42 EA         B9         PRI                 
 3  5 27.5 +61 39 17.7 2000   0.4  0    7.7028380000 2452506.75230 0.5
V799  Cas  8.800 -  9.42 EA         B9         SEC                 
 3  5 27.5 +61 39 17.7 2000   0.4  0    7.7030130000 2452509.28500 0.5
V821  Cas  8.220 -  8.66 EA         A0         SEC                 
23 58 49.2 +53 40 19.8 2000   0.2  0    1.7697450000 2452502.58100 0.5
V821  Cas  8.220 -  8.66 EA         A0         PRI                 
23 58 49.2 +53 40 19.8 2000   0.2  0    1.7697330000 2452501.88100 0.5
V851  Cas 14.100 - 15.10 EA                    PRI                 
23 38  1.4 +53 43 44.7 2000   0.0  0    0.9602769000 2452500.86500 0.5
V860  Cas 13.250 - 14.21 EA                    ALL                 
 0 26 49.0 +49 40 36.2 2000   0.1  0    1.0838469000 2452500.05990 0.5
V952  Cas 11.700 - 12.90 EA         A4         ALL                 
 3  2 20.7 +71  9 40.3 2000   0.0  0    2.2726160000 2452500.18600 0.5
V959  Cas 12.000 - 12.60 EW                    ALL                 
 0 12  2.7 +55  5 19.4 2000   0.0  0    1.0651520000 2452500.09200 0.5
V961  Cas 12.000 - 12.40 EB                    ALL                 
 0 26 49.3 +55 27 24.0 2000   0.0  0    0.7598101000 2452500.43600 0.5
V1001 Cas 13.700 - 14.65 EA                    ALL                 
23 50 17.1 +51 11 29.2 2000   0.1  0    0.4290582000 2452500.30800 0.5
V1004 Cas 12.800 - 13.30 EA                    ALL                 
 0  7 19.1 +64 17  0.1 2000   0.2  0    1.1818754000 2452500.35990 0.5
V1007 Cas 12.000 - 12.44 EW                    ALL                 
 0  8  3.3 +51  8  2.9 2000   0.0  0    0.3320062000 2452500.35000 0.5
V1011 Cas 12.570 - 13.00 EB                    ALL                 
 1  4 15.0 +62 32 16.0 2000   0.0  0    0.6771450000 2452500.25200 0.5
V1018 Cas 10.260 - 10.56 EA         O7V        PRI                 
 3  1 19.4 +60 34 20.3 2000   0.4  0    4.1277350000 2452501.53500 0.5
V1018 Cas 10.260 - 10.56 EA         O7V        SEC                 
 3  1 19.4 +60 34 20.3 2000   0.4  0    4.1277895000 2452503.15640 0.5
V1030 Cas 13.800 - 14.25 EW                    ALL                 
 0 19 36.6 +48 39 55.1 2000   0.0  0    0.3042067100 2452500.02070 0.5
V1031 Cas 12.750 - 13.25 EW                    ALL                 
 0 21 14.4 +66  5  8.7 2000   0.0  0    0.4306407000 2452500.03500 0.5
V1043 Cas 13.290 - 14.18 EA                    ALL                 
 0 37 11.9 +53  1 32.5 2000   0.1  0    0.6615862000 2452500.44300 0.5
V1044 Cas  9.500 -  9.83 EA         B5         PRI                 
 0 39 56.3 +67 42 55.1 2000   1.1  0    3.5791252000 2452503.05850 0.5
V1046 Cas 11.600 - 12.80 EA                    ALL                 
 0 40 44.2 +58 50 53.8 2000   0.1  0    0.9805006000 2452500.78020 0.5
V1053 Cas 15.200 - 15.80 EW                    ALL                 
 0 47 12.7 +61  2  3.9 2000   0.0  0    0.6493697400 2452500.09310 0.5
V1060 Cas 10.020 - 10.45 EA         A2         ALL                 
 0 55 14.3 +61 23 48.7 2000   0.2  0    1.8160227000 2452500.31000 0.5
V1063 Cas 11.600 - 12.30 EW                    ALL                 
 1  4 47.3 +76  6 13.6 2000   0.0  0    0.6200086000 2452500.08500 0.5
V1066 Cas 10.810 - 11.06 EA                    PRI                 
 1 10 55.2 +58  5 56.4 2000   0.5  0    8.4649576000 2452505.20880 0.5
V1066 Cas 10.810 - 11.06 EA                    SEC                 
 1 10 55.2 +58  5 56.4 2000   0.5  0    8.4648162000 2452509.93820 0.5
V1067 Cas 12.200 - 13.15 EB                    ALL                 
 1 13  1.2 +74 43 54.0 2000   0.0  0    0.4132468700 2452500.09720 0.5
V1094 Cas 12.100 - 12.40 EW                    ALL                 
 1 20 23.0 +59 17 15.6 2000   0.0  0    0.5142910000 2452500.51380 0.5
V1103 Cas 11.380 - 11.95 EA         B0         PRI                 
 1 21 59.2 +58 33 13.6 2000   0.6  0    6.1776212000 2452501.78030 0.5
V1103 Cas 11.380 - 11.95 EA         B0         SEC                 
 1 21 59.2 +58 33 13.6 2000   0.6  0    6.1777937000 2452505.09080 0.5
V1106 Cas 12.880 - 13.25 EA                    ALL                 
 1 22 31.9 +73 45  9.4 2000   0.1  0    0.9741018400 2452500.00600 0.5
V1107 Cas 13.000 - 13.60 EW                    ALL                 
 1 23 14.6 +61 34 52.9 2000   0.0  0    0.2734121000 2452500.33100 0.5
V1110 Cas 10.550 - 10.91 EA                    PRI                 
 1 30  5.4 +73 45 31.8 2000   0.5  0   24.8509500000 2452522.39990 0.5
V1110 Cas 10.550 - 10.91 EA                    SEC                 
 1 30  5.4 +73 45 31.8 2000   0.5  0   24.8035000000 2452538.05100 0.5
V1115 Cas 13.700 - 14.30 EW                    ALL                 
 1 32 20.8 +55 13 57.0 2000   0.0  0    0.3232792000 2452500.35100 0.5
V1137 Cas 11.850 - 12.39 EA                    PRI                 
 1 34 53.9 +67 38 15.0 2000   0.2  0    4.1590000000 2452500.84100 0.5
V1137 Cas 11.850 - 12.39 EA                    SEC                 
 1 34 53.9 +67 38 15.0 2000   0.2  0    4.1589010000 2452503.01720 0.5
V1138 Cas 13.100 - 13.60 EA                    ALL                 
 1 35 16.7 +56 44 39.1 2000   0.1  0    0.7982680000 2452500.20520 0.5
V1139 Cas 12.800 - 12.20 EW                    ALL                 
 1 35 44.5 +55 41 13.1 2000   0.0  0    0.2970990000 2452500.18800 0.5
V1141 Cas 12.280 - 12.93 EA         B1V        PRI                 
 1 38 18.0 +61  8 35.1 2000   0.6  0    6.9091729000 2452503.07810 0.5
V1141 Cas 12.280 - 12.93 EA         B1V        SEC                 
 1 38 18.0 +61  8 35.1 2000   0.6  0    6.9091268000 2452506.12210 0.5
V1160 Cas 11.680 - 12.00 EA                    PRI                 
 1 56 39.2 +72 19 47.3 2000   0.2  0    2.1331869000 2452502.00940 0.5
V1162 Cas 11.060 - 11.78 EA                    PRI                 
 2  8 31.9 +68  6 15.2 2000   0.0  0   29.0656000000 2452503.05720 0.5
V1162 Cas 11.060 - 11.78 EA                    SEC                 
 2  8 31.9 +68  6 15.2 2000   0.0  0   29.0720800000 2452509.98140 0.5
V1175 Cas  9.780 - 10.25 EA                    ALL                 
 3 21 26.5 +73 26  8.0 2000   0.2  0    3.4571752000 2452501.48870 0.5
V1176 Cas 11.180 - 11.72 EA                    PRI                 
 3 24 49.2 +77 20 12.3 2000   0.3  0    6.3344159000 2452500.71700 0.5
V1176 Cas 11.180 - 11.72 EA                    SEC                 
 3 24 49.2 +77 20 12.3 2000   0.3  0    6.3344142000 2452503.91840 0.5
V1294 Cas 13.100 - 13.34 EW                    ALL                 
23 47 28.1 +62 26 29.2 2000   0.0  0    0.3746283000 2452500.26800 0.5
RR    Cen  7.270 -  7.68 EW         A9/F0V     ALL                 
14 16 57.2 -57 51 15.7 2000   0.0  0    0.6056854000 2452500.48000 0.5
ST    Cen 10.620 - 11.34 EA         F9V        ALL                 
11  9 58.6 -52 29 28.9 2000   0.2  0    1.2233955000 2452500.87530 0.5
SU    Cen  9.140 - 10.30 EA         F0/3V      ALL                 
11 11  9.3 -47 50 37.2 2000   0.9  0    5.3545948000 2452502.80990 0.5
SV    Cen  8.710 -  9.98 EB         B1/3       ALL                 
11 47 57.2 -60 33 57.8 2000   0.0  0    1.6574627000 2452500.68480 0.5
SW    Cen 10.000 - 11.90 EA         B9V        PRI                 
12 17 47.5 -49 44  4.1 2000   0.6  0    5.2194065000 2452504.70650 0.5
SY    Cen 11.050 - 12.20 EA         A5         PRI                 
13 41 51.5 -61 46 10.1 2000   0.6  0    6.6311800000 2452500.86000 0.5
SZ    Cen  8.470 -  9.13 EA         A6III      ALL                 
13 50 35.1 -58 29 57.1 2000   0.5  0    4.1079790000 2452502.94000 0.5
VZ    Cen  8.280 -  8.75 EA         B2III/IV   ALL                 
11 52 28.8 -61 31 26.9 2000   0.7  0    4.9287710000 2452502.69700 0.5
AB    Cen 11.050 - 12.80 EA         G0         all                 
11 26 21.3 -58 24 58.2 2000   3.7  0   46.8577000000 2452515.00000 0.5
BD    Cen 10.650 - 11.50 EB                    ALL                 
14 23 55.4 -59 51 41.8 2000   0.0  0    1.2011303000 2452500.29500 0.5
BF    Cen  8.500 -  9.67 EA         B7         ALL                 
11 36 17.0 -61 28  1.3 2000   0.5  0    3.6933351000 2452501.48800 0.5
BG    Cen 11.600 - 12.15 EW                    PRI                 
11 37 21.4 -64  2 14.8 2000   0.0  0    0.7431086500 2452500.34370 0.5
BH    Cen 10.230 - 11.20 EB         B5V        ALL                 
11 39 10.2 -63 25 15.0 2000   0.0  0    0.7915862000 2452500.15300 0.5
DI    Cen 11.650 - 12.40 EA                    PRI                 
13 15  9.7 -55 58  7.5 2000   0.2  0    3.5495701000 2452503.52700 0.5
DK    Cen 12.300 - 14.00 EA                    PRI                 
13 17 24.5 -58 23 21.4 2000   0.8  0    9.4752400000 2452507.73000 0.5
EL    Cen 12.300 - 12.70 EA                    PRI                 
13 30 25.2 -56 54 52.2 2000   0.0  0   21.8671670000 2452519.69800 0.5
EL    Cen 12.300 - 12.70 EA                    SEC                 
13 30 25.2 -56 54 52.2 2000   0.0  0   21.8681370000 2452526.55170 0.5
EP    Cen 11.350 - 12.10 EA                    all                 
13 31 46.0 -57 33 45.8 2000   0.1  0    0.9254525000 2452500.55700 0.5
IV    Cen 10.600 - 11.05 EA         G8         PRI                 
11 28 10.4 -60 10 27.0 2000   1.1  0   19.1364100000 2452518.66000 0.5
IW    Cen 12.300 - 12.85 EB                    ALL                 
11 33 21.3 -59 49 30.3 2000   0.0  0    1.1329938000 2452500.84160 0.5
IY    Cen 11.500 - 12.00 EA                    ALL                 
11 38  4.4 -63  6  4.0 2000   3.1  0   20.4588200000 2452503.50000 0.5
KL    Cen 12.650 - 14.10 EA                    ALL                 
11 46  1.9 -62 44  7.6 2000   0.2  0    5.2965600000 2452504.84000 0.5
KT    Cen 12.120 - 12.72 EA                    PRI                 
11 48  5.3 -62 21 11.3 2000   0.5  0    4.1304220000 2452501.46000 0.5
KT    Cen 12.120 - 12.72 EA                    SEC                 
11 48  5.3 -62 21 11.3 2000   0.5  0    4.1304690000 2452503.24800 0.5
LP    Cen 10.290 - 11.69 EA         A9V        ALL                 
12 22 16.9 -41 46 10.0 2000   0.3  0    2.4723880000 2452500.75100 0.5
LT    Cen  9.520 -  9.96 EA         B9V        ALL                 
11 29  0.5 -60 52 50.4 2000   0.2  0    1.6259146000 2452500.98200 0.5
LZ    Cen  8.100 -  8.50 EB         B2III      all                 
11 50 32.5 -60 47 38.0 2000   0.0  0    2.7577232000 2452500.20800 0.5
MM    Cen 12.100 - 12.75 EA                    ALL                 
11 54 55.9 -60 50 42.0 2000   0.3  0    2.0945060000 2452501.45000 0.5
MN    Cen  8.570 -  9.22 EA         B2/3V      ALL                 
11 28  3.0 -61 24 41.1 2000   0.5  0    3.4891430000 2452500.17500 0.5
MO    Cen  9.800 - 10.15 EA         B5         ALL                 
11 42  1.2 -61 40 21.3 2000   1.4  0    9.6573200000 2452503.34000 0.5
MP    Cen  9.950 - 10.70 EA         B3+B6-7    all                 
11 43 45.8 -61 44 36.1 2000   0.6  0    2.9934680000 2452501.32100 0.5
MQ    Cen 10.000 - 10.40 EA         B6         ALL                 
11 44 15.6 -61 42 59.0 2000   0.6  0    3.6869610000 2452503.54100 0.5
MR    Cen 10.240 - 10.80 EA         B7         all                 
11 45  9.7 -60 58 10.7 2000   0.0  0    3.9138130000 2452503.23900 0.5
MV    Cen 13.340 - 14.06 EW                    ALL                 
12 24  6.8 -48 53 48.9 2000   0.0  0    0.3381674500 2452500.11510 0.5
NP    Cen 10.340 - 11.21 EA         A5         all                 
13 16 38.0 -62 12 47.8 2000   0.4  0    2.8530000000 2452502.02400 0.5
NY    Cen 11.940 - 12.80 EB                    all                 
13 25 48.0 -62 55  4.5 2000   0.0  0    1.2952039000 2452500.46100 0.5
OU    Cen 10.190 - 10.90 EB                    all                 
13 35  0.6 -61 58 18.6 2000   0.0  0    2.0140488000 2452500.17100 0.5
OV    Cen 11.300 - 11.90 EB                    ALL                 
13 35 56.5 -62 51  5.7 2000   0.0  0    1.1372001000 2452501.11300 0.5
PQ    Cen 10.670 - 11.70 EA                    ALL                 
13 50 21.9 -63 46 57.8 2000   0.2  0    1.0571861000 2452500.94070 0.5
V343  Cen 12.500 - 13.50 EB                    ALL                 
11 26 53.3 -62 11 54.9 2000   0.0  0    0.5876527300 2452500.03760 0.5
V346  Cen  8.500 -  8.77 EA         B3II/III   PRI                 
11 42 49.7 -62 26  5.4 2000   0.6  0    6.3219200000 2452501.56900 0.5
V346  Cen  8.500 -  8.77 EA         B3II/III   SEC                 
11 42 49.7 -62 26  5.4 2000   0.6  0    6.3218300000 2452505.84800 0.5
V349  Cen 12.880 - 13.46 EW                    all                 
11 49 48.8 -41  6  1.4 2000   0.0  0    0.4556301000 2452500.16600 0.5
V350  Cen 10.350 - 10.83 EB                    ALL                 
11 50 11.1 -63 39 10.5 2000   0.0  0    3.2169311000 2452502.41600 0.5
V377  Cen  8.870 -  9.38 EA         A1V        PRI                 
12 57 17.5 -48  3 38.0 2000   0.7  0    8.2516447000 2452500.08950 0.5
V379  Cen  8.780 -  9.82 EA         B5V        PRI                 
13 25 21.3 -59 46 53.3 2000   0.3  0    1.8746852000 2452501.31300 0.5
V383  Cen 13.100 - 13.70 EA                    PRI                 
11 37 49.5 -60 35 51.4 2000   0.3  0    6.7843984000 2452503.48190 0.5
V383  Cen 13.100 - 13.70 EA                    SEC                 
11 37 49.5 -60 35 51.4 2000   0.3  0    6.7843744000 2452507.49270 0.5
V384  Cen 11.680 - 12.20 EA                    PRI                 
11 39 17.3 -62 10 29.2 2000   0.5  0   12.6352530000 2452508.57830 0.5
V384  Cen 11.680 - 12.20 EA                    SEC                 
11 39 17.3 -62 10 29.2 2000   0.5  0   12.6353220000 2452512.92740 0.5
V416  Cen 10.600 - 11.20 EA                    ALL                 
14 15 45.3 -60 43 53.5 2000   0.6  0    8.2107400000 2452503.53000 0.5
V495  Cen  9.930 - 10.82 EA         Be         ALL                 
13  1 34.8 -56  5 30.9 2000   3.0  0   33.4867900000 2452533.39730 0.5
V576  Cen 12.300 - 13.10 EW                    all                 
11 56 12.8 -35 59 31.1 2000   0.0  0    0.3780158000 2452500.13000 0.5
V593  Cen 10.260 - 11.04 EW         B1V        ALL                 
13 17 13.3 -62 37 33.5 2000   0.0  0    0.7553491000 2452500.41200 0.5
V606  Cen  9.400 - 10.21 EB         B0-0.5V+B2 ALL                 
13 21 36.3 -60 31 14.7 2000   0.0  0    1.4950989000 2452500.30470 0.5
V614  Cen 10.570 - 11.25 EA         B9/A0V     ALL                 
13 44 50.9 -59 27 58.1 2000   0.3  0    6.9471870000 2452503.94000 0.5
V621  Cen 10.130 - 10.76 EA         B8/9II/III ALL                 
14  2 49.5 -62 43 23.3 2000   0.5  0    3.6835450000 2452501.20000 0.5
V632  Cen 14.900 - 15.50 E                     pri                 
14 13 39.6 -59 25 57.6 2000   0.0  0    2.8912700000 2452500.00000 0.5
V636  Cen  8.680 -  9.60 EA         G0V+G7V    PRI                 
14 16 57.9 -49 56 42.4 2000   0.2  0    4.2839432000 2452502.90240 0.5
V636  Cen  8.680 -  9.60 EA         G0V+G7V    SEC                 
14 16 57.9 -49 56 42.4 2000   0.2  0    4.2839488000 2452505.12760 0.5
V646  Cen  8.960 - 11.08 EA         B8IV       PRI                 
11 36 58.8 -53 12 35.4 2000   0.3  0    2.2465739000 2452500.35140 0.5
V672  Cen 11.500 - 12.20 EB                    ALL                 
13 45  7.9 -46  9 33.3 2000   0.0  0    0.5088631700 2452500.28200 0.5
V676  Cen 11.100 - 12.00 EW                    ALL                 
14 37 50.8 -38 50 44.3 2000   0.0  0    0.2923937800 2452500.19720 0.5
V677  Cen 10.800 - 11.30 EW                    ALL                 
14 42 34.7 -40 27 16.0 2000   0.0  0    0.3250295000 2452500.38060 0.5
V678  Cen 10.350 - 11.00 EB                    ALL                 
14 51 23.9 -37 40 47.0 2000   0.0  0    1.3018002000 2452500.83100 0.5
V685  Cen  8.830 -  9.15 EB         B9IV/V     PRI                 
11 24 26.6 -57 43 40.2 2000   0.0  0    1.1909610000 2452500.67260 0.5
V688  Cen 12.600 - 13.50 EB                    all                 
11 31 50.4 -62 33 24.9 2000   0.0  0    0.9460729000 2452500.44700 0.5
V689  Cen 12.500 - 13.70 EB                    ALL                 
11 36 52.8 -58 14  0.7 2000   0.0  0    0.5585362700 2452500.27200 0.5
V692  Cen 11.800 - 12.20 EA                    PRI                 
11 53 31.5 -63 15 27.2 2000   0.2  0    1.7237147000 2452500.43900 0.5
V700  Cen 11.800 - 12.40 EA                    ALL                 
13 28  9.8 -32 43 25.2 2000   0.1  0    0.7649629000 2452500.14300 0.5
V701  Cen  8.770 -  9.32 EB         A0V+A3IV-V ALL                 
13 31 37.7 -51 46 17.7 2000   0.0  0    0.7384502800 2452500.66390 0.5
V716  Cen  6.080 -  6.53 EB         B5V        all                 
14 13 39.8 -54 37 32.3 2000   0.0  0    1.4900943000 2452501.49200 0.5
V742  Cen  9.530 - 10.19 EA         B7.5V      ALL                 
11 27 27.8 -41 30 50.8 2000   0.1  0    0.8644536000 2452500.09140 0.5
V745  Cen  9.370 - 10.33 EA         B6/8Ib/II  ALL                 
14 27 15.3 -62  3 37.8 2000   0.5  0    3.0250990000 2452502.48000 0.5
V747  Cen  9.820 - 10.46 EB         A9/F0V     ALL                 
13 39 23.8 -45  5 54.3 2000   0.0  0    0.5371947800 2452500.05300 0.5
V752  Cen  9.150 -  9.75 EW         F8V        ALL                 
11 42 48.1 -35 48 57.5 2000   0.0  0    0.3702353600 2452500.02870 0.5
V754  Cen 11.500 - 13.60 EA                    ALL                 
12 59 43.3 -58 58 41.9 2000   0.5  0    3.7658000000 2452503.81000 0.5
V757  Cen  8.400 -  8.86 EW                    ALL                 
13 51 55.7 -36 37 24.8 2000   0.0  0    0.3431689200 2452500.10900 0.5
V758  Cen  9.460 - 10.03 EB         B9IV       ALL                 
13 52 42.9 -55 32 27.8 2000   0.0  0    0.5807847000 2452500.58100 0.5
V759  Cen  7.450 -  7.62 EW         G0V        ALL                 
14 10 41.3 -47 46  8.4 2000   0.0  0    0.3940007000 2452500.38100 0.5
V762  Cen 11.360 - 12.53 EA                    ALL                 
14 31 30.8 -63  1 11.3 2000   0.5  0    3.3678890000 2452502.39600 0.5
V775  Cen  9.740 - 10.40 EA         F0IV       ALL                 
13 58 28.3 -51 44 53.4 2000   0.1  0    0.6636420000 2452501.30500 0.5
V777  Cen 10.900 - 11.70 EA                    ALL                 
11 11 43.8 -51 24 30.3 2000   0.2  0    1.7759943000 2452501.78320 0.5
V788  Cen  5.740 -  5.93 EA         A2mA5-F2   PRI                 
12  8 53.8 -44 19 33.5 2000   0.4  0    4.9663778000 2452500.14860 0.5
V805  Cen 10.020 - 10.75 EA         A0IV       PRI                 
13 38 50.4 -54  7  0.8 2000   0.2  0    3.3167628000 2452502.60160 0.5
V805  Cen 10.020 - 10.75 EA         A0IV       SEC                 
13 38 50.4 -54  7  0.8 2000   0.2  0    3.3167322000 2452504.42190 0.5
V814  Cen 14.100 - 14.82 EA         A0V        pri                 
13 27 44.1 -47 26  9.8 2000   0.2  0    1.1681290000 2452500.88700 0.5
V839  Cen  9.400 -  9.95 EW         G5V        ALL                 
12 58 49.7 -36 58 33.0 2000   0.0  0    0.3309366000 2452500.58950 0.5
V949  Cen  9.060 -  9.35 EA         G1/G2V     ALL                 
13  7 12.8 -54 19 59.6 2000   0.3  0    3.7867964000 2452502.94400 0.5
V963  Cen  8.610 -  8.98 EA         G2V        PRI                 
13 18 44.4 -58 16  1.3 2000   0.3  0   15.2693040000 2452500.42540 0.5
V963  Cen  8.610 -  8.98 EA         G2V        SEC                 
13 18 44.4 -58 16  1.3 2000   0.3  0   15.2693340000 2452504.85460 0.5
V1000 Cen  8.400 -  8.67 EA         B8IV       PRI                 
14 19  9.4 -56 55 18.1 2000   0.5  0   16.6344840000 2452501.74930 0.5
V1051 Cen  7.130 -  7.24 EA         O6.5V f +O PRI                 
11 37 48.4 -63 19 23.5 2000   0.0  0    9.6464844000 2452508.33030 0.5
V1051 Cen  7.130 -  7.24 EA         O6.5V f +O SEC                 
11 37 48.4 -63 19 23.5 2000   0.0  0    9.6461828000 2452512.36910 0.5
V1071 Cen  9.680 - 10.29 EA         A5         PRI                 
11 12  7.6 -37 34 37.5 2000   0.2  0    2.6953470000 2452500.38300 0.5
V1071 Cen  9.680 - 10.29 EA         A5         SEC                 
11 12  7.6 -37 34 37.5 2000   0.2  0    2.6953460000 2452501.80020 0.5
V1087 Cen  9.340 -  9.52 EA         O9V        PRI                 
11 28 52.0 -62 55 51.6 2000   0.5  0    5.0491500000 2452502.39500 0.5
V1087 Cen  9.340 -  9.52 EA         O9V        SEC                 
11 28 52.0 -62 55 51.6 2000   0.5  0    5.0499200000 2452505.35000 0.5
V1089 Cen  7.880 -  7.96 EA         B9.5V      PRI                 
11 31 48.7 -60 41 36.4 2000   0.3  0    5.4879452000 2452509.05410 0.5
V1109 Cen  9.570 - 10.19 EA         A7/8V      ALL                 
12  0 46.1 -40 21 16.2 2000   0.2  0    3.3369969000 2452501.32840 0.5
V1118 Cen  9.550 - 10.40 EA         G3V        PRI                 
12 16 43.0 -45 52  2.9 2000   0.2  0   11.3049190000 2452501.32910 0.5
V1118 Cen  9.550 - 10.40 EA         G3V        SEC                 
12 16 43.0 -45 52  2.9 2000   0.2  0   11.3049130000 2452507.25130 0.5
V1142 Cen 11.710 - 12.44 EA         A          PRI                 
12 58 14.9 -62 58  7.7 2000   0.2  0    2.5247191000 2452501.66850 0.5
V1142 Cen 11.710 - 12.44 EA         A          SEC                 
12 58 14.9 -62 58  7.7 2000   0.2  0    2.5248352000 2452503.13460 0.5
V1166 Cen  8.770 -  8.98 EA         B1/2V      PRI                 
13 15 51.3 -63 53  3.3 2000   0.5  0   13.4201270000 2452506.07480 0.5
V1166 Cen  8.770 -  8.98 EA         B1/2V      SEC                 
13 15 51.3 -63 53  3.3 2000   0.5  0   13.4196100000 2452511.75070 0.5
V1204 Cen 10.880 - 11.70 EA                    PRI                 
14 13 48.4 -64  0 29.8 2000   0.2  0    2.3271194000 2452501.56320 0.5
U     Cep  6.750 -  9.24 EA         B7Ve+G8III ALL                 
 1  2 18.4 +81 52 32.1 2000   0.3  0    2.4930840000 2452502.03350 0.5
RS    Cep 10.150 - 11.82 EA         B9.7Ve+G8I PRI                 
 5  6  3.2 +80 14 52.3 2000   1.1  0   12.4199260000 2452500.14500 0.5
SU    Cep  9.670 - 10.59 EB         B8         ALL                 
21 46 40.6 +57 17 36.6 2000   0.0  0    0.9014016100 2452500.35370 0.5
SY    Cep 12.060 - 12.92 EA         A3         ALL                 
22 13 34.2 +62 31 40.0 2000   0.3  0    8.3471152000 2452504.74770 0.5
TV    Cep 12.200 - 14.70 EA                    PRI                 
22  9 53.9 +63  7 16.8 2000   0.3  0    3.8570920000 2452501.05000 0.5
VW    Cep  7.370 -  7.77 EW         G5V+K0Ve   ALL                 
20 37 21.5 +75 36  1.5 2000   0.0  0    0.2783094000 2452500.02500 0.5
VZ    Cep  9.740 - 10.15 EA         F2-5       ALL                 
21 50 11.1 +71 26 38.3 2000   0.1  0    1.1833638000 2452500.98000 0.5
WW    Cep 10.600 -  0.64 EA         K0         ALL                 
22 18 27.9 +69 51 40.1 2000   0.1  0    4.6008460000 2452501.16720 0.5
WX    Cep  8.530 -  9.12 EA         A3         ALL                 
22 31 15.8 +63 31 21.6 2000   0.4  0    3.3784570000 2452501.31200 0.5
WY    Cep 10.470 - 11.30 EB         A7         ALL                 
22 46 20.7 +67 42 22.4 2000   0.0  0    1.2490562000 2452501.16100 0.5
WZ    Cep 12.450 - 13.01 EW         F5         ALL                 
23 22 24.2 +72 54 56.8 2000   0.0  0    0.4174326000 2452500.25500 0.5
XX    Cep  9.200 - 10.25 EA         A8V        PRI                 
23 38 20.3 +64 20  2.7 2000   0.3  0    2.3373550000 2452501.51100 0.5
XY    Cep 10.050 - 10.90 EA         B8-A0      PRI                 
23 52 32.9 +68 56  1.6 2000   0.3  0    2.7745165000 2452500.52600 0.5
XZ    Cep  8.250 -  9.10 EB         B1III-V+B1 PRI                 
22 32 25.1 +67  9  2.5 2000   0.0  0    5.0972501000 2452503.45200 0.5
ZZ    Cep  8.600 -  9.55 EA         B8V+F0V    PRI                 
22 45  2.6 +68  7 58.5 2000   0.3  0    2.1417970000 2452501.31360 0.5
AH    Cep  6.780 -  7.07 EB         B0.5Vne+B0 ALL                 
22 47 52.9 +65  3 43.8 2000   0.0  0    1.7747380000 2452500.79600 0.5
AI    Cep  9.180 -  9.86 EB         B0.5V p    ALL                 
21 46 22.6 +56 55  1.8 2000   0.0  0    4.2253380000 2452502.19100 0.5
AV    Cep 13.400 - 14.80 EA                    PRI                 
 5 54 26.6 +86  1 20.9 2000   0.4  0    2.9584486000 2452501.67120 0.5
BB    Cep 12.100 - 13.20 EA         F1V        PRI                 
22 55 30.2 +64  0 31.1 2000   2.7  0   30.1862000000 2452502.70000 0.5
BE    Cep 11.800 - 12.51 EW                    ALL                 
22 41 20.8 +58 36 30.8 2000   0.0  0    0.4243924000 2452500.42760 0.5
BR    Cep 12.500 - 15.00 EA                    PRI                 
22 27 17.1 +66 10  0.2 2000   0.4  0    3.1677370000 2452502.17700 0.5
BU    Cep 12.200 - 12.90 EA                    ALL                 
22 32 15.6 +64 58 40.1 2000   0.2  0    1.4143636000 2452501.42740 0.5
CM    Cep 12.100 - 13.70 EA                    PRI                 
23 22 38.0 +65 17 58.4 2000   0.3  0    1.8589239000 2452500.32300 0.5
CO    Cep 11.850 - 12.58 EA                    PRI                 
 0 54 45.1 +77 55 20.9 2000   0.3  0    4.1375607000 2452503.42010 0.5
CO    Cep 11.850 - 12.58 EA                    SEC                 
 0 54 45.1 +77 55 20.9 2000   0.3  0    4.1375610000 2452505.70000 0.5
CQ    Cep  8.730 -  9.18 EB/WR      WN5.5+O7   ALL                 
22 36 54.0 +56 54 21.0 2000   0.0  0    1.6412416000 2452501.16100 0.5
CW    Cep  7.590 -  8.04 EA         B0.5+B0.5I PRI                 
23  4  2.2 +63 23 48.8 2000   0.4  0    2.7291430000 2452501.54500 0.5
CW    Cep  7.590 -  8.04 EA         B0.5+B0.5I SEC                 
23  4  2.2 +63 23 48.8 2000   0.4  0    2.7291290000 2452502.88700 0.5
CX    Cep 12.090 - 12.24 EB         WN5+O5V    PRI                 
22  9 33.5 +57 44 30.8 2000   0.0  0    2.1269070000 2452501.82000 0.5
DE    Cep 14.100 - 16.30 EA                    PRI                 
20 48 20.2 +59  9 55.6 2000   0.2  0    1.9388233000 2452501.64700 0.5
DK    Cep 12.200 - 14.20 EA                    ALL                 
21 58 34.2 +60 57  1.8 2000   0.3  0    0.9859044000 2452500.29000 0.5
DL    Cep 11.900 - 13.10 EB         OB-e       ALL                 
22  0 25.2 +59 41 30.4 2000   0.0  0    1.6304866000 2452501.52690 0.5
DN    Cep 11.980 - 12.47 EA         B5         PRI                 
22 13 32.9 +55 58 25.0 2000   0.4  0    3.3061571000 2452500.59700 0.5
DP    Cep 13.900 - 15.00 EA         F0         ALL                 
23  8 21.1 +61 11 59.9 2000   0.3  0    1.2699598000 2452500.28590 0.5
DV    Cep 11.600 - 12.30 EA                    PRI                 
20 43 18.4 +72 22 30.4 2000   0.2  0    1.1619742700 2452501.18150 0.5
DW    Cep 11.700 - 12.70 EA         B8         PRI                 
20 51 39.7 +62 48 50.2 2000   0.5  0    5.0338030000 2452501.66000 0.5
DY    Cep 11.800 - 12.40 EB         F2         ALL                 
23 32  5.4 +64  0 53.5 2000   0.0  0    1.5745610000 2452500.42200 0.5
EF    Cep 12.000 - 12.60 EW                    ALL                 
 4 45 39.1 +80 44 24.6 2000   0.0  0    0.6061190500 2452500.62690 0.5
EG    Cep  9.310 - 10.22 EB         A3         PRI                 
20 15 56.8 +76 48 35.8 2000   0.0  0    0.5446202000 2452500.53700 0.5
EI    Cep  7.520 -  8.07 EA         Am+F1      ALL                 
21 28 28.2 +76 24 12.6 2000   0.8  0    8.4393550000 2452500.77800 0.5
EK    Cep  7.830 -  9.04 EA         A1V        SEC                 
21 41 21.5 +69 41 34.1 2000   0.3  0    4.4277930000 2452505.47800 0.5
EK    Cep  7.830 -  9.04 EA         A1V        PRI                 
21 41 21.5 +69 41 34.1 2000   0.3  0    4.4277959000 2452503.07190 0.5
EM    Cep  7.030 -  7.17 EW         B1IVe      ALL                 
21 53 48.1 +62 36 51.9 2000   0.0  0    0.8061783000 2452500.74400 0.5
EO    Cep 12.000 - 13.10 EA                    ALL                 
 0 23 39.4 +78 46 55.6 2000   0.0  0    1.8336270000 2452500.21400 0.5
EP    Cep 16.520 - 17.00 EW                    ALL                 
 0 46 54.5 +85 21 44.1 2000   0.0  0    0.2897439000 2452500.17500 0.5
EQ    Cep 16.550 - 17.27 EW         K0 V       ALL                 
 0 47 33.9 +85 16 24.8 2000   0.0  0    0.3069046700 2452500.20700 0.5
ER    Cep 15.670 - 16.34 EW                    ALL                 
 0 50 27.8 +85 15  9.1 2000   0.0  0    0.2857381800 2452500.15350 0.5
ES    Cep 15.520 - 15.90 EW         K0 V       ALL                 
 0 50 50.4 +85 16 12.9 2000   0.0  0    0.3424558000 2452500.18900 0.5
EX    Cep 11.400 - 11.80 EA         G4         ALL                 
 2  3 59.4 +78 33 21.8 2000   0.5  0   13.4344500000 2452510.63000 0.5
EY    Cep  9.780 - 10.44 EB         A5         PRI                 
 3 40  4.1 +81  1  9.0 2000   0.0  0    7.9714824000 2452507.00940 0.5
EY    Cep  9.780 - 10.44 EB         A5         SEC                 
 3 40  4.1 +81  1  9.0 2000   0.0  0    7.9715500000 2452510.17000 0.5
FH    Cep 10.500 - 11.10 EB                    ALL                 
20 34 21.8 +64 38 40.5 2000   0.0  0    3.1424552000 2452502.87330 0.5
FL    Cep 14.300 - 16.50 EA                    pri                 
20 46 50.2 +56 54 28.1 2000   0.4  0    2.2619595000 2452500.24830 0.5
FS    Cep 11.800 - 12.30 EB                    pri                 
20 58 59.9 +69 37 28.3 2000   0.0  0    1.3475245000 2452501.07650 0.5
GG    Cep 13.900 - 15.70 EA                    PRI                 
21 20 22.6 +67 25 51.8 2000   0.4  0    1.9031910000 2452501.42300 0.5
GI    Cep 11.400 - 12.50 EA                    ALL                 
21 29 29.0 +65 14 21.1 2000   0.2  0    1.0376678000 2452500.75650 0.5
GK    Cep  6.890 -  7.37 EB         A2V+A2V    ALL                 
21 30 59.2 +70 49 23.6 2000   0.0  0    0.9361719100 2452500.26880 0.5
GS    Cep 10.400 -  0.40 EA         A0         ALL                 
22 51 29.5 +57  0 17.9 2000   0.2  0    1.4716256000 2452500.37080 0.5
GT    Cep  7.990 -  8.54 EA         B3V        ALL                 
22 57 47.3 +68 24 26.0 2000   0.7  0    4.9087500000 2452503.81200 0.5
GW    Cep 11.000 - 11.68 EW         G3         ALL                 
 1 45 58.6 +80  4 55.3 2000   0.0  0    0.3188317100 2452500.27560 0.5
HI    Cep 12.700 - 13.60 EA                    ALL                 
20 24 58.5 +61 33 56.2 2000   0.1  0    1.7529280000 2452501.37400 0.5
HK    Cep 14.200 - 14.80 EB                    pri                 
20 39 32.6 +56 49  3.3 2000   0.0  0    1.0513800000 2452501.34000 0.5
IM    Cep 13.200 - 14.20 EB                    ALL                 
23 13 10.9 +62 42  5.6 2000   0.0  0    0.9215739000 2452500.87500 0.5
IO    Cep 11.400 - 12.60 EA         F8         ALL                 
21 10 30.7 +57 43  8.5 2000   0.2  0    1.2358181000 2452500.48550 0.5
IP    Cep 11.500 - 12.10 EW                    ALL                 
21 46 55.5 +68 52 49.6 2000   0.0  0    0.8988992000 2452500.05700 0.5
IW    Cep 13.600 - 15.60 EA                    ALL                 
22  4 33.1 +55 27 36.9 2000   0.3  0    1.6094259000 2452501.41370 0.5
KP    Cep 12.800 - 13.70 EA                    PRI                 
22 11 58.4 +54 38 29.9 2000   0.3  0    1.9351075000 2452501.25910 0.5
KV    Cep 14.100 - 14.80 EB                    ALL                 
22 19  9.1 +55 49 38.8 2000   0.0  0    0.8588300000 2452500.00300 0.5
LL    Cep 13.400 - 14.40 EA                    PRI                 
23  4 19.3 +74 40 24.5 2000   0.1  0    0.7841508000 2452500.09100 0.5
LM    Cep 12.600 - 14.20 EA                    PRI                 
20 43 58.2 +62 30 28.8 2000   0.4  0    3.3128223000 2452501.22470 0.5
LP    Cep 12.900 - 14.20 EA                    ALL                 
21 19 50.0 +60 43 26.4 2000   0.2  0    0.6930541800 2452500.05270 0.5
MT    Cep 14.600 - 15.40 EB                    ALL                 
22 18 34.3 +56 31 24.1 2000   0.0  0    1.2064225000 2452500.83900 0.5
NN    Cep  8.130 -  8.51 EA         A5         ALL                 
23  2  5.6 +62 30 43.5 2000   0.3  0    2.0583100000 2452501.85600 0.5
NR    Cep 12.050 - 12.55 EA                    ALL                 
 0 26 11.4 +69 28 21.9 2000   0.2  0    0.9495463000 2452500.53680 0.5
NS    Cep 11.550 - 11.95 EB                    ALL                 
20 45 23.4 +60 43 13.3 2000   0.0  0    0.7763806000 2452500.27800 0.5
NU    Cep 11.900 - 12.70 EA                    PRI                 
21 31 56.1 +61 30  0.4 2000   0.2  0    4.9806000000 2452503.23300 0.5
NW    Cep 10.600 - 11.50 EA                    ALL                 
22 13 48.0 +55 44 20.9 2000   0.5  0    2.7529460000 2452501.85800 0.5
NY    Cep  7.480 -  7.65 EA         B0IV+B0IV  PRI                 
22 58 39.8 +63  4 37.7 2000   0.3  0   15.2756600000 2452505.12500 0.5
NY    Cep  7.480 -  7.65 EA         B0IV+B0IV  SEC                 
22 58 39.8 +63  4 37.7 2000   0.3  0   15.2756420000 2452509.34250 0.5
OT    Cep 12.200 - 12.90 EB                    ALL                 
 0 29 18.1 +82 10  9.0 2000   0.0  0    0.4812314000 2452500.51890 0.5
PX    Cep 12.500 - 14.80 EA                    PRI                 
21 35 58.0 +65 51 42.4 2000   0.3  0    3.1268900000 2452502.34200 0.5
V338  Cep  9.320 - 10.17 EA                    ALL                 
21 45 32.2 +61 12 29.5 2000   0.6  0    2.1044210000 2452500.70500 0.5
V357  Cep 13.340 - 15.26 EA                    ALL                 
 2  4 10.1 +78 50 45.5 2000   0.2  0    1.3092332000 2452501.14730 0.5
V358  Cep 12.500 - 13.30 EB                    ALL                 
 2 27 29.0 +81 10  3.4 2000   0.0  0    0.4728276000 2452500.36700 0.5
V369  Cep 16.000 - 16.68 EW                    ALL                 
 0 46 12.1 +85 14  1.9 2000   0.0  0    0.3281909700 2452500.13000 0.5
V371  Cep 15.860 - 16.18 EB                    ALL                 
 0 48 22.9 +85 15 54.9 2000   0.0  0    0.5859860400 2452500.45570 0.5
V375  Cep 16.110 - 16.59 EW                    ALL                 
21 44 54.8 +65 43 55.4 2000   0.0  0    1.9096860000 2452501.67500 0.5
V383  Cep  7.270 -  7.58 EB         B2Ve       ALL                 
21 51 47.6 +61 56 34.5 2000   0.0  0    1.4957524000 2452500.45700 0.5
V397  Cep  7.390 -  7.81 EA         A2         PRI                 
 0  3 24.0 +73 10 28.2 2000   0.2  0    2.0868358000 2452501.64100 0.5
V397  Cep  7.390 -  7.81 EA         A2         SEC                 
 0  3 24.0 +73 10 28.2 2000   0.2  0    2.0868060000 2452502.84000 0.5
V441  Cep  8.770 -  9.21 EA         A0         PRI                 
22  0 36.6 +75  4 22.5 2000   0.3  0    1.6490756000 2452501.47390 0.5
V443  Cep  8.480 -  8.70 EA         A0         ALL                 
22  4 27.8 +62 24 27.5 2000   0.5  0    2.0965813000 2452500.40720 0.5
V445  Cep  6.880 -  6.91 ELL        A0         ALL                 
22  7 10.9 +72 22 22.3 2000   0.0  0    0.4487760000 2452500.20100 0.5
V454  Cep  9.040 -  9.30 EA         B1V        ALL                 
22 53 54.0 +62 35 48.4 2000   0.0  0    5.5844600000 2452501.45000 0.5
V489  Cep 13.300 -  0.50 EA/RS                 ALL                 
21 35 32.6 +65 57 33.8 2000   0.2  0    2.5537550000 2452501.88200 0.5
V698  Cep 12.750 - 13.50 EA                    PRI                 
22 45 52.4 +57 43  7.0 2000   0.3  0    6.6184952000 2452506.26740 0.5
V698  Cep 12.750 - 13.50 EA                    SEC                 
22 45 52.4 +57 43  7.0 2000   0.3  0    6.6184904000 2452509.07950 0.5
V699  Cep 11.600 - 11.95 EB                    PRI                 
22 46  0.7 +57 46 49.5 2000   0.0  0    0.8050726300 2452500.77780 0.5
V711  Cep  8.950 -  0.23 EA                    ALL                 
23  5 15.0 +63 23 44.6 2000   0.2  0    1.3043567000 2452500.63110 0.5
V731  Cep 10.320 - 11.17 EA                    PRI                 
23 37 43.3 +64 18 11.7 2000   0.4  0    6.0684341000 2452500.25900 0.5
V731  Cep 10.320 - 11.17 EA                    SEC                 
23 37 43.3 +64 18 11.7 2000   0.4  0    6.0684310000 2452503.34900 0.5
V734  Cep 11.050 - 11.42 EA         A3IV       SEC                 
 0  7 38.6 +76  8 27.8 2000   0.3  0    3.7659451000 2452505.24220 0.5
V734  Cep 11.050 - 11.42 EA         A3IV       PRI                 
 0  7 38.6 +76  8 27.8 2000   0.3  0    3.7659720000 2452503.22600 0.5
V736  Cep  9.960 - 10.42 EW         F5         ALL                 
21 16 29.1 +55 23 10.3 2000   0.0  0    0.8578463000 2452500.11200 0.5
V737  Cep 11.950 - 12.33 EW                    ALL                 
21 23 48.3 +63 33 28.0 2000   0.0  0    0.2987632000 2452500.08700 0.5
V738  Cep 10.000 - 10.29 EA         B5         ALL                 
21 29 55.1 +58 56 15.7 2000   0.2  0    1.2982637000 2452501.03120 0.5
V743  Cep 10.530 - 10.85 EA         B0III      PRI                 
22 18  6.2 +55 54 15.5 2000   0.7  0    4.6722817000 2452500.49090 0.5
V743  Cep 10.530 - 10.85 EA         B0III      SEC                 
22 18  6.2 +55 54 15.5 2000   0.7  0    4.6722849000 2452502.98990 0.5
V744  Cep 12.200 - 12.54 EB                    ALL                 
22 24  5.0 +68 44 59.0 2000   0.0  0    0.6245536000 2452500.24800 0.5
V746  Cep 11.400 - 11.85 EA                    ALL                 
22 42 20.5 +65 54 42.8 2000   0.2  0    1.2599700000 2452500.58200 0.5
V747  Cep  9.970 - 10.13 EA         O5V f n    PRI                 
 0  1 46.9 +67 30 25.1 2000   0.3  0    5.3323449000 2452502.22710 0.5
V757  Cep 14.000 - 14.80 EW                    ALL                 
 0 20 24.9 +78 14 27.9 2000   0.0  0    0.3438716000 2452500.21870 0.5
V796  Cep 12.200 - 12.85 EW                    ALL                 
 1 41 36.4 +80  4 19.1 2000   0.0  0    0.3929637000 2452500.36100 0.5
V797  Cep 14.600 - 15.00 EW                    ALL                 
 1 42 47.6 +80  7 52.3 2000   0.0  0    0.2704450000 2452500.10000 0.5
V798  Cep 11.900 - 12.50 EA                    PRI                 
 1 54 34.8 +79 28  9.2 2000   0.0  0   16.0801460000 2452508.09750 0.5
V798  Cep 11.900 - 12.50 EA                    SEC                 
 1 54 34.8 +79 28  9.2 2000   0.0  0   16.0801420000 2452511.82880 0.5
V804  Cep 12.940 - 13.45 EW                    ALL                 
 2 58 41.3 +84 49  4.0 2000   0.0  0    0.3475921100 2452500.31130 0.5
V806  Cep 11.090 - 11.35 EA                    ALL                 
 4 19 37.6 +80 35 45.7 2000   0.1  0    1.3526322000 2452500.22530 0.5
V808  Cep 11.550 - 11.92 EB                    PRI                 
 5 20 45.9 +85 11 55.8 2000   0.0  0    0.4845660500 2452500.26880 0.5
V839  Cep  9.930 - 10.24 EA         B8         PRI                 
21  3 31.7 +59 25 50.4 2000   0.8  0    9.9633650000 2452504.75900 0.5
V839  Cep  9.930 - 10.24 EA         B8         SEC                 
21  3 31.7 +59 25 50.4 2000   0.8  0    9.9633800000 2452509.85400 0.5
V849  Cep 10.850 - 11.45 EA                    ALL                 
21 25 27.2 +70 40  1.9 2000   0.2  0    2.0296466000 2452502.01500 0.5
V850  Cep  9.980 - 10.60 EA         A0         PRI                 
21 29 52.1 +64 55 16.6 2000   0.4  0   12.9285000000 2452509.99000 0.5
V868  Cep 13.350 - 13.82 EA                    ALL                 
22  2  2.8 +56 44 42.7 2000   0.2  0    1.1205268000 2452500.43350 0.5
V870  Cep 10.930 - 11.17 EW                    ALL                 
22  4 26.6 +61 54  0.5 2000   0.0  0    0.3010667800 2452500.01240 0.5
V880  Cep 10.630 - 11.06 EA                    PRI                 
22 24 59.6 +70 18 54.2 2000   0.0  0   27.3100500000 2452505.36230 0.5
V881  Cep 11.640 - 11.96 EA                    PRI                 
22 25 15.9 +70 14 34.0 2000   0.3  0    2.3337107000 2452500.58200 0.5
V897  Cep 11.450 - 11.69 EA                    PRI                 
22 37 18.8 +70 54 28.8 2000   0.2  0    4.4871406000 2452502.13280 0.5
V898  Cep 12.200 - 12.65 EA                    PRI                 
22 38  2.3 +67 27 58.5 2000   0.2  0    2.8747750000 2452502.14800 0.5
V898  Cep 12.200 - 12.65 EA                    SEC                 
22 38  2.3 +67 27 58.5 2000   0.2  0    2.8747700000 2452503.09700 0.5
V919  Cep 10.620 - 10.92 EA                    SEC                 
22 59 40.8 +65 12 40.1 2000   0.2  0    1.8520040000 2452502.28500 0.5
V919  Cep 10.620 - 10.92 EA                    PRI                 
22 59 40.8 +65 12 40.1 2000   0.2  0    1.8519590000 2452501.48700 0.5
V921  Cep 11.620 - 12.20 EA                    PRI                 
23  1 14.0 +62 34  5.1 2000   1.0  0   13.7144550000 2452505.03160 0.5
V921  Cep 11.620 - 12.20 EA                    SEC                 
23  1 14.0 +62 34  5.1 2000   1.0  0   13.7148080000 2452510.91310 0.5
V922  Cep 11.460 - 11.92 EA                    PRI                 
23  1 39.2 +69 42 45.1 2000   0.2  0    3.5749715000 2452500.35000 0.5
V922  Cep 11.460 - 11.92 EA                    SEC                 
23  1 39.2 +69 42 45.1 2000   0.2  0    3.5749730000 2452502.43800 0.5
V944  Cep 10.860 - 11.21 EA                    PRI                 
23 30 34.9 +66 33 45.7 2000   0.5  0    6.5600660000 2452501.95000 0.5
V944  Cep 10.860 - 11.21 EA                    SEC                 
23 30 34.9 +66 33 45.7 2000   0.5  0    6.5599510000 2452505.38740 0.5
V957  Cep 11.520 - 11.96 EA                    PRI                 
23 46 10.4 +71 29 55.3 2000   0.2  0    1.9887260000 2452501.01900 0.5
V957  Cep 11.520 - 11.96 EA                    SEC                 
23 46 10.4 +71 29 55.3 2000   0.2  0    1.9887429000 2452502.14000 0.5
V959  Cep 11.450 - 11.68 EW                    ALL                 
23 50 12.9 +68 33 24.5 2000   0.0  0    0.3722603600 2452500.28570 0.5
V961  Cep 10.430 - 10.83 EA         A5         PRI                 
23 58  6.0 +67 36 11.4 2000   0.0  0    7.0384602000 2452505.53010 0.5
V961  Cep 10.430 - 10.83 EA         A5         SEC                 
23 58  6.0 +67 36 11.4 2000   0.0  0    7.0384752000 2452508.91530 0.5
V1015 Cep 13.600 - 14.20 EW                    ALL                 
23  5 55.6 +71 44 20.4 2000   0.0  0    0.3551770000 2452500.06000 0.5
RW    Cet 10.430 - 11.40 EA/SD      A5         ALL                 
 2 15 21.4 -12 12 26.8 2000   0.2  0    0.9751959000 2452500.19870 0.5
SS    Cet  9.400 - 13.00 EA/SD      A0         PRI                 
 2 48 36.3 +01 48 26.9 2000   0.4  0    2.9740070000 2452500.40400 0.5
TT    Cet 10.800 - 11.32 EW/KE      A          ALL                 
 1 46 56.5 -09 45  9.8 2000   0.0  0    0.4859534100 2452500.13130 0.5
TU    Cet 10.800 - 11.80 EA/SD      F6-F8V     PRI                 
 2 59 21.7 +03 16 32.8 2000   0.6  0    4.3912810000 2452501.02000 0.5
TV    Cet  8.600 -  9.32 EA/DM      F2         SEC                 
 3 14 36.5 +02 45 16.4 2000   0.3  0    9.1032910000 2452504.81240 0.5
TV    Cet  8.600 -  9.32 EA/DM      F2         PRI                 
 3 14 36.5 +02 45 16.4 2000   0.3  0    9.1032907000 2452500.32070 0.5
TW    Cet 10.430 - 11.18 EW/KW      G5+G5      ALL                 
 1 48 54.1 -20 53 34.6 2000   0.0  0    0.3168506700 2452500.27000 0.5
TX    Cet 10.900 - 11.47 EB/KE      A2nn       PRI                 
 1 56  6.3 -00 44 20.1 2000   0.0  0    0.7408405000 2452500.20400 0.5
TY    Cet 11.620 - 12.10 EW/KE      F0         ALL                 
 2 20 44.3 -14 23 23.0 2000   0.0  0    0.6473614000 2452500.55500 0.5
VV    Cet 10.300 - 11.00 EW/KE      A5         PRI                 
 0 55 43.3 -02  5 38.4 2000   0.0  0    0.5223933000 2452500.00900 0.5
VX    Cet 11.000 - 11.50 EA/SD      F          PRI                 
 2 39 35.2 -00 15 44.1 2000   0.2  0    2.7207583000 2452501.39940 0.5
VY    Cet 11.100 - 11.72 EW/KW                 ALL                 
 1 49 33.7 -19 37 29.2 2000   0.0  0    0.3408102400 2452500.19890 0.5
WY    Cet  9.600 - 10.40 EA/SD      A2         ALL                 
 1 35 35.9 -11 56 30.7 2000   0.3  0    1.9397540000 2452500.82000 0.5
WZ    Cet 10.800 - 11.40 EA/DM      A0         ALL                 
 1 41  0.7 -06 43 34.3 2000   0.9  0    2.3061158000 2452501.46580 0.5
XY    Cet  8.650 -  9.54 EA/DM      Am+Am      ALL                 
 2 59 33.5 +03 31  3.3 2000   0.3  0    2.7807127000 2452501.75510 0.5
YY    Cet  9.000 -  9.40 EB/KE      A7         ALL                 
 2  0 12.0 -18 12 28.1 2000   0.0  0    0.7904614000 2452500.16500 0.5
AA    Cet  6.200 -  6.70 EW/KE      F2         ALL                 
 1 59  0.7 -22 55 11.3 2000   0.0  0    0.5361679000 2452500.36300 0.5
CK    Cet 10.410 - 10.74 EB                    ALL                 
 0 22 57.0 -20 39 23.7 2000   0.0  0    0.7673120000 2452500.50400 0.5
CL    Cet  9.880 - 10.00 RRC                   ALL                 
 0 29  4.1 -17 13  0.8 2000   0.0  0    0.6216227000 2452500.05400 0.5
CT    Cet  9.410 -  9.59 EW                    ALL                 
 1  9 45.8 -20 12 59.4 2000   0.0  0    0.2564877000 2452500.11300 0.5
DP    Cet  6.850 -  7.05 EA                    PRI                 
 2  9 51.4 +03 46  9.6 2000   0.0  0    2.3681676000 2452501.84770 0.5
DY    Cet  9.540 - 10.12 EW                    ALL                 
 2 38 33.2 -14 17 56.7 2000   0.0  0    0.4407893000 2452500.00700 0.5
EE    Cet  8.780 -  9.03 EW                    ALL                 
 2 49 52.4 +08 56 22.6 2000   0.0  0    0.3799238000 2452500.36960 0.5
FH    Cet 13.700 - 14.70 EA                    PRI                 
 1 51  5.9 -03 32 41.2 2000   0.1  0    0.9360119000 2452500.41300 0.5
HM    Cet 12.660 - 13.48 RRC                   ALL                 
 2  7 31.4 +05 41  5.7 2000   0.0  0    0.4446179000 2452500.03300 0.5
RS    Cha  6.020 -  6.68 EA+DSCT    A5V+A7V    all                 
 8 43 12.2 -79  4 12.3 2000   0.3  0    1.6698822000 2452501.01700 0.5
RZ    Cha  8.200 -  9.10 EA/DM      F5+F5V     ALL                 
10 42 24.1 -82  2 14.2 2000   0.3  0    2.8320885000 2452500.72400 0.5
TU    Cha 13.300 - 13.80 EA                    PRI                 
10 57 57.5 -79 23 54.3 2000   0.0  0    0.5570480800 2452500.49850 0.5
TX    Cha 13.000 - 13.70 EA                    PRI                 
11  2  2.2 -81 24 43.1 2000   0.0  0    0.9016448000 2452500.46800 0.5
YZ    Cha 11.150 -  0.40 EA/DM      A0         ALL                 
11 34  9.1 -77 44 34.5 2000   0.0  0    2.2287202000 2452500.39600 0.5
BW    Cha 11.670 -  0.80 EA/SD                 ALL                 
13 40 16.9 -78 22 36.5 2000   0.2  0    2.1162670000 2452501.96600 0.5
S     Cir 10.800 - 12.10 EA/DS      A          ALL                 
15 29 17.5 -58  4 42.8 2000   1.5  0    9.9768100000 2452503.15000 0.5
T     Cir  9.300 - 10.60 EA/SD      B6/8II/III ALL                 
13 43 24.0 -65 28 31.7 2000   0.4  0    3.2984330000 2452501.29000 0.5
V     Cir 10.800 - 11.30 EB/DM                 ALL                 
14 44 54.7 -57  1 56.0 2000   0.0  0    4.4090180000 2452502.37000 0.5
Y     Cir 10.800 - 11.80 E/SD                  ALL                 
13 39  9.9 -65  2 10.7 2000   0.0  0    3.1699725000 2452500.50960 0.5
RR    Cir 12.000 - 13.00 E                     PRI                 
13 50 34.6 -66 57 51.5 2000   0.0  0    1.0917225000 2452500.23560 0.5
RZ    Cir 14.100 - 15.20 E/SD                  PRI                 
13 56 57.5 -64 58 20.4 2000   0.0  0    3.6932376000 2452500.08830 0.5
AQ    Cir 11.000 - 11.70 E/KE       OB         PRI                 
14 37 19.8 -64 45 24.0 2000   0.0  0    1.1457035000 2452500.76410 0.5
AT    Cir  8.400 -  8.80 EA/DM      A5IV/V     PRI                 
14  3 38.2 -66 44  7.4 2000   0.5  0    3.2574500000 2452503.25000 0.5
AU    Cir 10.700 - 11.90 EA/SD                 ALL                 
14 43 45.3 -66 42 13.3 2000   0.3  0    2.0660861000 2452501.15400 0.5
BB    Cir  9.400 - 10.20 EA/SD      A2IV       PRI                 
14 42 57.5 -58 18 23.6 2000   0.0  0    3.0872017000 2452501.20320 0.5
BD    Cir  9.400 -  9.90 EA/KE                 ALL                 
14 51  5.4 -55 54 59.8 2000   0.2  0    6.7911450000 2452500.60300 0.5
BF    Cir  8.800 -  9.20 EB/DM      B5V        ALL                 
15  2 32.0 -64 57 41.9 2000   0.0  0    6.4589530000 2452505.88000 0.5
BG    Cir  9.600 - 10.30 EB/DM      ea         PRI                 
15  4 21.5 -66  5  3.7 2000   0.0  0   24.8068000000 2452523.64000 0.5
BN    Cir  9.200 -  9.60 E          B9III/IV   PRI                 
15 17 50.4 -59 43 41.9 2000   0.0  0    4.4097930000 2452502.74410 0.5
BN    Cir  9.200 -  9.60 E          B9III/IV   SEC                 
15 17 50.4 -59 43 41.9 2000   0.0  0    4.4097285000 2452506.17370 0.5
CL    Cir  8.570 -  9.15 EA                    PRI                 
14 44  4.1 -56 21 32.5 2000   0.0  0    5.2537967000 2452505.16580 0.5
CL    Cir  8.570 -  9.15 EA                    SEC                 
14 44  4.1 -56 21 32.5 2000   0.0  0    5.2537988000 2452508.13780 0.5
CN    Cir  8.920 -  9.18 EB                    all                 
14 47 49.0 -60 25 26.1 2000   0.0  0    2.1786476000 2452500.87480 0.5
DK    Cir  7.680 -  7.98 EA         A1IV       PRI                 
14 47 12.7 -57 40 38.3 2000   0.6  0   18.5697150000 2452516.77170 0.5
DK    Cir  7.680 -  7.98 EA         A1IV       SEC                 
14 47 12.7 -57 40 38.3 2000   0.6  0   18.5615820000 2452531.35060 0.5
U     Col 10.400 - 11.00 EA/SD      A          ALL                 
 6 14 53.1 -33  4 23.5 2000   0.2  0    1.2461708000 2452500.60300 0.5
RR    Col 10.200 - 10.70 EA                    PRI                 
 6 33 19.0 -35 17 53.0 2000   0.0  0   12.6252170000 2452507.09640 0.5
RR    Col 10.200 - 10.70 EA                    SEC                 
 6 33 19.0 -35 17 53.0 2000   0.0  0   12.6249930000 2452513.87660 0.5
RS    Col  9.540 -  9.99 EW/DW      G+G        ALL                 
 5 15 31.2 -28 45  2.1 2000   0.0  0    0.6723501000 2452500.47200 0.5
RU    Col 10.900 - 12.00 EA/SD                 ALL                 
 5 34 50.8 -30 25 14.7 2000   0.0  0    0.5128254900 2452500.18440 0.5
RZ    Col 11.000 - 11.58 EW/KE                 ALL                 
 5 19 54.1 -35 54  6.4 2000   0.0  0    0.5651934000 2452500.10600 0.5
TV    Col 13.600 - 14.50 NL+X       pec e+cont PRI                 
 5 29 25.5 -32 49  4.2 2000   0.0  0    0.2286003000 2452500.02200 0.5
AW    Col  8.000 -  9.74 EA         A3m        SEC                 
 6  5 11.3 -32 43 51.3 2000   0.4  0   10.3230130000 2452514.04810 0.5
AW    Col  8.000 -  9.74 EA         A3m        PRI                 
 6  5 11.3 -32 43 51.3 2000   0.4  0   10.3204230000 2452506.31850 0.5
RW    Com 11.000 - 11.70 EW/KW      G2+G2      ALL                 
12 33  0.3 +26 42 58.4 2000   0.0  0    0.2373486000 2452500.11000 0.5
RZ    Com 10.420 - 11.13 EW/KW      K0+G9      ALL                 
12 35  5.1 +23 20 14.0 2000   0.0  0    0.3385080000 2452500.34900 0.5
SS    Com 11.300 - 11.90 EW/KW      F5         ALL                 
12 49 39.1 +18 42 11.9 2000   0.0  0    0.4128227000 2452500.12200 0.5
UX    Com  9.960 - 10.52 EA/AR/RS   G2III      ALL                 
13  1 33.0 +28 37 54.2 2000   0.3  0    3.6423600000 2452500.93200 0.5
VY    Com 13.900 - 14.60 EB/KE                 ALL                 
11 59  3.8 +17  0 22.1 2000   0.0  0    1.0087209000 2452500.70400 0.5
AQ    Com 15.200 - 15.70 EW/KW                 ALL                 
12 42 42.6 +21 52 17.3 2000   0.0  0    0.2813312000 2452500.10900 0.5
CC    Com 11.300 - 12.21 EW/KW                 ALL                 
12 12  6.0 +22 31 58.7 2000   0.0  0    0.2206854000 2452500.22000 0.5
CM    Com 13.000 - 13.60 E                     ALL                 
12 19 25.2 +21 20 58.9 2000   0.0  0    0.5545110000 2452500.43100 0.5
CN    Com 13.300 - 14.00 EB                    ALL                 
12 19 47.0 +16 30 50.3 2000   0.0  0    0.7354409000 2452500.19460 0.5
DD    Com 14.300 - 15.05 EW/KW                 ALL                 
12 28 46.2 +21 43 33.0 2000   0.0  0    0.2692087000 2452500.19300 0.5
DG    Com 14.300 - 15.50 EB/SD                 ALL                 
12 30 10.0 +21  0 16.7 2000   0.0  0    0.9866114000 2452500.95620 0.5
EK    Com 12.700 - 13.40 EW                    ALL                 
12 51 21.4 +27 13 46.7 2000   0.0  0    0.2666865000 2452500.25800 0.5
EQ    Com 14.400 - 15.90 EB                    ALL                 
12 59  2.8 +18  2 44.4 2000   0.0  0    0.3618837000 2452500.22300 0.5
KK    Com  9.540 -  9.77 EB                    ALL                 
12 32 31.1 +21  6  3.4 2000   0.0  0    1.0678839000 2452500.98180 0.5
KR    Com  7.260 -  7.32 EB                    ALL                 
13 20 15.8 +17 45 57.0 2000   0.0  0    0.4079676000 2452500.39200 0.5
LL    Com 12.300 - 13.00 EB                    ALL                 
13 17 59.9 +30  8  1.7 2000   0.0  0    0.4069182900 2452500.10080 0.5
LO    Com 12.380 - 13.20 EW                    ALL                 
12 32  4.9 +26 22 47.8 2000   0.0  0    0.2863596000 2452500.27900 0.5
LP    Com 12.760 - 13.37 EW                    ALL                 
12 33  5.5 +27  8  3.6 2000   0.0  0    0.3379356000 2452500.05700 0.5
LQ    Com 12.800 - 13.30 EW                    ALL                 
12 37 30.3 +26  4 51.9 2000   0.0  0    0.3568348300 2452500.15040 0.5
LR    Com 10.800 - 11.70 EA                    ALL                 
12 45  6.9 +21 39 33.0 2000   0.0  0    0.8963001000 2452500.75400 0.5
LT    Com 10.530 - 10.74 EB                    ALL                 
12 52 41.8 +26 16 37.7 2000   0.0  0    0.5120571000 2452500.14400 0.5
MM    Com 12.250 - 12.89 EW                    ALL                 
13  0 11.7 +30 23 10.5 2000   0.0  0    0.3019923000 2452500.25900 0.5
MR    Com 12.000 - 12.45 EW                    ALL                 
13 14 24.2 +27 11 32.3 2000   0.0  0    0.4127407000 2452500.42000 0.5
NN    Com 12.140 - 12.68 EW                    ALL                 
12 35 31.9 +14 19 33.5 2000   0.0  0    0.5828468400 2452500.10750 0.5
NV    Com 11.850 - 12.17 EW                    ALL                 
13 12 28.3 +25 14 26.5 2000   0.0  0    0.3708926900 2452500.04030 0.5
RW    CrA  9.300 - 10.30 EA/SD      A0         ALL                 
17 59 20.3 -37 52 52.6 2000   0.3  0    1.6836004000 2452500.03200 0.5
TY    CrA  9.390 -  9.81 EA         B9Vea      ALL                 
19  1 40.8 -36 52 33.9 2000   0.2  0    2.8887800000 2452501.72900 0.5
TZ    CrA  9.600 - 10.33 EA/SD      A1III/IV   ALL                 
18 18 48.2 -43 21 37.1 2000   0.1  0    0.6867480900 2452500.18110 0.5
BG    CrA 14.500 - 15.30 EW                    all                 
18 56  1.2 -37 16 18.9 2000   0.0  0    0.4527692000 2452500.26000 0.5
CW    CrA 13.400 - 15.00 EA                    PRI                 
18 55  4.8 -37 49 31.1 2000   0.3  0    1.9197200000 2452501.48000 0.5
V405  CrA 12.100 - 13.50 EA/SD                 PRI                 
18 18 31.1 -41 48 15.0 2000   0.2  0    1.1748490000 2452500.38900 0.5
V412  CrA 10.700 - 11.30 EA/DM                 ALL                 
18 45 15.5 -38 34 19.1 2000   0.5  0    9.6659754000 2452501.14530 0.5
V454  CrA 10.100 - 10.90 EA/DM      A5         PRI                 
17 59  9.9 -39 38 16.6 2000   0.2  0    2.3968481000 2452500.53500 0.5
V471  CrA 12.900 - 13.50 EA/DM                 ALL                 
18  2 45.7 -38 36 46.9 2000   0.3  0    2.4860140000 2452500.68000 0.5
V634  CrA 13.400 - 13.90 EW/KW                 ALL                 
18 34 24.4 -42 27 17.2 2000   0.0  0    0.3079572200 2452500.24800 0.5
V681  CrA  7.600 -  8.10 EA/DM      B9.5V      PRI                 
18 37 39.6 -42 57 19.8 2000   0.0  0    2.1639520000 2452501.93000 0.5
V691  CrA 14.800 - 16.60 E+X        e          PRI                 
18 25 46.9 -37  6 19.1 2000   0.0  0    0.2321099300 2452500.10110 0.5
V711  CrA  8.360 -  8.69 EB                    ALL                 
18  4 32.8 -42 13 24.3 2000   0.0  0    0.7008860900 2452500.47460 0.5
U     CrB  7.660 -  8.79 EA/SD      B6V+F8III- PRI                 
15 18 11.4 +31 38 49.4 2000   0.5  0    3.4522300000 2452502.51100 0.5
RT    CrB 10.200 - 10.82 EA/AR /RS  G0         ALL                 
15 38  3.0 +29 29 13.9 2000   0.4  0    5.1171470000 2452502.97700 0.5
RW    CrB 10.220 - 10.78 EA/SD      F2V        ALL                 
15 39 15.2 +29 37 19.6 2000   0.1  0    0.7264124000 2452500.70400 0.5
TU    CrB 12.800 - 13.60 EA/SD                 ALL                 
16  9 44.3 +39 34 31.9 2000   0.0  0    1.6135966000 2452500.89100 0.5
TW    CrB 10.500 - 11.30 EB/KE                 ALL                 
16  6 50.7 +27 16 34.6 2000   0.0  0    0.5888761000 2452500.09960 0.5
UX    CrB 13.120 - 13.60 EA                    PRI                 
16 16 54.3 +31  7 21.4 2000   0.0  0    0.5678424300 2452500.37910 0.5
YY    CrB  8.640 -  9.13 EW                    ALL                 
15 50 32.4 +37 50  7.6 2000   0.0  0    0.3765594000 2452500.12600 0.5
AM    CrB 12.800 - 13.50 EA                    ALL                 
16 10 50.4 +37 28 56.6 2000   0.0  0    0.7036537000 2452500.24000 0.5
AR    CrB 10.840 - 11.45 EW                    ALL                 
15 59 18.6 +27 52 15.1 2000   0.0  0    0.3973519000 2452500.20300 0.5
AS    CrB 11.340 - 11.85 EW                    ALL                 
16  0 14.5 +35 12 31.6 2000   0.0  0    0.3806654000 2452500.36200 0.5
AV    CrB 11.870 - 12.48 EW                    ALL                 
16 14 58.6 +30 16 35.6 2000   0.0  0    0.3081879900 2452500.11770 0.5
AW    CrB 11.080 - 11.35 DSCT                  ALL                 
16 15 20.2 +35 42 26.2 2000   0.0  0    0.3609358000 2452500.04100 0.5
BD    CrB 14.200 - 14.70 EW                    PRI                 
15 31 22.4 +35 52 54.4 2000   0.0  0    0.3568732100 2452500.08300 0.5
CL    CrB 12.550 - 12.90 EW                    ALL                 
16 10  9.3 +35 57 30.6 2000   0.0  0    0.3188081600 2452500.29110 0.5
W     Crv 11.160 - 12.50 EB/KW                 ALL                 
12  7 34.4 -13  8 59.1 2000   0.0  0    0.3880812000 2452500.24100 0.5
Y     Crv 11.000 - 11.70 EW/KE      A0         ALL                 
12 38 10.4 -15  0  0.3 2000   0.0  0    0.4948663100 2452500.23470 0.5
Z     Crv 14.000 - 16.50 EA/SD                 PRI                 
12 29 41.8 -23 38  3.8 2000   0.1  0    0.5047523000 2452500.22500 0.5
RR    Crv 11.100 - 13.90 E/SD                  pri                 
12 30 26.9 -17 58 53.4 2000   0.0  0    5.1583089000 2452501.43000 0.5
RV    Crv  8.600 -  9.16 EB/KE      F0+G0      ALL                 
12 37 40.7 -19 34 40.0 2000   0.0  0    0.7472440000 2452500.40700 0.5
SX    Crv  8.990 -  9.25 EW/KW      F8         ALL                 
12 40 15.0 -18 48  0.9 2000   0.0  0    0.3166053800 2452500.19460 0.5
VV    Crv  5.190 -  5.34 EA                    PRI                 
12 41 15.9 -13  0 50.1 2000   0.0  0    3.1444898000 2452501.89500 0.5
VV    Crv  5.190 -  5.34 EA                    SEC                 
12 41 15.9 -13  0 50.1 2000   0.0  0    3.1445435000 2452503.36640 0.5
V     Crt  9.900 - 10.53 EA/KE      A6         ALL                 
11 24 13.4 -16 40 22.7 2000   0.1  0    0.7020380000 2452500.01700 0.5
Z     Crt 10.500 - 11.50 EA/SD                 ALL                 
11 26  0.9 -22 28 59.2 2000   0.4  0    3.0518218000 2452502.18430 0.5
RV    Crt  9.200 -  9.70 EA         F8         ALL                 
11 19 14.7 -19 49 43.9 2000   0.0  0    1.1705011000 2452501.01700 0.5
TW    Crt  8.390 -  8.72 EA                    ALL                 
11  1 48.0 -21 50 30.8 2000   0.0  0    0.9442783000 2452500.69650 0.5
VV    Crt  9.480 -  9.69 E /RS                 ALL                 
11 30 26.1 -15 19 19.8 2000   0.0  0    2.2955946000 2452501.59150 0.5
AC    Crt  9.700 - 10.20 EW         A8         ALL                 
10 59 21.8 -12 28 39.6 2000   0.0  0    0.6172624000 2452500.46800 0.5
W     Cru  9.040 - 10.38 EB/GS      G2eIab     all                 
12 11 59.2 -58 47  0.7 2000   0.0  0  198.5500000000 2452644.90000 0.5
SZ    Cru 10.900 - 11.60 EA/DM                 ALL                 
12 15 25.1 -58 30  0.7 2000   0.3  0    1.9743112000 2452501.18400 0.5
TT    Cru 10.100 - 11.00 EA/SD                 ALL                 
12 24 30.0 -61 33 15.8 2000   0.5  0    2.9521580000 2452501.91000 0.5
TU    Cru 11.000 - 11.90 EB/AR                 all                 
12 28 51.2 -64 25  5.5 2000   0.0  0    3.1000120000 2452500.68000 0.5
TW    Cru 12.400 - 12.90 EW/KW                 ALL                 
12  3 16.3 -62 56 16.2 2000   0.0  0    0.3881437000 2452500.08700 0.5
TZ    Cru 11.800 - 12.40 EA                    ALL                 
12  9 53.6 -60 48 14.7 2000   0.2  0    2.0911625000 2452500.93300 0.5
UV    Cru 13.000 - 14.00 EA/DS                 ALL                 
12 12 32.8 -62 39 12.2 2000   1.0  0   16.1188600000 2452509.53000 0.5
UW    Cru 12.300 - 13.10 EA/DM                 PRI                 
12 14  3.9 -64 40 55.2 2000   0.4  0    6.3545170000 2452502.31000 0.5
UW    Cru 12.300 - 13.10 EA/DM                 SEC                 
12 14  3.9 -64 40 55.2 2000   0.4  0    6.3545110000 2452505.69000 0.5
UX    Cru 11.700 - 12.50 EA/DM                 PRI                 
12 18  4.1 -62 42  7.4 2000   0.9  0   12.2969100000 2452506.03000 0.5
UX    Cru 11.700 - 12.50 EA/DM                 SEC                 
12 18  4.1 -62 42  7.4 2000   0.9  0   12.2969630000 2452514.39790 0.5
UZ    Cru 11.100 - 11.60 EA/GS                 PRI                 
12 21 24.7 -57 49 55.4 2000   2.8  0   56.2507330000 2452506.44010 0.5
VY    Cru 13.100 - 13.60 EW/K                  all                 
12 35 30.5 -63 15 13.2 2000   0.0  0    0.6955898000 2452500.15000 0.5
VZ    Cru 12.900 - 14.00 EA/SD                 ALL                 
12 38  7.4 -63 53 47.9 2000   0.1  0    1.1258145000 2452500.17300 0.5
ZZ    Cru  9.650 - 10.10 EB/DM      B3V        all                 
12  5 45.4 -63 30 14.6 2000   0.0  0    1.8621857000 2452500.95550 0.5
AA    Cru 10.800 - 11.40 EA/DM                 ALL                 
12 17 11.6 -62 28 49.1 2000   0.2  0    3.7876325000 2452502.07850 0.5
AB    Cru  8.560 -  9.20 EA/DM      O8Vne      ALL                 
12 17 37.1 -58  9 52.5 2000   0.6  0    3.4133160000 2452500.16600 0.5
AC    Cru 11.300 - 12.10 EB/K                  ALL                 
12 24 39.2 -64  0 52.0 2000   0.0  0    0.9042022000 2452500.77200 0.5
AE    Cru  9.000 -  9.70 EA/D       B7III      ALL                 
11 58 34.8 -61 10  1.0 2000   0.4  0    3.4781390000 2452502.69100 0.5
AF    Cru  9.760 - 10.53 EA         F5-G9      PRI                 
12 19  7.2 -63  9 53.7 2000   0.1  0    1.8956829000 2452501.00200 0.5
AI    Cru  9.550 - 10.30 EA/KE      B2IVe      ALL                 
12  6  7.7 -61 15 24.9 2000   0.3  0    1.4177134000 2452500.53540 0.5
AM    Cru 10.700 - 11.20 EA/DM      B5         all                 
12 33  0.6 -64 32 23.7 2000   0.2  0    2.0869100000 2452500.29000 0.5
AN    Cru 10.600 - 12.30 EA/SD                 PRI                 
12 43 15.8 -58 29  0.4 2000   0.4  0    3.2575410000 2452500.88000 0.5
AQ    Cru 13.200 - 13.90 EB/KE                 all                 
11 56 45.1 -64  2 33.7 2000   0.0  0    1.1550033000 2452500.02400 0.5
AR    Cru 12.600 - 14.30 EA/SD                 PRI                 
11 56 52.9 -58  0 30.0 2000   0.7  0    5.8455914000 2452500.66900 0.5
AT    Cru 12.400 - 13.50 EA/DS                 all                 
12  3 49.4 -64 16  5.5 2000   3.4  0   33.9208000000 2452501.27000 0.5
AW    Cru 13.400 - 13.90 EA/DM                 ALL                 
12 10 30.1 -60 30 12.7 2000   0.4  0    2.4528860000 2452500.80500 0.5
AY    Cru 11.100 - 12.20 EA/SD                 PRI                 
12 11 16.0 -59  8  3.4 2000   0.3  0    1.5984228000 2452501.14700 0.5
BC    Cru 13.600 - 14.00 EA/KE                 PRI                 
12 24 36.2 -64 13 20.0 2000   0.1  0    1.5611734000 2452501.33900 0.5
BE    Cru 12.500 - 13.20 EA/AR                 ALL                 
12 27 33.2 -58 16 19.3 2000   0.2  0    2.2209975000 2452501.57100 0.5
BF    Cru 12.000 - 12.50 EW/KW                 ALL                 
12 35 18.4 -62 39 13.8 2000   0.0  0    0.4988059700 2452500.22000 0.5
DN    Cru  8.730 -  8.87 E                     PRI                 
12 27 31.3 -55 49 22.4 2000   0.0  0    9.8812663000 2452506.62690 0.5
DN    Cru  8.730 -  8.87 E                     SEC                 
12 27 31.3 -55 49 22.4 2000   0.0  0    9.8814284000 2452513.19470 0.5
EP    Cru  8.660 -  9.36 EA         B5V        PRI                 
12 37 16.8 -56 47 17.4 2000   0.4  0   11.0774660000 2452506.93920 0.5
EP    Cru  8.660 -  9.36 EA         B5V        SEC                 
12 37 16.8 -56 47 17.4 2000   0.4  0   11.0774650000 2452513.75420 0.5
EQ    Cru 10.060 - 10.50 EA         B9IV       PRI                 
12 40 24.3 -59 49 11.2 2000   0.5  0   15.4912150000 2452507.23400 0.5
FH    Cru 13.000 - 13.40 EA                    PRI                 
12 38 22.0 -63 54 19.6 2000   0.0  0    0.8507026400 2452500.11650 0.5
Y     Cyg  7.300 -  7.90 EA/DM      B0IV+B0IV  PRI                 
20 52  3.6 +34 39 27.5 2000   0.3  0    2.9963261000 2452501.60190 0.5
Y     Cyg  7.300 -  7.90 EA/DM      B0IV+B0IV  SEC                 
20 52  3.6 +34 39 27.5 2000   0.3  0    2.9963007000 2452503.41840 0.5
SW    Cyg  9.240 - 11.83 EA/SD      A2e+K0     PRI                 
20  6 57.9 +46 17 58.2 2000   0.5  0    4.5730410000 2452500.10000 0.5
SY    Cyg 10.700 - 14.20 EA/SD      A3         ALL                 
19 46 34.3 +32 42 18.4 2000   0.7  0    6.0055830000 2452503.57000 0.5
UW    Cyg 10.700 - 13.00 EA/SD      F0         ALL                 
20 23  2.8 +43 14 32.5 2000   0.6  0    3.4507904000 2452503.34690 0.5
UZ    Cyg 10.230 - 12.11 EA/DS      A3+K1      pri                 
21 59 14.3 +44 21 34.8 2000   2.5  0   31.3058400000 2452528.08000 0.5
VV    Cyg 13.000 - 14.30 EA/SD                 ALL                 
21  5 52.5 +45 46 42.2 2000   0.3  0    1.4770521000 2452501.09390 0.5
VW    Cyg 10.250 - 12.58 EA/DS      A3e+G5     PRI                 
20 15 12.3 +34 30 48.3 2000   0.9  0    8.4305200000 2452506.39600 0.5
WW    Cyg 10.020 - 13.26 EA/SD      B8+G       PRI                 
20  4  2.7 +41 35 16.5 2000   0.5  0    3.3178200000 2452501.07000 0.5
WZ    Cyg 10.500 - 11.50 EB/K       F0V        ALL                 
20 53  6.8 +38 49 40.7 2000   0.0  0    0.5844670000 2452500.24000 0.5
ZZ    Cyg 10.610 - 11.69 EA/SD      F6-8V+K5   PRI                 
20 23 52.9 +46 55 14.4 2000   0.2  0    0.6286127000 2452500.34000 0.5
AE    Cyg 11.800 - 12.80 EA/SD      A5         PRI                 
21 13 14.3 +30 44 27.3 2000   0.2  0    0.9691872600 2452500.60680 0.5
BO    Cyg 11.800 - 12.50 EA/DM                 ALL                 
21 49 14.5 +41  8 16.6 2000   0.3  0    1.7562080000 2452500.55700 0.5
BR    Cyg  9.400 - 10.60 EA/SD      A5V+F0V    PRI                 
19 40 54.7 +46 47  5.6 2000   0.3  0    1.3325643500 2452501.13820 0.5
CG    Cyg  9.730 - 10.86 EA/SD/RS   G9.5V+K3V  ALL                 
20 58 13.4 +35 10 29.6 2000   0.1  0    0.6311431000 2452500.52900 0.5
CV    Cyg 10.800 - 11.40 EW/DW      F8III      ALL                 
19 54 20.9 +38  2 50.0 2000   0.0  0    0.9834044000 2452500.68420 0.5
DK    Cyg 10.370 - 10.93 EW/D       A7V        ALL                 
21 35  2.7 +34 35 45.4 2000   0.0  0    0.4706960000 2452500.19600 0.5
DL    Cyg  9.600 - 10.30 EA/DM      B3         ALL                 
21 39 46.5 +48 32 23.9 2000   0.7  0    4.8304410000 2452502.11300 0.5
DO    Cyg 11.400 - 12.30 EA/SD      A0         PRI                 
21 58 22.6 +52 34  2.3 2000   0.1  0    1.7099945000 2452500.48830 0.5
DP    Cyg 13.200 - 14.10 EA                    ALL                 
22  0 27.7 +53 17 35.0 2000   0.0  0    2.3469080000 2452500.32400 0.5
DX    Cyg 14.100 - 15.90 EA/SD                 ALL                 
19 26  4.5 +29 22 55.5 2000   0.2  0    1.3703320000 2452501.26700 0.5
EE    Cyg 14.400 - 15.70 EA                    pri                 
19 30 32.4 +28 32 18.8 2000   0.4  0    2.8330910000 2452501.00000 0.5
EM    Cyg 11.900 - 14.40 UGZ+E      pec UG     ALL                 
19 38 40.1 +30 30 28.4 2000   0.0  0    0.2909091200 2452500.17110 0.5
EN    Cyg 12.900 - 16.10 EA/SD                 ALL                 
19 40  9.5 +29 16 23.2 2000   0.4  0    2.2148970000 2452501.44300 0.5
FR    Cyg 13.900 - 16.10 EA/SD                 pri                 
19 35  1.3 +28 13 41.3 2000   0.7  0    4.4444230000 2452504.53000 0.5
GG    Cyg 12.000 - 12.90 EA/SD      A5         PRI                 
19 54 18.6 +32 40 46.1 2000   0.4  0    2.0083880000 2452501.58200 0.5
GM    Cyg 12.000 - 13.50 EA/SD      B9         PRI                 
20  4 15.9 +38  7 43.7 2000   0.5  0    4.7458438000 2452501.99720 0.5
GO    Cyg  8.470 -  9.09 EB/KE      B9n+A0n V  ALL                 
20 37 20.1 +35 26 10.3 2000   0.0  0    0.7177643000 2452500.45370 0.5
GT    Cyg 13.300 - 15.70 EA/SD                 PRI                 
21 50 43.6 +42 54 11.5 2000   0.4  0    2.9743537000 2452500.28300 0.5
GV    Cyg 13.200 - 15.20 EA/SD      A5         ALL                 
21 58 25.3 +46 56 25.7 2000   0.1  0    0.9906674000 2452500.55200 0.5
HK    Cyg 13.000 - 15.00 EA/SD                 PRI                 
19 30 31.6 +34 20 52.4 2000   0.3  0    3.2830690000 2452503.08400 0.5
HL    Cyg 14.800 - 16.00 EA/DS                 pri                 
19 33 16.0 +28 11 33.5 2000   1.5  0    9.6763000000 2452507.00000 0.5
KR    Cyg  9.190 - 10.00 EB         A2V        PRI                 
20  9  5.6 +30 33  1.4 2000   0.0  0    0.8451556000 2452500.21000 0.5
KU    Cyg 10.730 - 12.38 EA/D /RS   F4p+K5eIII pri                 
20 12 45.1 +47 23 41.4 2000   3.1  0   38.4396000000 2452528.10000 0.5
KV    Cyg 11.500 - 12.60 EB/SD      B0         ALL                 
20 15 38.1 +36 47 36.7 2000   0.0  0    2.8390017000 2452501.18780 0.5
LN    Cyg 14.000 - 15.10 EB/SD      A2         PRI                 
20 57 30.9 +33 14 38.8 2000   0.0  0    0.5239444500 2452500.09710 0.5
LO    Cyg 13.100 - 13.70 EB                    ALL                 
21 44  3.0 +45 52 39.3 2000   0.0  0    0.6292133000 2452500.18100 0.5
MR    Cyg  8.750 -  9.68 EA/SD      B3V+B9     ALL                 
21 58 56.6 +47 59  0.0 2000   0.4  0    1.6770322000 2452501.17670 0.5
MY    Cyg  8.300 -  9.02 EA/DM      A7 m+A5 m  PRI                 
20 20  3.4 +33 56 35.0 2000   0.4  0    4.0051874000 2452503.76950 0.5
MY    Cyg  8.300 -  9.02 EA/DM      A7 m+A5 m  SEC                 
20 20  3.4 +33 56 35.0 2000   0.4  0    4.0051882000 2452505.78340 0.5
NU    Cyg 14.300 - 14.90 EW/KW                 ALL                 
19 51 37.7 +39  7 20.4 2000   0.0  0    0.2811232000 2452500.22200 0.5
NZ    Cyg 13.700 - 14.20 EW/KW                 ALL                 
19 52 37.5 +38 42 58.4 2000   0.0  0    0.4059675900 2452500.12330 0.5
PV    Cyg 12.700 - 15.50 E/SD       A1         PRI                 
19 56 29.2 +37 43  9.1 2000   0.0  0    1.3148684000 2452500.58400 0.5
PW    Cyg 13.300 - 14.50 EA                    ALL                 
19 56 31.0 +39 30 30.7 2000   0.2  0    2.0217900000 2452500.70700 0.5
PY    Cyg 14.800 - 15.20 EW/KW                 ALL                 
19 56 57.2 +38 55  5.8 2000   0.0  0    0.4650435500 2452500.23420 0.5
QS    Cyg 13.200 - 13.80 E/KE       A0         PRI                 
19 57 39.5 +38 48 20.5 2000   0.0  0    1.0439988000 2452500.88800 0.5
QT    Cyg 14.800 - 17.40 EA/SD      A5         pri                 
19 58  7.4 +38 49 28.6 2000   0.3  0    3.3355610000 2452501.31100 0.5
QU    Cyg 14.500 - 15.30 E                     PRI                 
19 58 27.9 +38 13 27.6 2000   0.0  0    0.3469105800 2452500.13890 0.5
QX    Cyg 14.300 - 15.00 E/DW       F1         ALL                 
19 58 34.8 +38 14 35.0 2000   0.0  0    0.8995000000 2452500.74400 0.5
V340  Cyg 14.400 - 15.20 EA                    pri                 
20  0 54.4 +39  1 44.5 2000   0.2  0    4.0670500000 2452503.66000 0.5
V345  Cyg 11.300 - 11.80 EA/DM      A1         ALL                 
20 10 10.7 +30 28 54.6 2000   0.4  0    2.0755730000 2452502.05900 0.5
V346  Cyg 11.800 - 13.50 EA/SD      A5         PRI                 
20 19 24.7 +36 20 24.2 2000   0.4  0    2.7433270000 2452500.42600 0.5
V355  Cyg 14.200 - 15.70 EA/DS                 pri                 
21  3 17.8 +46  8 53.3 2000   0.5  0    8.4310000000 2452505.00000 0.5
V366  Cyg 10.000 - 10.50 EB/KE      A5         ALL                 
20 44 29.8 +54  6  7.0 2000   0.0  0    1.0960231000 2452500.43900 0.5
V367  Cyg  6.670 -  7.60 EB/GS/SD   B8peIa+F4I ALL                 
20 47 59.6 +39 17 15.7 2000   0.0  0   18.5977800000 2452510.77000 0.5
V370  Cyg 11.800 - 13.10 EB/SD      A0         ALL                 
19 43 38.1 +32 47 35.4 2000   0.0  0    0.7745408000 2452500.49900 0.5
V371  Cyg 12.200 - 13.20 EA/GS/D    G5III      PRI                 
20 18 21.6 +30  9 21.1 2000   5.9  0   45.3801000000 2452505.80000 0.5
V379  Cyg 13.000 - 14.50 E/SD                  ALL                 
19 44 25.2 +50 31  7.0 2000   0.0  0    6.0959824000 2452505.25290 0.5
V380  Cyg  5.610 -  5.78 EA/DM      B1III+B3V  PRI                 
19 50 37.3 +40 35 59.1 2000   1.4  0   12.4257050000 2452501.80900 0.5
V380  Cyg  5.610 -  5.78 EA/DM      B1III+B3V  SEC                 
19 50 37.3 +40 35 59.1 2000   1.4  0   12.4255000000 2452506.72000 0.5
V382  Cyg  8.290 -  9.18 EB         O7+O8V     ALL                 
20 18 47.2 +36 20 26.1 2000   0.0  0    1.8855160000 2452500.47400 0.5
V385  Cyg 12.300 - 13.30 EA/SD                 PRI                 
20 53 47.6 +35 33  9.7 2000   0.2  0    1.2280411000 2452501.30700 0.5
V387  Cyg 11.500 - 12.30 EA/K       A4+G5      PRI                 
21 15 37.4 +37 29 51.7 2000   0.2  0    0.6405967000 2452500.46400 0.5
V388  Cyg  8.900 -  9.55 EB/KE      A3         ALL                 
20 29 12.9 +31 23 12.0 2000   0.0  0    0.8590259000 2452500.54700 0.5
V393  Cyg  9.000 - 10.00 EA/DS      A0         PRI                 
19 58 48.3 +43 17 44.2 2000   1.2  0   13.6335350000 2452502.39170 0.5
V398  Cyg 12.500 - 15.00 EA                    ALL                 
20 46 50.8 +34 12  3.7 2000   0.0  0    2.4480704000 2452500.78460 0.5
V401  Cyg 10.640 - 11.17 EW/KE      F0         ALL                 
19 29 20.3 +30 24 28.5 2000   0.0  0    0.5827271000 2452500.37620 0.5
V435  Cyg 12.700 - 15.00 EA/SD                 PRI                 
20 16 27.0 +38 45 40.4 2000   0.7  0    6.7720100000 2452503.42000 0.5
V442  Cyg 10.000 - 10.40 EA         F4+F5      ALL                 
20 27 52.3 +30 47 28.4 2000   0.2  0    2.3859450000 2452502.09100 0.5
V443  Cyg 12.300 - 13.00 EA                    ALL                 
20 27 45.6 +38 41 23.8 2000   0.1  0    1.6622062000 2452500.86390 0.5
V444  Cyg  7.920 -  8.22 EA/WR      O6+WN5.5   ALL                 
20 19 32.4 +38 43 54.0 2000   0.8  0    4.2124960000 2452500.10600 0.5
V445  Cyg 11.700 - 15.50 EA/SD                 PRI                 
20 28 19.0 +38 17 43.3 2000   0.2  0    1.9477690000 2452500.20500 0.5
V447  Cyg 13.100 - 14.50 EA/SD      A3+F5      ALL                 
20  5 53.2 +35 52 11.0 2000   0.4  0    2.2055200000 2452501.74200 0.5
V448  Cyg  7.900 -  8.72 EB/SD      O9.5e+B1Ib ALL                 
20  6  9.9 +35 23  9.6 2000   0.0  0    6.5197290000 2452506.43200 0.5
V453  Cyg  8.290 -  8.72 EA/D       B0.5IV +B1 PRI                 
20  6 35.0 +35 44 26.3 2000   0.6  0    3.8898200000 2452503.25300 0.5
V454  Cyg 11.800 - 13.20 EB/SD      B5         ALL                 
20 15 56.8 +37 30 30.6 2000   0.0  0    2.3168920000 2452501.42630 0.5
V455  Cyg 10.400 - 11.00 EB/DM      B2 p e     ALL                 
20 26 20.9 +39 40 10.0 2000   0.0  0    8.7525000000 2452503.98800 0.5
V456  Cyg 10.800 - 11.90 EA/SD      A2         ALL                 
20 28 50.8 +39  9 13.7 2000   0.1  0    0.8911941000 2452500.78590 0.5
V463  Cyg 10.550 - 11.15 EA/DM      A0V        ALL                 
19 42 13.9 +31 18  2.5 2000   0.4  0    2.1175760000 2452500.96800 0.5
V466  Cyg 10.800 - 11.70 EA         F4         ALL                 
19 54 33.5 +33  0  5.4 2000   0.2  0    1.3915669300 2452500.59900 0.5
V469  Cyg 12.800 - 13.90 EA/SD                 ALL                 
20 14 48.9 +34 44 22.3 2000   0.3  0    1.3124994000 2452501.28310 0.5
V474  Cyg 11.300 - 12.70 EA/DS      F8         PRI                 
19 14  1.6 +49  5 41.6 2000   1.9  0   23.6590600000 2452514.08000 0.5
V477  Cyg  8.500 -  9.34 EA/DM      A3V+F5V    PRI                 
20  5 27.7 +31 58 18.1 2000   0.2  0    2.3469793000 2452502.29400 0.5
V477  Cyg  8.500 -  9.34 EA/DM      A3V+F5V    SEC                 
20  5 27.7 +31 58 18.1 2000   0.2  0    2.3469780000 2452502.99700 0.5
V478  Cyg  8.630 -  9.04 EA/DM      O9.5Vp+B0V SEC                 
20 19 38.8 +38 20  9.2 2000   0.5  0    2.8808760000 2452502.65000 0.5
V478  Cyg  8.630 -  9.04 EA/DM      O9.5Vp+B0V PRI                 
20 19 38.8 +38 20  9.2 2000   0.5  0    2.8809240000 2452501.15300 0.5
V483  Cyg 11.600 - 12.30 EB/DM      B8         PRI                 
20  0 45.9 +31 50  2.6 2000   0.0  0    2.6042770000 2452500.48000 0.5
V484  Cyg 13.500 - 14.50 EA/SD                 ALL                 
20  0 41.8 +35 14 22.5 2000   0.3  0    1.2938309000 2452500.31430 0.5
V488  Cyg 12.700 - 13.30 EB/DW      G0         ALL                 
20  9 39.3 +30 23 13.9 2000   0.0  0    0.5605068400 2452500.50890 0.5
V490  Cyg 13.100 - 13.70 EB         F8         PRI                 
20  9 57.0 +31 22 11.8 2000   0.0  0    1.1402214000 2452500.76300 0.5
V490  Cyg 13.100 - 13.70 EB         F8         SEC                 
20  9 57.0 +31 22 11.8 2000   0.0  0    1.1402503000 2452501.22200 0.5
V493  Cyg 12.800 - 13.30 EA/KE                 PRI                 
20 13 25.8 +32 55 27.1 2000   0.3  0    1.2750894000 2452500.06200 0.5
V494  Cyg 13.500 - 14.20 EB                    ALL                 
20 13 56.3 +34 16 49.6 2000   0.0  0    1.7943265000 2452501.79700 0.5
V496  Cyg 12.100 - 12.50 EA/KE                 ALL                 
20 19 40.4 +35 47 10.8 2000   0.3  0    1.4749150000 2452500.12400 0.5
V498  Cyg  9.980 - 10.75 EA/DM      B1 III     ALL                 
20 23 10.8 +39  9 44.3 2000   0.7  0    3.4848870000 2452502.59100 0.5
V499  Cyg 13.100 - 13.40 EA                    PRI                 
20 24  2.5 +33  8 33.5 2000   0.1  0    0.7507557000 2452500.52300 0.5
V500  Cyg 11.900 - 13.40 EA/SD                 ALL                 
20 24 40.4 +34 57  5.4 2000   0.1  0    0.9242237600 2452500.76330 0.5
V501  Cyg 12.700 - 13.50 EA                    ALL                 
20 26  6.1 +34  6 41.2 2000   0.6  0    2.8062020000 2452501.22100 0.5
V502  Cyg 13.600 - 14.50 EW                    ALL                 
20 26 28.8 +42 41 45.2 2000   0.0  0    0.5669613000 2452500.57970 0.5
V504  Cyg 14.000 - 14.50 EB                    PRI                 
20 28  9.5 +32 54 29.2 2000   0.0  0    0.3516908200 2452500.18720 0.5
V505  Cyg 11.700 - 12.40 EB         F0         ALL                 
20 29 28.9 +32 47 50.1 2000   0.0  0    0.6676562000 2452500.61300 0.5
V508  Cyg 13.300 - 13.80 RRC                   ALL                 
20 34  5.9 +46 52 16.5 2000   0.2  0    0.7796606000 2452500.71400 0.5
V509  Cyg 13.100 - 13.70 EA                    ALL                 
20 37 38.5 +47 13  7.9 2000   0.2  0    1.6091756000 2452501.59950 0.5
V512  Cyg 11.400 - 12.40 EA/SD      A0         ALL                 
20 44 43.7 +49 35 50.9 2000   0.3  0    2.4246520000 2452500.60400 0.5
V513  Cyg 12.500 - 13.00 EA/KE                 ALL                 
20 45 56.8 +40 38 22.5 2000   0.2  0    1.0561828000 2452500.81260 0.5
V519  Cyg 13.000 - 13.70 EA/DM      A5         ALL                 
20 51 51.5 +46 32 27.4 2000   0.1  0    2.3452839000 2452501.52950 0.5
V525  Cyg 13.300 - 15.60 EA/SD                 PRI                 
21  7 20.2 +43  7 17.2 2000   0.3  0    2.4033150000 2452502.17100 0.5
V526  Cyg 13.000 - 13.80 EA/SD                 ALL                 
21 10 17.5 +45 56  9.9 2000   0.2  0    1.2334571000 2452501.19300 0.5
V530  Cyg 11.900 - 12.60 INSA       B5         pri                 
21 12  9.6 +47 38  1.7 2000   0.0  0   50.8307540000 2452545.70490 0.5
V534  Cyg 13.700 - 16.70 EA/SD                 ALL                 
21 21  8.4 +44 15  5.1 2000   0.2  0    1.1326257000 2452500.95100 0.5
V536  Cyg 11.900 - 14.20 EA/SD                 PRI                 
21 32 58.2 +49 53 55.8 2000   0.6  0    6.0104100000 2452500.02500 0.5
V537  Cyg 11.900 - 12.80 EA/SD      A          PRI                 
21 34  1.2 +49 55 59.5 2000   0.3  0    4.7584683000 2452500.87700 0.5
V541  Cyg 10.200 - 10.90 EA/DM      A0         SEC                 
19 42 29.5 +31 19 40.2 2000   0.3  0   15.3379090000 2452512.16020 0.5
V541  Cyg 10.200 - 10.90 EA/DM      A0         PRI                 
19 42 29.5 +31 19 40.2 2000   0.3  0   15.3378770000 2452505.13970 0.5
V548  Cyg  8.540 -  9.29 EA/SD      A1V+F7     ALL                 
19 56 58.3 +54 47 58.3 2000   0.4  0    1.8052390000 2452500.62400 0.5
V567  Cyg 13.400 - 14.20 EA                    pri                 
20 38 13.1 +30 28 42.4 2000   1.1  0   15.9810000000 2452505.50000 0.5
V587  Cyg 14.300 - 16.20 EA/SD                 PRI                 
21 15 20.0 +43 29 42.8 2000   0.2  0    1.9556260000 2452500.91000 0.5
V610  Cyg 13.000 - 13.80 EA                    ALL                 
21 29  7.3 +40 40 11.4 2000   0.0  0    2.9960124000 2452500.06000 0.5
V616  Cyg 13.000 - 15.00 EA/SD                 ALL                 
21 30 33.9 +50  7 32.9 2000   0.3  0    1.3266490000 2452500.09000 0.5
V620  Cyg 11.500 - 13.00 EA/SD      A1         PRI                 
21 33  8.1 +35 46 18.4 2000   0.0  0    6.2673000000 2452505.38000 0.5
V628  Cyg 12.200 - 12.70 EW                    ALL                 
21 34  4.0 +47 14 22.2 2000   0.0  0    0.9665909000 2452500.60100 0.5
V635  Cyg 13.300 - 14.40 EA/SD                 PRI                 
21 37 51.4 +48 24 12.8 2000   0.1  0    0.7603562000 2452500.61390 0.5
V642  Cyg 12.900 - 14.40 EA/SD                 PRI                 
21 39  2.8 +54 58  1.9 2000   0.2  0    4.4465717000 2452504.05570 0.5
V651  Cyg 14.400 - 15.70 EA/SD                 PRI                 
21 42  5.9 +47  6 56.0 2000   0.1  0    1.0248702000 2452500.98200 0.5
V652  Cyg 12.000 - 13.70 EA/SD                 pri                 
21 42 50.1 +41 59 31.2 2000   0.4  0    3.7645330000 2452500.42000 0.5
V661  Cyg 13.900 - 15.20 EA                    PRI                 
21 48 10.6 +41 23 49.8 2000   0.5  0    4.3292210000 2452503.32000 0.5
V664  Cyg 13.100 - 13.60 EA/KE                 PRI                 
21 48 33.7 +40 58 35.9 2000   0.2  0    1.2420149000 2452500.41300 0.5
V675  Cyg 12.300 - 13.00 EA/DM                 PRI                 
21 51 57.9 +48 43 48.8 2000   0.9  0    8.8927340000 2452507.31000 0.5
V679  Cyg 14.300 - 14.90 EA                    PRI                 
21 53 37.5 +45  2  0.3 2000   0.5  0    2.9602982000 2452502.63100 0.5
V680  Cyg 10.000 - 10.80 EB/KE      B9         ALL                 
21 53 44.4 +53 48 13.1 2000   0.0  0    1.1991418000 2452500.96510 0.5
V681  Cyg 14.300 - 15.10 EA                    pri                 
21 55 25.2 +48 29 24.8 2000   0.3  0    3.4042783000 2452502.49390 0.5
V687  Cyg 10.200 - 11.40 EA/SD      A1         ALL                 
19 26 11.6 +29 59 12.4 2000   0.2  0    1.7072314000 2452500.20400 0.5
V689  Cyg 14.000 - 16.50 EA/SD      A5V        ALL                 
19 51  6.6 +36 51 32.6 2000   0.2  0    1.4553017000 2452500.13400 0.5
V692  Cyg 14.800 - 16.40 EA/SD                 PRI                 
20  6 29.4 +39 48 27.7 2000   0.5  0    2.7677266000 2452502.13940 0.5
V693  Cyg 14.300 - 15.50 EA                    ALL                 
20  7 46.0 +39 43 57.8 2000   0.2  0    1.1347796000 2452500.64710 0.5
V695  Cyg  3.730 -  3.89 EA/GS/D    K4Iab+B4IV PRI                 
20 13 37.9 +46 44 28.8 2000  75.7  0 3783.8039900000 2452821.14160 0.5
V698  Cyg 12.200 - 14.90 EA         B2         pri                 
19 59 53.3 +36 16 40.0 2000   4.9  0   97.7730000000 2452592.90000 0.5
V699  Cyg 12.000 - 13.00 EA         B2         PRI                 
20 17  0.3 +39  8 19.6 2000   0.3  0    1.5514576000 2452501.44260 0.5
V700  Cyg 11.900 - 12.40 EW/KW      F2         ALL                 
20 31  5.3 +38 47  0.5 2000   0.0  0    0.2906277200 2452500.04500 0.5
V703  Cyg 13.500 - 14.90 EA                    ALL                 
21 22 36.5 +52 26 14.9 2000   0.0  0    4.1457400000 2452503.96000 0.5
V704  Cyg 13.600 - 14.60 EW                    ALL                 
21 28 13.1 +45 37 38.9 2000   0.0  0    0.5707057000 2452500.37200 0.5
V705  Cyg 13.600 - 16.40 EA                    ALL                 
21 34 56.6 +43  1 28.5 2000   0.9  0    6.2740048000 2452501.07980 0.5
V706  Cyg 13.200 - 14.60 EB                    PRI                 
21 35 56.0 +40 50 48.2 2000   0.0  0    0.4662525000 2452500.15200 0.5
V711  Cyg 13.800 - 15.30 EA/SD                 ALL                 
21 51 17.4 +48  2 42.8 2000   0.1  0    0.8267106000 2452500.46300 0.5
V725  Cyg 13.300 - 13.80 EA/KE                 ALL                 
20  8  5.7 +30 45  1.9 2000   0.2  0    1.4632560000 2452501.19200 0.5
V726  Cyg 12.700 - 13.80 EA/D       F8         ALL                 
20 13  0.8 +40 38 41.5 2000   0.1  0    0.4979686000 2452500.46360 0.5
V728  Cyg 10.600 - 12.70 EA/SD      A0         ALL                 
20 26 40.1 +58 46 47.9 2000   0.4  0    2.0601431000 2452501.11700 0.5
V729  Cyg  9.050 -  9.37 EB/D/GS    O7fIa+O8   ALL                 
20 32 22.4 +41 18 19.0 2000   0.0  0    6.5978600000 2452501.14000 0.5
V735  Cyg 15.900 - 16.80 EA/SD                 pri                 
19 49 17.8 +37 48  2.4 2000   0.1  0    0.8446660000 2452500.72000 0.5
V736  Cyg 16.400 - 16.80 EA                    pri                 
19 49 51.9 +38  8 17.4 2000   0.1  0    0.6538300000 2452500.54000 0.5
V741  Cyg 16.300 - 17.30 EA                    pri                 
20  1 49.2 +37 55 18.6 2000   0.5  0    4.6498500000 2452503.70000 0.5
V745  Cyg 11.600 - 12.20 EA/DM      A0         PRI                 
20 31 43.7 +50 52 13.4 2000   0.2  0    2.2831292000 2452501.77500 0.5
V749  Cyg 13.000 - 14.00 EA/SD                 ALL                 
20 42 10.7 +53 19  3.0 2000   0.2  0    0.8854312000 2452500.06420 0.5
V753  Cyg 11.200 - 11.70 EA         F8         ALL                 
19 22 47.1 +48 12 10.8 2000   0.1  0    0.9523776000 2452500.58130 0.5
V787  Cyg 10.800 - 11.50 EA         A0         PRI                 
20 16 16.8 +47 59 48.2 2000   0.2  0    1.5285150000 2452501.34140 0.5
V788  Cyg 10.000 - 10.90 EA         F8         ALL                 
20 27 34.1 +31 51 25.1 2000   1.9  0   47.8481000000 2452506.49000 0.5
V796  Cyg 10.900 - 11.40 EA         A0         PRI                 
19 33 56.1 +47 18 34.2 2000   0.3  0    1.4808796000 2452500.73570 0.5
V796  Cyg 10.900 - 11.40 EA         A0         SEC                 
19 33 56.1 +47 18 34.2 2000   0.3  0    1.4808570000 2452501.49300 0.5
V803  Cyg 14.300 - 15.50 EA/SD                 PRI                 
19 41 56.4 +38 30 32.9 2000   0.2  0    1.0264698000 2452500.21500 0.5
V807  Cyg 14.200 - 15.10 EA                    ALL                 
19 43 19.2 +37 39 57.1 2000   0.2  0    0.7987585300 2452500.06050 0.5
V809  Cyg 13.300 - 14.10 EA/DM                 PRI                 
19 47 23.5 +36 16 24.6 2000   0.1  0    1.9644570700 2452501.93900 0.5
V810  Cyg 14.800 - 16.80 EA/SD                 pri                 
19 47 20.9 +40 28 23.8 2000   0.6  0    3.7361600000 2452503.20000 0.5
V820  Cyg 15.900 - 17.00 EA                    pri                 
19 53 35.2 +41  1 26.6 2000   0.4  0    2.4439750000 2452502.30000 0.5
V822  Cyg 12.900 - 14.20 EA/SD                 PRI                 
19 54  8.3 +36 20 58.0 2000   0.2  0    1.2677668000 2452500.82840 0.5
V824  Cyg 14.000 - 14.90 EB                    ALL                 
20  2 30.3 +36 14  0.6 2000   0.0  0    0.6441944000 2452500.44700 0.5
V826  Cyg 14.500 - 15.30 EB                    pri                 
20  8 29.6 +38  5 41.4 2000   0.0  0    1.2501780000 2452500.38000 0.5
V827  Cyg 14.600 - 16.50 EA/SD                 pri                 
20 11 18.1 +37 27 34.4 2000   0.2  0    1.6213310000 2452501.37000 0.5
V828  Cyg  9.700 - 10.12 EB/DM      B8         ALL                 
20 37 54.4 +54 29 55.1 2000   0.0  0    2.1041431000 2452500.79070 0.5
V836  Cyg  8.570 -  9.23 EB/KE      A0V        ALL                 
21 21 23.6 +35 44 10.6 2000   0.0  0    0.6534130000 2452500.38900 0.5
V841  Cyg 11.100 - 11.30 EB/KE      A5         ALL                 
19 22 18.4 +28 41  8.2 2000   0.0  0    0.7611348200 2452500.15000 0.5
V842  Cyg 14.000 - 14.90 EA/SD                 ALL                 
19 22 58.1 +27 45 56.3 2000   0.3  0    0.8591399000 2452500.19300 0.5
V850  Cyg 11.300 - 12.30 EA/AR                 ALL                 
19 24 58.8 +47 14 57.2 2000   0.9  0    4.5643870000 2452501.32700 0.5
V853  Cyg 14.100 - 15.10 EA/SD                 PRI                 
19 26 37.7 +32 13 21.1 2000   0.2  0    1.7122248000 2452501.03500 0.5
V856  Cyg 13.500 - 14.30 EA                    PRI                 
19 26 53.7 +29 10 25.9 2000   0.3  0    2.1735783000 2452501.46900 0.5
V857  Cyg 14.000 - 14.80 EA                    pri                 
19 26 53.9 +32 51  4.3 2000   0.4  0    5.5925100000 2452504.10000 0.5
V859  Cyg 11.700 - 12.20 EW/KW                 ALL                 
19 27 12.7 +28 56 49.5 2000   0.0  0    0.4050056000 2452500.08200 0.5
V865  Cyg 14.000 - 14.70 EW/KW                 ALL                 
19 27 24.8 +33  3  9.3 2000   0.0  0    0.3653023300 2452500.04510 0.5
V866  Cyg 13.700 - 14.40 EB                    ALL                 
19 28 43.5 +29 20 13.4 2000   0.0  0    0.8991825000 2452500.50900 0.5
V869  Cyg 14.000 - 14.90 EB                    ALL                 
19 29 11.8 +31 11 17.0 2000   0.0  0    0.8951040000 2452500.72600 0.5
V870  Cyg 15.400 - 16.20 EB/KE                 PRI                 
19 29 17.4 +30 26 22.2 2000   0.0  0    1.3079108000 2452500.41200 0.5
V871  Cyg 14.400 - 14.90 EB                    ALL                 
19 29 13.2 +33  6  1.7 2000   0.0  0    1.1187914000 2452501.04000 0.5
V873  Cyg 14.600 - 15.10 EA                    PRI                 
19 29 20.8 +31 46 51.6 2000   0.2  0    0.8482004000 2452500.28100 0.5
V874  Cyg 13.500 - 13.90 EW/KW                 ALL                 
19 29 59.9 +28 21 54.6 2000   0.0  0    0.3487360000 2452500.05200 0.5
V877  Cyg 12.700 - 13.30 EB                    ALL                 
19 30 51.7 +32 12  9.1 2000   0.0  0    0.8397635000 2452500.08300 0.5
V880  Cyg 13.900 - 14.60 EA/KE                 ALL                 
19 31 25.9 +33 39 17.3 2000   0.1  0    1.0600316000 2452500.17900 0.5
V884  Cyg 13.800 - 14.70 EB/KW                 ALL                 
19 32 19.6 +30 45  3.0 2000   0.0  0    0.4800521000 2452500.00650 0.5
V885  Cyg  9.900 - 10.30 EB/DM                 ALL                 
19 32 49.8 +30  1 17.0 2000   0.0  0    1.6947872000 2452501.23000 0.5
V886  Cyg 14.000 - 15.40 EA                    all                 
19 32 45.2 +32 40 38.2 2000   0.4  0    2.4095520000 2452500.24300 0.5
V887  Cyg 14.300 - 15.10 EA                    PRI                 
19 33  9.6 +29 20 50.0 2000   0.2  0    2.0380493000 2452501.74220 0.5
V889  Cyg 10.000 - 10.40 EB/DM                 ALL                 
19 33 32.1 +28 29  0.4 2000   0.0  0    1.7479203000 2452500.56700 0.5
V891  Cyg  9.300 -  9.90 EA/DM      A0         PRI                 
19 33 38.4 +29 16 21.9 2000   0.4  0    1.9057862000 2452501.61400 0.5
V902  Cyg 14.500 - 15.30 EA/SD                 PRI                 
19 34 35.5 +29  6 27.5 2000   0.2  0    1.6289160000 2452501.38700 0.5
V906  Cyg 14.900 - 15.70 EW/KW                 ALL                 
19 34 57.0 +34 38 44.1 2000   0.0  0    0.3651677000 2452500.34600 0.5
V907  Cyg 14.200 - 14.90 EW/KW                 ALL                 
19 35 30.4 +29 45 45.9 2000   0.0  0    0.5413641000 2452500.21700 0.5
V909  Cyg  9.300 -  9.84 EA/DM      A0         ALL                 
19 35 53.2 +28 16 44.3 2000   0.2  0    2.8053724000 2452501.98610 0.5
V910  Cyg 14.100 - 15.00 EA/SD                 PRI                 
19 35 53.3 +28 12 39.8 2000   0.4  0    1.6102550000 2452501.31000 0.5
V911  Cyg 14.400 - 16.50 EA/SD                 pri                 
19 35 54.8 +27 59  3.3 2000   0.3  0    3.4225900000 2452501.81000 0.5
V912  Cyg 12.400 - 13.00 EA/D       F8         PRI                 
19 35 52.6 +31 31 51.4 2000   0.4  0    2.5281820000 2452500.36680 0.5
V914  Cyg 14.300 - 15.60 EA                    pri                 
19 36 38.5 +31 39  9.8 2000   0.5  0    4.1730629000 2452503.39990 0.5
V921  Cyg 13.100 - 13.80 EA/AR                 pri                 
19 37 58.7 +33 39 27.6 2000   0.6  0    4.0395600000 2452500.10000 0.5
V922  Cyg 14.500 - 15.80 EA/SD                 ALL                 
19 38 10.5 +30 27  1.4 2000   0.2  0    1.4223727000 2452500.92000 0.5
V928  Cyg 15.300 - 16.50 EA                    pri                 
19 38 55.3 +29 29 59.2 2000   0.4  0    2.5268200000 2452502.30000 0.5
V931  Cyg 13.900 - 14.60 EW/KW                 ALL                 
19 39 14.1 +29 46  9.2 2000   0.0  0    0.3415137000 2452500.31200 0.5
V934  Cyg 13.200 - 13.70 EW                    ALL                 
19 39 29.3 +30 16 35.1 2000   0.0  0    0.7006977000 2452500.44980 0.5
V936  Cyg 14.500 - 16.50 EA                    PRI                 
19 39 35.9 +30 32 41.6 2000   0.4  0    2.3192450000 2452501.97200 0.5
V940  Cyg 14.500 - 15.10 EW/KW                 ALL                 
19 38 48.9 +57 40 21.4 2000   0.0  0    0.3325140000 2452500.19800 0.5
V941  Cyg 12.800 - 13.30 EB/DM                 ALL                 
19 41  4.4 +30 50  9.1 2000   0.0  0    3.5839238000 2452501.46100 0.5
V947  Cyg 14.100 - 15.10 EW/KW                 ALL                 
19 42 14.0 +31 35 37.8 2000   0.0  0    0.4292465000 2452500.11100 0.5
V948  Cyg 14.600 - 15.40 EW                    all                 
19 42 20.7 +30 39 55.7 2000   0.0  0    0.7770110000 2452500.50000 0.5
V952  Cyg 13.700 - 15.40 EA                    pri                 
19 42 50.3 +33 22 22.1 2000   1.2  0    9.9815998000 2452507.05670 0.5
V957  Cyg 12.200 - 12.80 EB/DM                 ALL                 
19 43 45.5 +29 31 40.8 2000   0.0  0    1.6735368000 2452500.70500 0.5
V959  Cyg 11.300 - 11.90 EA/DM      A5         PRI                 
19 43 53.9 +30 19 34.4 2000   0.3  0    1.8398154000 2452500.87100 0.5
V961  Cyg 12.200 - 12.80 EA                    ALL                 
19 43 58.3 +32 52 14.7 2000   0.2  0    2.0377994500 2452500.15550 0.5
V962  Cyg 13.700 - 16.00 EA/SD                 PRI                 
19 44  0.0 +33 16 39.0 2000   0.6  0    4.2686540000 2452503.63200 0.5
V963  Cyg 12.200 - 12.90 EA/DW      F5         ALL                 
19 44  4.9 +31 41 50.0 2000   0.2  0    1.3946670000 2452501.36990 0.5
V964  Cyg 13.900 - 14.80 EA/AR                 PRI                 
19 44  1.8 +33 26 23.8 2000   0.5  0    3.5409591000 2452503.07100 0.5
V965  Cyg 13.900 - 14.90 EW                    ALL                 
19 44  9.3 +31 42 37.4 2000   0.0  0    0.6405672000 2452500.24390 0.5
V970  Cyg 14.300 - 15.10 EB                    ALL                 
19 44 56.4 +28 15 22.0 2000   0.0  0    0.5209498200 2452500.50250 0.5
V974  Cyg 11.900 - 12.50 EA                    PRI                 
19 45 18.6 +32 31 53.0 2000   0.3  0    3.2044018000 2452502.70200 0.5
V974  Cyg 11.900 - 12.50 EA                    SEC                 
19 45 18.6 +32 31 53.0 2000   0.3  0    3.2044120000 2452504.20500 0.5
V975  Cyg 13.300 - 14.10 EA                    PRI                 
19 45 17.2 +33 26  3.4 2000   0.2  0    3.9486752000 2452503.39820 0.5
V979  Cyg 14.200 - 14.70 EW/KW                 ALL                 
19 46 26.5 +32  8 36.1 2000   0.0  0    0.3737059000 2452500.40900 0.5
V995  Cyg 11.300 - 12.90 EA/SD      B8         ALL                 
19 48 34.4 +46 13 42.5 2000   0.0  0    3.5565230000 2452501.85200 0.5
V997  Cyg 14.100 - 14.90 RRC                   ALL                 
19 48  5.0 +52 51 16.9 2000   0.1  0    0.4582259000 2452500.37230 0.5
V1004 Cyg 12.600 - 13.40 EB                    ALL                 
19 50 29.4 +33  8 32.2 2000   0.0  0    0.6856882000 2452500.45400 0.5
V1009 Cyg 12.900 - 13.50 EA                    PRI                 
19 52 14.9 +31 46 29.0 2000   0.3  0    5.4362555000 2452501.36650 0.5
V1010 Cyg 14.500 - 15.60 EA                    PRI                 
19 53 46.0 +29 34 25.5 2000   0.2  0    2.4069950000 2452501.88000 0.5
V1011 Cyg 12.200 - 12.90 EA/D       A0         ALL                 
19 55 14.8 +34 12 28.9 2000   0.5  0    3.2393690000 2452500.16800 0.5
V1013 Cyg 13.300 - 13.80 EA                    ALL                 
19 56 58.1 +33 46 31.9 2000   0.6  0    4.6797270000 2452501.48800 0.5
V1018 Cyg 11.200 - 11.70 EB/DM      A2n        ALL                 
19 57 59.9 +33 20 27.9 2000   0.0  0    1.6236676000 2452501.43490 0.5
V1019 Cyg 13.300 - 15.10 EA/SD                 PRI                 
19 58 37.7 +30 23 20.5 2000   0.3  0    2.2793296000 2452501.75620 0.5
V1021 Cyg 13.900 - 14.90 EB                    pri                 
19 59 21.0 +33 11  1.3 2000   0.0  0    3.3292700000 2452501.53000 0.5
V1023 Cyg 12.800 - 13.40 EA/DM      A3         ALL                 
19 59 53.2 +30 24 20.5 2000   0.9  0    3.1587878000 2452500.48150 0.5
V1024 Cyg 16.200 - 17.80 EA                    pri                 
20  0 11.2 +39  4 42.4 2000   0.2  0    1.5328020000 2452500.58000 0.5
V1034 Cyg  9.600 - 10.60 EB/SD      A0         PRI                 
20  5 34.8 +30 58 33.1 2000   0.0  0    0.9769363000 2452500.64270 0.5
V1036 Cyg 11.600 - 13.30 E                     ALL                 
20  8  3.9 +40 43 40.4 2000   0.0  0    2.7809630000 2452501.35090 0.5
V1037 Cyg 14.700 - 17.30 EA/SD                 pri                 
20  8 49.5 +35 14 56.1 2000   0.4  0    2.7078760000 2452502.03000 0.5
V1044 Cyg 16.000 - 16.50 EW/KW                 PRI                 
20 14 49.6 +52 41 46.3 2000   0.0  0    0.4218299500 2452500.24520 0.5
V1045 Cyg 15.800 - 16.40 EB                    ALL                 
20 15  0.4 +52 37 20.8 2000   0.0  0    0.4476650200 2452500.30860 0.5
V1047 Cyg 14.600 - 15.80 EA/SD                 PRI                 
20 17 38.0 +52 58 46.7 2000   0.2  0    0.9296598000 2452500.80200 0.5
V1048 Cyg 13.300 - 15.10 EA/SD                 PRI                 
20 22 57.0 +52 32 48.0 2000   0.1  0    0.7422257000 2452500.63000 0.5
V1061 Cyg  9.400 -  9.90 EA/D       F8         ALL                 
21  7 20.5 +52  2 58.4 2000   0.2  0    2.3466460000 2452501.67900 0.5
V1066 Cyg 13.800 - 14.20 EA/KE                 PRI                 
21 17  3.3 +44  0 28.5 2000   0.2  0    1.5486069000 2452501.25600 0.5
V1068 Cyg 10.500 - 12.10 EA/GS/RS   B9+G8II-II pri                 
21 20 33.1 +42 16 39.0 2000   3.4  0   42.5400000000 2452539.00000 0.5
V1073 Cyg  8.230 -  8.61 EW/KE      A3Vm       ALL                 
21 25  0.4 +33 41 14.9 2000   0.0  0    0.7858492000 2452500.47760 0.5
V1074 Cyg 14.700 - 15.10 EB/KE                 PRI                 
21 26 18.2 +42  8  1.3 2000   0.0  0    1.2039501000 2452501.10500 0.5
V1083 Cyg 11.000 - 11.50 EB/DM      A          ALL                 
21 37 33.3 +49  4 55.5 2000   0.0  0    1.6258430000 2452501.03900 0.5
V1103 Cyg 15.000 - 17.50 EA                    PRI                 
19 14 57.7 +46 10  2.0 2000   0.0  0    2.4095300000 2452500.02000 0.5
V1130 Cyg 12.800 - 13.80 EA/SD                 ALL                 
19 34  3.3 +39 42 41.1 2000   0.1  0    0.5625603500 2452500.16250 0.5
V1136 Cyg 12.500 - 13.30 EA                    PRI                 
19 37 50.0 +28 50 36.2 2000   0.3  0    3.4627844000 2452500.50090 0.5
V1136 Cyg 12.500 - 13.30 EA                    SEC                 
19 37 50.0 +28 50 36.2 2000   0.3  0    3.4627260000 2452502.57900 0.5
V1141 Cyg 11.300 - 11.80 EW/KE      A7         ALL                 
19 39 52.8 +36 39 47.2 2000   0.0  0    0.8490940000 2452500.63000 0.5
V1142 Cyg 13.100 - 13.80 EA/D                  ALL                 
19 39 57.9 +33 55 29.6 2000   0.5  0    5.7622605000 2452504.77820 0.5
V1143 Cyg  5.850 -  6.37 EA/DM      F5V+F5V    SEC                 
19 38 41.2 +54 58 25.6 2000   0.2  0    7.6407290000 2452510.50600 0.5
V1143 Cyg  5.850 -  6.37 EA/DM      F5V+F5V    PRI                 
19 38 41.2 +54 58 25.6 2000   0.2  0    7.6407512000 2452504.85850 0.5
V1147 Cyg 11.900 - 12.70 E                     PRI                 
19 45 52.5 +32 15 40.3 2000   0.0  0   15.2513360000 2452512.62590 0.5
V1147 Cyg 11.900 - 12.70 E                     SEC                 
19 45 52.5 +32 15 40.3 2000   0.0  0   15.2513160000 2452521.94750 0.5
V1158 Cyg 14.900 - 16.30 EA/DS                 pri                 
19 51 30.7 +31  6 34.7 2000   1.7  0   11.6455000000 2452504.80000 0.5
V1159 Cyg 15.300 - 16.40 EA/SD                 pri                 
19 52  7.4 +39 14 27.6 2000   0.2  0    1.9215760000 2452500.26000 0.5
V1171 Cyg 10.000 - 10.30 EA/KE      B9         ALL                 
19 57 57.3 +33 53  0.5 2000   0.2  0    1.4621182000 2452500.05100 0.5
V1187 Cyg 10.880 - 11.23 EA/DM      OB         ALL                 
20 16 41.8 +41 57 45.9 2000   0.2  0    1.5070003000 2452500.45290 0.5
V1188 Cyg 13.700 - 15.40 EB/SD                 PRI                 
20 16  7.1 +52  8 25.2 2000   0.0  0    0.8516613000 2452500.76600 0.5
V1189 Cyg 13.100 - 13.70 EB/KE                 ALL                 
20 16  6.9 +51 56 26.3 2000   0.0  0    1.0418382000 2452500.59300 0.5
V1191 Cyg 10.820 - 11.15 EW/KW                 ALL                 
20 16 50.8 +41 57 41.3 2000   0.0  0    0.3133959000 2452500.15700 0.5
V1193 Cyg 13.800 - 14.30 EW                    ALL                 
20 21 11.5 +59 36  3.5 2000   0.0  0    0.5037700000 2452500.16900 0.5
V1196 Cyg 12.000 - 12.30 EB/KE                 PRI                 
20 24 41.3 +54 29 59.8 2000   0.0  0    1.2658340000 2452501.03300 0.5
V1256 Cyg 13.800 - 14.30 EW                    ALL                 
19 29  8.9 +29 57  7.6 2000   0.0  0    0.5404110000 2452500.05250 0.5
V1259 Cyg 13.600 - 15.40 EA                    pri                 
19 29 43.9 +40  5 38.4 2000   0.7  0    8.2459916000 2452507.08960 0.5
V1261 Cyg 15.300 - 16.00 EA/D                  pri                 
19 32 54.0 +32 28 54.0 2000   0.5  0    3.7885900000 2452501.83000 0.5
V1273 Cyg 16.200 - 17.20 EB/SD                 pri                 
19 41 49.2 +31 11 14.5 2000   0.0  0    0.8101120000 2452500.81000 0.5
V1281 Cyg 15.300 - 16.40 EA                    pri                 
19 43 52.7 +34 14 46.4 2000   0.3  0    2.9644300000 2452501.33000 0.5
V1302 Cyg 13.100 - 13.60 EA/D                  PRI                 
20  2 26.2 +36 33 52.7 2000   0.3  0    2.6153418000 2452500.00200 0.5
V1305 Cyg 11.400 - 11.80 EB/KE      A8         PRI                 
20  4 53.1 +37 45 11.8 2000   0.0  0    0.9009121000 2452500.35900 0.5
V1315 Cyg 15.100 - 16.20 EB                    PRI                 
20 12  5.1 +41 31 48.6 2000   0.0  0    0.4472294600 2452500.32900 0.5
V1321 Cyg 12.800 - 13.50 EA                    PRI                 
20 23 28.7 +41 31 58.2 2000   0.1  0    0.3640924000 2452500.36290 0.5
V1326 Cyg 11.300 - 11.80 EA                    SEC                 
20 34 30.5 +54 12 37.3 2000   1.0  0   16.6817600000 2452521.19000 0.5
V1326 Cyg 11.300 - 11.80 EA                    PRI                 
20 34 30.5 +54 12 37.3 2000   1.0  0   16.6817600000 2452513.35900 0.5
V1345 Cyg 14.800 - 16.30 EA/SD                 ALL                 
19 31 28.6 +29 46 22.9 2000   0.2  0    1.4271720000 2452501.03400 0.5
V1354 Cyg 15.300 - 17.00 EA/SD                 pri                 
19 46 48.7 +37 20 13.0 2000   0.4  0    2.9965120000 2452500.98000 0.5
V1355 Cyg 14.300 - 14.90 EA/KE                 PRI                 
19 49 55.7 +37 59 16.8 2000   0.2  0    1.1949710000 2452501.17900 0.5
V1356 Cyg 10.100 - 10.50 EB/DM      B0V        ALL                 
19 56 39.4 +29 59 29.2 2000   0.0  0    1.9567770000 2452501.00000 0.5
V1358 Cyg 14.600 - 15.20 EA/D                  pri                 
19 58 36.8 +37  8 15.3 2000   0.3  0    2.0325400000 2452501.72000 0.5
V1359 Cyg 16.600 - 17.90 EA                    pri                 
19 58 46.4 +36 56 14.1 2000   0.4  0    3.1458750000 2452502.89000 0.5
V1401 Cyg 13.100 - 13.60 EB/KE      A-F        ALL                 
21 55 39.3 +50 34 33.1 2000   0.0  0    1.1830320000 2452501.10000 0.5
V1411 Cyg 12.100 - 12.70 EA/KE      A3         PRI                 
21 58 23.6 +49 44 16.7 2000   0.2  0    0.7767479000 2452500.36570 0.5
V1414 Cyg 13.600 - 14.80 EA/SD                 PRI                 
22  1 20.9 +47 36  4.5 2000   0.1  0    0.7031274000 2452500.50110 0.5
V1416 Cyg 14.100 - 14.80 EW                    ALL                 
22  1 53.9 +51 54 56.8 2000   0.0  0    0.9003155000 2452500.70400 0.5
V1417 Cyg 13.000 - 13.60 EB/KE      A5         PRI                 
22  2  6.4 +50 42 39.1 2000   0.0  0    0.7267647000 2452500.37400 0.5
V1425 Cyg  7.700 -  0.45 EB/KE      B9+A0      ALL                 
21 11  1.8 +55 19 56.0 2000   0.0  0    1.2523880000 2452500.26260 0.5
V1436 Cyg 15.800 - 17.60 EA/SD                 ALL                 
19 28 43.3 +27 59  0.7 2000   0.1  0    1.5870660000 2452501.32000 0.5
V1437 Cyg 15.300 - 16.10 EW/KW                 ALL                 
19 28 45.2 +31 23 25.4 2000   0.0  0    0.4545283000 2452500.22700 0.5
V1481 Cyg 12.100 - 12.60 EB/DM      B2V        ALL                 
21 43 56.6 +53 43 20.7 2000   0.0  0    2.7632580000 2452500.22000 0.5
V1488 Cyg  3.900 -  4.14 EA/GS/D    K5Iab+B4IV PRI                 
20 15 28.3 +47 42 51.1 2000  22.9  0 1147.0455200000 2452727.60300 0.5
V1500 Cyg  1.690 - 21.00 NA         pec Nova   all                 
21 11 36.6 +48  9  2.4 2000   0.0  0    0.1396130000 2452500.06100 0.5
V1508 Cyg 12.600 - 13.30 EB                    ALL                 
19 49 57.4 +31 51 15.6 2000   0.0  0    1.9945700000 2452501.47000 0.5
V1580 Cyg 14.000 - 15.30 EA/SD                 pri                 
19 44  0.4 +45 26 53.4 2000   0.3  0    1.8115027000 2452500.57210 0.5
V1665 Cyg 14.300 - 16.10 EA/SD                 PRI                 
21 19 20.7 +40 57 55.2 2000   0.3  0    3.2256186000 2452502.43300 0.5
V1723 Cyg 13.200 - 14.40 EA/SD                 PRI                 
21 28 27.5 +37 54 29.7 2000   0.1  0    0.8840437000 2452500.51400 0.5
V1729 Cyg 13.800 - 15.20 EA/SD                 PRI                 
21 38  9.1 +35 58 39.6 2000   0.3  0    2.4557580000 2452501.04100 0.5
V1763 Cyg 12.400 - 13.00 EW/KW                 ALL                 
19 31 35.8 +39  1 27.2 2000   0.0  0    0.4050735000 2452500.19800 0.5
V1765 Cyg  6.440 -  0.16 EB/GS+ACYG            PRI                 
19 48 50.6 +33 26 14.2 2000   0.0  0   13.3738590000 2452510.62000 0.5
V1776 Cyg 17.200 - 18.40 NL                    PRI                 
20 23 30.5 +46 31 29.8 2000   0.0  0    0.1647386200 2452500.16120 0.5
V1787 Cyg 12.400 - 13.60 EA                    PRI                 
20 37 45.3 +55 16 31.0 2000   0.0  0    0.7395036000 2452500.04910 0.5
V1856 Cyg 14.200 - 15.70 E                     pri                 
20 48 19.4 +35 27 33.5 2000   0.0  0    1.9991742000 2452501.63100 0.5
V1870 Cyg 14.300 - 17.20 E                     ALL                 
20 51 41.0 +35 44  7.6 2000   0.0  0    0.7897954000 2452500.75840 0.5
V1877 Cyg 13.800 - 15.20 E                     ALL                 
20 52 43.4 +34 24 10.2 2000   0.0  0    0.8065900000 2452500.78000 0.5
V1898 Cyg  7.710 -  8.15 EA/DM                 ALL                 
21  3 53.8 +46 19 49.9 2000   0.0  0    1.5131297000 2452500.39490 0.5
V1901 Cyg 13.300 - 14.10 EW                    ALL                 
21 12  5.7 +31 23  7.9 2000   0.0  0    0.8089051000 2452500.27600 0.5
V1905 Cyg 14.000 - 16.30 IS                    PRI                 
21 25 49.6 +39  4 17.7 2000   0.0  0    0.7233435000 2452500.29900 0.5
V1908 Cyg 13.400 - 15.80 EA/SD                 PRI                 
21 31 41.7 +33 46 55.8 2000   0.0  0    2.4640870000 2452501.51300 0.5
V1909 Cyg 13.900 - 15.90 EA/SD                 PRI                 
21 32 23.4 +34 44  1.7 2000   0.0  0    3.0947198000 2452502.41270 0.5
V1918 Cyg 10.590 - 11.12 EW/KW                 ALL                 
19 26  8.7 +52 26 47.6 2000   0.0  0    0.4131775000 2452500.26000 0.5
V1941 Cyg 13.300 - 13.80 E                     ALL                 
21 55 58.0 +43  2 50.7 2000   0.0  0    1.0118119000 2452500.51000 0.5
V2021 Cyg  8.900 -  9.50 EA                    PRI                 
20 53 10.5 +34  7  8.0 2000   0.0  0    1.9021067000 2452500.75900 0.5
V2080 Cyg  7.460 -  7.87 EA                    ALL                 
19 26 48.0 +50  8 43.8 2000   0.0  0    4.9335760000 2452504.18100 0.5
V2083 Cyg  6.940 -  7.18 EA                    ALL                 
19 31 16.4 +47 28 52.2 2000   0.0  0    1.8674970000 2452501.28500 0.5
V2094 Cyg  7.700 -  7.79 ACV                   PRI                 
19 55 12.1 +46 39 56.0 2000   0.0  0    8.4803290000 2452501.07770 0.5
V2094 Cyg  7.700 -  7.79 ACV                   SEC                 
19 55 12.1 +46 39 56.0 2000   0.0  0    8.4803573000 2452506.39770 0.5
V2150 Cyg  8.090 -  8.19 EW                    ALL                 
21 18 10.9 +30 35 21.6 2000   0.0  0    0.5918576000 2452500.52200 0.5
V2154 Cyg  7.850 -  8.24 EA                    PRI                 
21 23  8.3 +48 31  8.1 2000   0.0  0    2.6306340000 2452500.73510 0.5
V2181 Cyg 13.000 -  0.90 E                     ALL                 
20  9 49.5 +30 34 28.9 2000   0.0  0    0.5734819000 2452500.32000 0.5
V2197 Cyg 10.900 - 12.40 E                     ALL                 
20 50 16.3 +37 56 45.2 2000   0.0  0    0.4657489000 2452500.20000 0.5
V2239 Cyg 11.730 - 12.51 EA                    PRI                 
20 15 17.6 +37 31 43.9 2000   0.0  0    0.6105959000 2452500.22710 0.5
V2240 Cyg 12.030 - 12.29 EW                    ALL                 
20 15 55.9 +37 27 15.5 2000   0.0  0    0.4041619000 2452500.39200 0.5
V2243 Cyg 15.400 - 16.00 EB                    ALL                 
20 16 41.6 +37 38  5.5 2000   0.0  0    1.4994200000 2452500.48000 0.5
V2247 Cyg 10.400 - 11.30 EA                    ALL                 
20 48 48.0 +34 26  7.6 2000   0.0  0    1.2548420000 2452500.56900 0.5
V2263 Cyg 12.360 -  0.68 EB/SD                 PRI                 
21 44  3.5 +53 42 47.1 2000   0.0  0    1.8326580000 2452500.30600 0.5
V2277 Cyg 10.500 - 11.10 EA                    ALL                 
19 15 33.7 +44 37  1.3 2000   0.0  0    1.0619343000 2452501.03710 0.5
V2278 Cyg 13.300 - 13.62 EW                    ALL                 
19 16 34.6 +52 48 56.4 2000   0.0  0    0.3621240000 2452500.03000 0.5
V2280 Cyg 13.320 - 14.08 EW                    ALL                 
19 21 43.9 +48  3 57.5 2000   0.0  0    0.3533652000 2452500.14200 0.5
V2281 Cyg 12.100 - 12.60 EA                    ALL                 
19 25  6.9 +45 56  2.9 2000   0.0  0    1.0731136400 2452500.07430 0.5
V2282 Cyg 12.020 - 12.30 EW                    ALL                 
19 25 37.9 +53 25 20.4 2000   0.0  0    0.3359470000 2452500.02100 0.5
V2284 Cyg 12.710 - 13.45 EW                    ALL                 
19 29 55.0 +48 54 59.5 2000   0.0  0    0.3069916500 2452500.16530 0.5
V2287 Cyg 11.600 - 12.10 EB                    PRI                 
19 32  7.7 +52 37 14.2 2000   0.0  0    0.9076573900 2452500.30130 0.5
V2290 Cyg 13.610 - 15.24 EA                    ALL                 
19 35 23.1 +48  3  0.8 2000   0.0  0    1.1050922000 2452500.08560 0.5
V2294 Cyg 13.230 - 13.58 EW                    ALL                 
19 40 29.4 +50 25 51.9 2000   0.0  0    0.3544984000 2452500.33200 0.5
V2331 Cyg 12.500 - 14.60 L                     PRI                 
21 11 13.6 +34 19 14.4 2000   0.0  0    1.3886000000 2452500.34000 0.5
V2364 Cyg 11.200 - 11.84 EW                    ALL                 
19 22 11.8 +49 28 34.4 2000   0.0  0    0.5921342000 2452500.14700 0.5
V2391 Cyg 16.600 -  0.03 EA                    PRI                 
19 41 21.3 +40  2 14.2 2000   0.3  0    9.8488590000 2452500.53010 0.5
V2391 Cyg 16.600 -  0.03 EA                    SEC                 
19 41 21.3 +40  2 14.2 2000   0.3  0    9.8488500000 2452506.78000 0.5
V2421 Cyg 13.790 - 15.03 EB                    ALL                 
20 14 38.6 +41 56 14.0 2000   0.0  0    0.6331290000 2452500.44900 0.5
V2422 Cyg 13.300 -  0.64 EB                    ALL                 
20 16 58.8 +39  5 23.9 2000   0.0  0    0.5061652000 2452500.06100 0.5
V2456 Cyg 11.300 - 11.90 EB         A0         ALL                 
21 30 43.8 +33 57 24.1 2000   0.0  0    0.6959336000 2452500.06200 0.5
V2477 Cyg  9.860 - 10.65 EW         F8         PRI                 
20 18 58.9 +56 36 19.2 2000   0.0  0    0.3112507000 2452500.03220 0.5
V2480 Cyg 12.320 - 13.10 EA                    ALL                 
21  4  5.9 +39 32 59.5 2000   0.1  0    0.6692779200 2452500.50870 0.5
V2517 Cyg 10.100 - 10.90 EA         A2         ALL                 
19 59 16.3 +36 32  7.5 2000   0.0  0    1.3889019000 2452500.87100 0.5
V2520 Cyg 10.560 - 10.87 EA         A0         ALL                 
20  6 53.8 +32 46 58.6 2000   0.2  0    1.3488252000 2452500.67170 0.5
V2524 Cyg 13.350 - 13.90 EW                    ALL                 
20 13 33.4 +58 36 24.9 2000   0.0  0    0.4506718000 2452500.19400 0.5
V2540 Cyg 12.440 - 12.76 EW         G1V +K2V   ALL                 
20 23 37.9 +46 55 51.7 2000   0.0  0    0.4050045000 2452500.22100 0.5
V2544 Cyg 12.610 -  0.56 EA                    PRI                 
20 27 17.3 +37 56 26.9 2000   0.2  0    2.0937820000 2452500.26700 0.5
V2544 Cyg 12.610 -  0.56 EA                    SEC                 
20 27 17.3 +37 56 26.9 2000   0.2  0    2.0937660000 2452501.44400 0.5
V2545 Cyg 11.400 - 11.70 EW                    ALL                 
20 27 26.5 +31  5 38.2 2000   0.0  0    0.3692038000 2452500.31500 0.5
V2546 Cyg 11.370 - 11.93 EW         F5         ALL                 
20 28  4.9 +31 17  9.7 2000   0.0  0    0.6227897000 2452500.31800 0.5
V2551 Cyg 10.750 - 11.00 EW                    ALL                 
20 35 36.5 +52 45 45.3 2000   0.0  0    0.2423177100 2452500.10500 0.5
V2552 Cyg 10.870 - 11.27 EW         G5-8V      ALL                 
20 35 57.2 +49  0 42.4 2000   0.0  0    0.2785124000 2452500.07000 0.5
V2560 Cyg 12.000 - 12.30 EB                    ALL                 
20 52 13.8 +46 35 27.4 2000   0.0  0    0.7338039000 2452500.09130 0.5
V2643 Cyg 10.700 - 11.00 EB                    ALL                 
21 30 29.9 +31 14 30.4 2000   0.0  0    0.6108557000 2452500.55700 0.5
V2647 Cyg 11.050 - 11.65 EA                    ALL                 
21 47  3.3 +50  3 17.8 2000   0.2  0    3.9035260000 2452502.15500 0.5
V2685 Cyg 13.100 -  0.45 EA                    ALL                 
19 41 29.4 +30 51 19.4 2000   0.2  0    1.1258083000 2452500.26200 0.5
W     Del  9.690 - 12.33 EA/SD      B9.5Ve+G5  PRI                 
20 37 40.1 +18 17  3.8 2000   0.6  0    4.8060500000 2452503.48000 0.5
RR    Del 10.200 - 11.80 EA/SD      A          PRI                 
20 43 33.9 +13 56 41.1 2000   0.7  0    4.5996170000 2452500.85800 0.5
TT    Del 10.600 - 12.50 EA/SD      A1         PRI                 
20 36  2.3 +08 27  3.1 2000   0.3  0    2.8710940000 2452502.02600 0.5
TY    Del  9.700 - 10.90 EA/SD      B9         PRI                 
21  4 22.0 +13 12 53.5 2000   0.2  0    1.1911335000 2452500.41000 0.5
XX    Del 13.000 - 14.80 EA/SD                 PRI                 
20 28 17.3 +18 33 17.2 2000   0.2  0    2.1235569000 2452501.73350 0.5
YY    Del 11.300 - 12.00 EA         A3         PRI                 
20 30  0.8 +14  3  9.5 2000   0.2  0    0.7930927000 2452500.41800 0.5
AL    Del 12.200 - 12.90 EB/KE                 PRI                 
20 36 15.8 +13  5 21.2 2000   0.0  0    1.4854850000 2452500.23900 0.5
AV    Del 10.700 - 12.70 EA/SD      F8         PRI                 
20 45 31.5 +11 10 26.4 2000   0.4  0    3.8533167000 2452502.48240 0.5
BG    Del 13.600 - 14.00 EB/KE                 ALL                 
20 26 22.5 +17 32 47.5 2000   0.0  0    0.5636093400 2452500.07410 0.5
BH    Del 13.200 - 15.60 EA/SD                 ALL                 
20 27 36.6 +13 41  1.0 2000   0.3  0    1.6141600000 2452501.50100 0.5
BI    Del 11.400 - 13.30 EA/SD      G0         pri                 
20 27 38.6 +14 20  9.1 2000   0.5  0    7.2523070000 2452502.05000 0.5
BN    Del 12.700 - 13.60 EA/SD                 PRI                 
20 38  6.2 +13 33  5.6 2000   0.2  0    2.4786850000 2452501.36000 0.5
BS    Del 12.800 - 14.60 EA/SD                 PRI                 
20 52 58.3 +16  2 42.7 2000   0.5  0    2.9772947000 2452500.67470 0.5
BT    Del 14.600 - 16.90 EA/SD                 PRI                 
20 53 44.1 +15 44  7.0 2000   0.4  0    3.5425753000 2452500.53150 0.5
BY    Del 11.400 - 11.90 EA/DM      F9         PRI                 
20 21 49.9 +12 24 27.1 2000   0.7  0   10.0341740000 2452506.28900 0.5
BY    Del 11.400 - 11.90 EA/DM      F9         SEC                 
20 21 49.9 +12 24 27.1 2000   0.7  0   10.0342100000 2452511.34000 0.5
CE    Del 13.300 - 13.80 RRC                   PRI                 
20 23  2.9 +10 19 14.2 2000   0.2  0    0.5972776400 2452500.54460 0.5
CN    Del 14.200 - 14.60 EW/KE                 ALL                 
20 25 20.2 +13 26 11.0 2000   0.0  0    0.5908268000 2452500.14700 0.5
CR    Del 13.500 - 13.90 EB/KE                 ALL                 
20 28 50.1 +15 37  1.4 2000   0.0  0    0.5130100000 2452500.20100 0.5
DM    Del  8.580 -  9.11 EB/KE      A2V        ALL                 
20 39 37.0 +14 25 43.1 2000   0.0  0    0.8446590000 2452500.45200 0.5
EQ    Del 13.000 - 14.30 EA/SD                 PRI                 
20 39 40.4 +12 26  9.1 2000   0.3  0    2.2480214000 2452500.08080 0.5
ET    Del 12.000 - 12.90 EB/KE      A0         ALL                 
20 54 56.4 +08 23 28.0 2000   0.0  0    1.0107834000 2452500.31320 0.5
EW    Del 15.100 - 15.50 EW/KW                 ALL                 
20 16 31.1 +15 41 57.4 2000   0.0  0    0.3911758900 2452500.24120 0.5
EX    Del 12.800 - 13.30 EW/KW                 ALL                 
20 16 58.3 +15 52 52.7 2000   0.0  0    0.3309875000 2452500.06600 0.5
FH    Del 14.600 - 15.40 EA/SD                 ALL                 
20 28 12.3 +19 26 22.2 2000   0.1  0    0.6780170000 2452500.24400 0.5
FI    Del 14.200 - 14.80 EB/KW                 PRI                 
20 29 16.3 +14 45 59.6 2000   0.0  0    0.4159281000 2452500.30000 0.5
FK    Del 14.000 - 14.60 EW/KE                 ALL                 
20 30 19.8 +12 26 12.7 2000   0.0  0    0.6667302000 2452500.62700 0.5
FR    Del 15.000 - 15.30 EW/KW                 ALL                 
20 55 12.9 +11 37 41.7 2000   0.0  0    0.3497468000 2452500.27600 0.5
FZ    Del 10.200 - 11.30 EA/SD      F          PRI                 
20 53 32.5 +04 38 49.6 2000   0.1  0    0.7832115800 2452500.81400 0.5
GG    Del 12.400 - 12.80 EB         F7         ALL                 
20 14 31.8 +15 16 35.4 2000   0.0  0    0.5632252900 2452500.56140 0.5
KO    Del 12.500 - 13.00 EA                    ALL                 
20 44 47.9 +16  7 28.2 2000   0.0  0    0.5833487000 2452500.48200 0.5
LS    Del  8.610 -  8.76 EW/KW                 ALL                 
20 57 10.3 +19 38 59.2 2000   0.0  0    0.3638427000 2452500.34310 0.5
LY    Del 10.400 - 13.50 EA                    PRI                 
21  6 26.1 +19 24 36.5 2000   0.0  0   10.3523960000 2452502.41400 0.5
MP    Del  7.620 -  7.89 EA                    PRI                 
20 28 26.6 +11 43 14.5 2000   0.0  0   21.3385240000 2452514.00510 0.5
MR    Del  8.850 -  9.16 EA                    ALL                 
20 31 13.5 +05 13  8.5 2000   0.0  0    0.5216886000 2452500.31930 0.5
MX    Del  8.990 -  9.17 EB                    ALL                 
20 36 23.1 +20 35 57.7 2000   0.0  0    0.8647044000 2452500.33700 0.5
MZ    Del  8.320 -  8.54 EB                    ALL                 
20 45 20.0 +07  2 20.0 2000   0.0  0    0.7331181000 2452500.72000 0.5
RW    Dor 10.800 - 11.40 EW/KW      G          ALL                 
 5 18 32.5 -68 13 32.8 2000   0.0  0    0.2854635000 2452500.22500 0.5
VY    Dor 12.000 - 12.50 RR                    ALL                 
 4 48 13.3 -53 48  5.4 2000   0.0  0    0.4969190400 2452500.40090 0.5
AA    Dor 11.130 - 11.60 EA/D       O subdwarf PRI                 
 5 31 40.3 -69 53  2.2 2000   0.0  0    0.2615397400 2452500.10210 0.5
Z     Dra 10.800 - 14.10 EA/SD      F4V        PRI                 
11 45 29.2 +72 14 58.4 2000   0.2  0    1.3574329000 2452500.91300 0.5
RR    Dra 10.000 - 13.30 EA/SD      A2         PRI                 
18 41 47.4 +62 40 35.0 2000   0.4  0    2.8312840000 2452501.76400 0.5
RX    Dra 10.000 - 10.50 EA/DM      F          ALL                 
19  2 42.0 +58 43 58.0 2000   0.3  0    3.7863974000 2452500.04980 0.5
RZ    Dra 10.110 - 11.01 EB/SD      A5         ALL                 
18 23  5.4 +58 54 12.8 2000   0.0  0    0.5508760000 2452500.20300 0.5
SX    Dra  9.800 - 11.60 EA/SD      A7V        PRI                 
18  4 33.9 +58 23 54.3 2000   0.7  0    5.1695550000 2452501.17200 0.5
TW    Dra  8.000 - 10.50 EA/SD      A8V+K0III  ALL                 
15 33 51.1 +63 54 25.7 2000   0.5  0    2.8067640000 2452500.82500 0.5
TZ    Dra  9.600 - 10.50 EA/SD      A7V        ALL                 
18 22 11.7 +47 34  8.0 2000   0.2  0    0.8660307000 2452500.64100 0.5
UZ    Dra  9.900 - 10.70 EA/DM      F8         ALL                 
19 25 55.0 +68 56  7.2 2000   0.2  0    3.2613031800 2452502.17100 0.5
WW    Dra  8.300 -  0.65 EA/AR/RS   G2IV+K0IV  PRI                 
16 39  4.0 +60 41 58.8 2000   0.6  0    4.6298033000 2452502.26190 0.5
WX    Dra 13.500 - 15.30 EA/SD                 ALL                 
18 52 10.4 +47 48 17.2 2000   0.1  0    1.8018648000 2452501.43300 0.5
XY    Dra 13.400 - 14.50 EA/SD                 ALL                 
18 18 17.1 +55  3 32.5 2000   0.2  0    2.3152290000 2452502.27800 0.5
AI    Dra  7.050 -  8.09 EA/SD      A0V        ALL                 
16 56 18.1 +52 41 54.4 2000   0.2  0    1.1988199000 2452500.93400 0.5
AK    Dra 11.800 - 12.60 EA         F3         ALL                 
18 16 43.2 +53 14 47.5 2000   0.4  0    2.2183040000 2452500.34700 0.5
AR    Dra 11.290 - 12.51 EA/SD      F5V        ALL                 
12 16 36.5 +64 51 27.3 2000   0.1  0    0.6758405000 2452500.27800 0.5
AU    Dra 12.300 - 13.10 EA/SD                 PRI                 
17 35 21.3 +68 38 19.1 2000   0.0  0    0.5152654000 2452500.05800 0.5
AX    Dra 10.900 - 11.60 EB         F5         ALL                 
12 40 14.7 +66 17  9.5 2000   0.0  0    0.5681628000 2452500.35800 0.5
BE    Dra 11.300 - 11.80 EB/KE      B          ALL                 
18 25 56.9 +68 57 43.5 2000   0.0  0    0.5224967000 2452500.07700 0.5
BF    Dra 10.100 - 10.80 EA         F8         SEC                 
18 50 59.3 +69 52 57.5 2000   0.3  0   11.2109830000 2452506.15000 0.5
BF    Dra 10.100 - 10.80 EA         F8         PRI                 
18 50 59.3 +69 52 57.5 2000   0.3  0   11.2109999000 2452500.72680 0.5
BH    Dra  8.380 -  9.27 EA/SD      A2V+Ap     PRI                 
19  3 39.5 +57 27 25.9 2000   0.2  0    1.8172381600 2452500.58950 0.5
BL    Dra 11.900 - 12.20 E                     ALL                 
19 40 24.6 +60 55 13.1 2000   0.0  0    0.4026654000 2452500.23700 0.5
BP    Dra 14.400 - 14.90 EB/KE                 ALL                 
19 57 43.2 +60  0 53.4 2000   0.0  0    0.9868094000 2452500.40420 0.5
BS    Dra  9.120 -  9.86 EA/DM      F5V+F5V    ALL                 
19 56 28.8 +73 36 57.5 2000   0.2  0    3.3640130000 2452502.11200 0.5
BU    Dra 10.400 - 11.40 EA/SD      F5         PRI                 
14 58 40.1 +56 45  7.2 2000   0.1  0    3.8283714000 2452503.39400 0.5
BV    Dra  7.880 -  8.48 EW/KW      F7V        ALL                 
15 11 50.4 +61 51 25.3 2000   0.0  0    0.3500691000 2452500.29200 0.5
BW    Dra  8.610 -  9.08 EW/KW                 ALL                 
15 11 50.1 +61 51 41.3 2000   0.0  0    0.2921641000 2452500.00900 0.5
BX    Dra 11.500 - 12.20 RR         A3         ALL                 
16  6 17.4 +62 45 46.1 2000   0.1  0    0.5790343000 2452500.14600 0.5
CK    Dra 11.300 - 12.90 EA/SD                 pri                 
15 37 43.8 +57  6 49.3 2000   0.5  0    4.9945351000 2452500.91000 0.5
CM    Dra 12.870 - 13.63 EA+UV+BY   M4Ve       PRI                 
16 34 20.2 +57  9 43.9 2000   0.1  0    1.2683898100 2452500.71850 0.5
CM    Dra 12.870 - 13.63 EA+UV+BY   M4Ve       SEC                 
16 34 20.2 +57  9 43.9 2000   0.1  0    1.2683897500 2452501.35180 0.5
CV    Dra  9.500 - 10.10 IS                    ALL                 
17 31 57.2 +57 10 42.3 2000   0.0  0    0.6176005000 2452500.05800 0.5
DW    Dra 14.000 - 15.50 EA/SD                 PRI                 
19 21 39.1 +69 56  3.3 2000   0.0  0    1.2263610000 2452500.02600 0.5
EF    Dra 10.480 -  0.34 EW/KW                 ALL                 
18  5 30.5 +69 45 15.7 2000   0.0  0    0.4240413000 2452500.23500 0.5
EX    Dra 13.500 - 17.20 UG+E                  PRI                 
18  4 14.1 +67 54 12.2 2000   0.0  0    0.2099374700 2452500.20710 0.5
FU    Dra 10.580 - 11.10 EW                    ALL                 
15 34 45.2 +62 16 44.3 2000   0.0  0    0.3067177000 2452500.15900 0.5
FX    Dra  9.290 -  9.59 EB                    ALL                 
15 43 47.6 +58  1 27.3 2000   0.0  0    0.8166018000 2452500.41000 0.5
GM    Dra  8.790 -  9.02 EW                    ALL                 
17 20 21.9 +57 58 27.0 2000   0.0  0    0.3387398000 2452500.07800 0.5
GQ    Dra  8.980 -  9.42 EB                    ALL                 
17 25 29.4 +51 29 35.1 2000   0.0  0    0.7659048000 2452500.09500 0.5
GV    Dra  8.590 -  8.70 EA                    PRI                 
17 53 27.5 +52 23  7.7 2000   0.0  0   23.8543200000 2452501.75200 0.5
GV    Dra  8.590 -  8.70 EA                    SEC                 
17 53 27.5 +52 23  7.7 2000   0.0  0   23.8543850000 2452519.31350 0.5
GZ    Dra  9.520 -  9.65 E                     ALL                 
18 12 41.0 +54 46  6.8 2000   0.0  0    2.2533570000 2452502.19030 0.5
HI    Dra  9.020 -  9.20 RRC                   ALL                 
18 33 24.4 +58 42 23.4 2000   0.0  0    0.5974205000 2452500.03700 0.5
HL    Dra  7.350 -  7.66 EB                    ALL                 
18 34 26.3 +57 48  6.5 2000   0.0  0    0.9442744000 2452500.15100 0.5
HP    Dra  8.060 -  8.36 EA                    PRI                 
18 54 53.5 +51 18 29.8 2000   0.0  0   10.7615420000 2452505.05010 0.5
HP    Dra  8.060 -  8.36 EA                    SEC                 
18 54 53.5 +51 18 29.8 2000   0.0  0   10.7615260000 2452510.61510 0.5
HZ    Dra  8.160 -  8.32 EA                    ALL                 
19 46  2.5 +69 55  9.0 2000   0.0  0    0.7729355000 2452500.69700 0.5
IV    Dra 13.540 -  0.50 EW                    ALL                 
15 36 23.3 +53 19 11.3 2000   0.0  0    0.2681057000 2452500.06500 0.5
KK    Dra 11.800 - 14.80 EA                    ALL                 
19  7 56.6 +59 23 52.1 2000   0.0  0    1.1928370000 2452500.94720 0.5
KZ    Dra 11.200 - 12.40 EA                    PRI                 
20 11 19.9 +68 33 30.7 2000   0.0  0    2.2338327000 2452501.83680 0.5
LN    Dra 12.000 - 12.60 EB                    ALL                 
17 45 55.4 +52 38  4.5 2000   0.0  0    0.6121418000 2452500.53720 0.5
LQ    Dra 11.600 - 13.00 EA                    ALL                 
18 19 41.8 +50 10 38.4 2000   0.0  0    1.8416436000 2452501.37690 0.5
LZ    Dra 12.400 -  0.50 EW/KW                 ALL                 
19 34 33.8 +74  3  5.9 2000   0.0  0    0.3503480700 2452500.22100 0.5
MO    Dra 12.930 - 14.45 EA                    PRI                 
20 23 57.6 +63  2 32.7 2000   0.0  0    2.4543017000 2452502.08880 0.5
MU    Dra 11.510 - 12.09 EW                    ALL                 
18 58 35.3 +50  9 29.6 2000   0.0  0    0.3496627000 2452500.02000 0.5
MY    Dra 11.580 - 12.22 EA         A2         PRI                 
12 27 43.1 +67 58  5.1 2000   0.3  0    1.7132687000 2452501.27860 0.5
NN    Dra 12.340 - 12.98 EW                    ALL                 
13  4  3.0 +65 15 24.4 2000   0.0  0    0.3828813000 2452500.13500 0.5
NT    Dra 12.980 - 13.55 EA                    PRI                 
 9 43 42.9 +77 26 49.7 2000   0.2  0    1.6399334000 2452500.71190 0.5
NV    Dra 12.850 - 13.40 EA                    ALL                 
10 41  1.5 +74 40 57.8 2000   0.1  0    1.0571624000 2452500.00650 0.5
NW    Dra 12.910 - 13.56 EA                    ALL                 
11 32  5.9 +69 57 41.5 2000   0.1  0    0.7280916900 2452500.18280 0.5
OO    Dra 11.400 - 11.80 EA+DSCTC   A3V-IV     ALL                 
11 40  1.4 +75  9 21.5 2000   0.2  0    1.2383790000 2452501.05200 0.5
OQ    Dra 13.650 - 14.20 EW                    ALL                 
11 49 25.9 +72 34  1.4 2000   0.0  0    0.3396766000 2452500.02700 0.5
OX    Dra 12.280 - 13.25 EA                    PRI                 
13  7 27.5 +69 10 19.0 2000   0.2  0    2.3490514000 2452500.49590 0.5
V338  Dra 13.300 - 13.90 EW                    ALL                 
15 49 11.1 +60 38  2.9 2000   0.0  0    0.2351484700 2452500.02900 0.5
V341  Dra 10.100 - 10.43 EA         F8         ALL                 
15 52 57.7 +68 43 29.9 2000   0.2  0    1.6504190000 2452500.67000 0.5
V373  Dra 12.900 - 13.45 EW                    ALL                 
17 26 23.0 +53 50 33.1 2000   0.0  0    0.3169069000 2452500.26300 0.5
V374  Dra  9.930 - 10.15 EW         F8         ALL                 
17 27 20.3 +56 22 29.9 2000   0.0  0    0.4034663000 2452500.08400 0.5
V380  Dra 12.280 - 13.33 EA                    ALL                 
17 45 24.5 +69 18 22.5 2000   0.1  0    0.4937341000 2452500.46000 0.5
V405  Dra 11.540 - 11.88 EW                    ALL                 
18 31 13.4 +52 47  7.5 2000   0.0  0    0.4130344000 2452500.06300 0.5
V415  Dra 12.530 - 12.82 EW                    ALL                 
18 55 50.5 +51  0  8.2 2000   0.0  0    0.4374162000 2452500.31100 0.5
V425  Dra 10.720 - 11.27 EA         F8         PRI                 
19 44 18.4 +81 47 32.4 2000   0.3  0    9.3354076000 2452508.58330 0.5
V425  Dra 10.720 - 11.27 EA         F8         SEC                 
19 44 18.4 +81 47 32.4 2000   0.3  0    9.3354665000 2452513.68360 0.5
V432  Dra 12.240 - 12.84 EA                    PRI                 
20  1 28.4 +61 10 17.6 2000   0.3  0   11.6281700000 2452510.87000 0.5
V432  Dra 12.240 - 12.84 EA                    SEC                 
20  1 28.4 +61 10 17.6 2000   0.3  0   11.6281870000 2452518.98300 0.5
V450  Dra  8.860 -  9.23 EW         F5         ALL                 
11 11 28.9 +73  6 55.0 2000   0.0  0    0.4394024000 2452500.23500 0.5
V510  Dra 13.290 - 13.77 EW                    ALL                 
17 16 26.2 +69 35  3.8 2000   0.0  0    0.3329639300 2452500.08850 0.5
V514  Dra 12.710 - 13.75 EW                    ALL                 
17 19 54.8 +69 47 42.6 2000   0.0  0    0.3142183200 2452500.25990 0.5
V539  Dra 13.360 - 13.98 EW                    ALL                 
19 30  0.0 +70 12 37.4 2000   0.0  0    0.3330951900 2452500.13500 0.5
S     Equ  8.000 - 10.08 EA/SD      B9V+F9III- PRI                 
20 57 12.8 +05  4 49.4 2000   0.4  0    3.4361270000 2452503.03800 0.5
W     Equ 11.800 - 12.40 EA/DM      A7         ALL                 
21 15 52.6 +12 23 19.2 2000   0.7  0    4.2368730000 2452504.11000 0.5
RZ    Equ 12.000 - 14.20 EA/SD                 PRI                 
21 17 52.9 +09 50  9.6 2000   0.2  0    1.9609469000 2452501.79230 0.5
SV    Equ  9.250 -  0.20 EW/KE      A0         ALL                 
20 57 18.9 +05 48 52.4 2000   0.0  0    0.8809712000 2452500.52710 0.5
RU    Eri  9.350 - 10.07 EB/KE      F0         ALL                 
 3 54 43.8 -14 56  6.7 2000   0.0  0    0.6321976000 2452500.43900 0.5
RY    Eri 10.300 - 11.50 EA/SD      F5         ALL                 
 3 58 58.1 -17 13 46.6 2000   0.5  0    4.9792900000 2452504.75000 0.5
RZ    Eri  7.700 -  8.72 EA/DS/RS   A5+G8IV    pri                 
 4 43 45.8 -10 40 56.0 2000   2.0  0   39.2824850000 2452530.49120 0.5
TU    Eri 12.800 - 13.60 S          F5         ALL                 
 3  3 13.4 -20 36 51.5 2000   0.0  0    0.3349786900 2452500.01690 0.5
TZ    Eri  9.800 - 12.60 EA/SD      F          PRI                 
 4 21 40.3 -06  1  9.2 2000   0.3  0    2.6061215000 2452502.56380 0.5
UX    Eri 10.500 - 11.11 EW/KW      F8         ALL                 
 3  9 52.7 -06 53 33.5 2000   0.0  0    0.4452886000 2452500.49200 0.5
VV    Eri 11.000 - 12.00 EA/SD      A          ALL                 
 3 21 22.6 -10 17  6.0 2000   0.2  0    1.5575759000 2452500.73610 0.5
WW    Eri 11.000 - 11.50 EB/KE                 ALL                 
 5  5  4.7 -07 33 42.9 2000   0.0  0    0.9264988000 2452500.63070 0.5
YY    Eri  8.100 -  8.80 EW/KW      G5+G5      ALL                 
 4 12  8.9 -10 28 10.0 2000   0.0  0    0.3214967000 2452500.32700 0.5
ZZ    Eri 13.900 - 15.00 E                     PRI                 
 4 13  1.0 -10 44 54.3 2000   0.0  0    0.4520602800 2452500.28600 0.5
AA    Eri 12.800 - 13.30 E                     PRI                 
 4 13 41.9 -11 33 36.4 2000   0.0  0    0.5008427800 2452500.38070 0.5
AM    Eri 14.400 - 15.20 EW/KW                 ALL                 
 4 29 51.0 -12 14 23.1 2000   0.0  0    0.3165726000 2452500.15300 0.5
AO    Eri 11.800 - 13.80 EA/DS                 all                 
 4 32  0.9 -17 44 47.7 2000   0.7  0    9.2975900000 2452503.09000 0.5
AS    Eri  8.290 -  9.00 EA/SD      A3V        ALL                 
 3 32 25.1 -03 18 48.1 2000   0.2  0    2.6641480000 2452502.10700 0.5
BC    Eri 10.830 - 11.32 EW/KE      A6         ALL                 
 4 46 59.0 -14 37 23.3 2000   0.0  0    0.5272534000 2452500.22700 0.5
BL    Eri 11.500 - 12.20 EW/KE      B5         ALL                 
 4 11 48.2 -11 47 26.5 2000   0.0  0    0.4169234000 2452500.07300 0.5
BQ    Eri 10.500 - 11.00 EB/DM      A8         ALL                 
 5  7 59.7 -05 50 37.7 2000   0.0  0    0.8219660000 2452500.08200 0.5
BT    Eri  9.560 - 10.45 EA/SD      A0         PRI                 
 3 34 31.1 -39 24 43.4 2000   0.3  0    2.1122850000 2452500.23000 0.5
BU    Eri  8.500 -  9.00 EA         A3         ALL                 
 3 49 21.0 -20 52 26.7 2000   0.0  0    0.8430883000 2452500.51730 0.5
BV    Eri  8.120 -  8.63 EW         F2         ALL                 
 3 51 53.3 -10 31 49.5 2000   0.0  0    0.5076517000 2452500.27300 0.5
BW    Eri  9.500 - 10.12 EB         A3         ALL                 
 4  6 36.8 -27 40  7.6 2000   0.0  0    0.6384853200 2452500.49410 0.5
BZ    Eri  9.000 -  9.48 EA         F2         ALL                 
 4 12 12.7 -06  1 17.6 2000   0.1  0    0.6641699000 2452500.50900 0.5
CD    Eri  9.510 - 10.49 EA/SD      A0         PRI                 
 3 47 46.0 -08 36 41.4 2000   0.4  0    2.8768260000 2452501.48020 0.5
CI    Eri  9.500 - 10.50 EA/SD      F8V        ALL                 
 1 58 38.5 -53 31 39.3 2000   0.0  0    1.2381955000 2452500.18400 0.5
CO    Eri  9.000 -  9.60 EA/SD      F7V        all                 
 2 35 38.6 -45  4 12.4 2000   0.0  0    5.7834800000 2452500.66000 0.5
CT    Eri 10.000 - 10.52 EW/KE      F0         ALL                 
 4 29 24.8 -33 34 34.3 2000   0.0  0    0.6341983000 2452500.27400 0.5
CW    Eri  8.430 -  8.96 EA/DM      F0         ALL                 
 3  3 60.0 -17 44 16.1 2000   0.3  0    2.7283714000 2452500.38000 0.5
FK    Eri  9.210 -  9.58 EA                    ALL                 
 2 44 58.4 -17 46 52.1 2000   0.0  0    2.2322249000 2452502.06090 0.5
FX    Eri  9.730 -  9.97 EW                    ALL                 
 3 37  1.4 -41 31 39.5 2000   0.0  0    0.2923458000 2452500.01000 0.5
GH    Eri  9.030 -  9.61 EA                    ALL                 
 3 44 13.0 -41 16 46.8 2000   0.0  0    0.7223898300 2452500.30240 0.5
GK    Eri  8.960 -  9.49 EA                    ALL                 
 3 45 12.0 -16 24 37.6 2000   0.0  0    2.9596599000 2452502.81270 0.5
HN    Eri  8.660 -  8.97 EB                    ALL                 
 4 33 24.9 -23 56 19.7 2000   0.0  0    0.6235912600 2452500.02150 0.5
KP    Eri  8.780 -  8.93 EA         A2         PRI                 
 4 43  7.2 -07 24 42.1 2000   0.2  0    3.7235652000 2452503.58660 0.5
LT    Eri 15.000 - 18.72 E+UGSU     pec e      PRI                 
 4  7 14.8 -06 44 25.2 2000   0.0  0    0.1702038300 2452500.15250 0.5
W     For 12.900 - 13.70 E                     ALL                 
 2 41 43.9 -26  1 50.7 2000   0.0  0    0.6179092000 2452500.20400 0.5
SU    For  9.500 - 11.00 EA/SD      A2         ALL                 
 2 21 36.5 -37 12 45.7 2000   0.3  0    2.4346093000 2452502.30760 0.5
UZ    For 18.200 - 20.90 E+XM                  PRI                 
 3 35 28.6 -25 44 21.9 2000   0.0  0    0.0878654900 2452500.02440 0.5
AE    For 10.320 - 10.89 EA                    ALL                 
 3  8  6.7 -24 45 34.7 2000   0.0  0    0.9182101000 2452500.37500 0.5
AK    For  9.240 -  9.35 E                     ALL                 
 3 29 22.9 -24  6  3.1 2000   0.0  0    3.9809870000 2452500.41400 0.5
U     Gem  8.200 - 14.90 UGSS+E     pec UG +M4 PRI                 
 7 55  5.2 +22  0  4.8 2000   0.0  0    0.1769062400 2452500.01020 0.5
RU    Gem 12.100 - 13.20 EA/DS                 PRI                 
 7 26 58.9 +21 26  6.8 2000   1.1  0    8.6708618000 2452502.72680 0.5
RW    Gem  9.530 - 11.76 EA/SD      B5V+F5     PRI                 
 6  1 28.1 +23  8 27.5 2000   0.4  0    2.8654982000 2452502.36490 0.5
RX    Gem  9.200 - 10.81 EA/DS      A3IIIea+K1 PRI                 
 6 50 11.5 +33 14 20.7 2000   1.1  0   12.2086860000 2452508.13770 0.5
RY    Gem  8.690 - 11.04 EA/DS      A2Ve+K2IV  ALL                 
 7 27 24.2 +15 39 34.7 2000   0.9  0    9.3004300000 2452502.18000 0.5
SX    Gem 11.000 - 11.90 EA/SD      A0         PRI                 
 6 28 14.4 +20 33 50.0 2000   0.2  0    1.3668772000 2452500.56500 0.5
TX    Gem 10.000 - 11.30 EA/SD      A2V+A7V    PRI                 
 7 36  0.9 +16 54 29.2 2000   0.3  0    2.8000035000 2452502.15600 0.5
TZ    Gem 13.400 - 15.60 EA/SD                 PRI                 
 6 37 36.8 +19 36 26.5 2000   0.2  0    1.6777356000 2452500.48140 0.5
WW    Gem  9.900 - 10.50 EB/KE      B6         PRI                 
 6 12  5.8 +23 30  3.3 2000   0.0  0    1.2377972000 2452500.73400 0.5
YY    Gem  8.910 -  9.60 EA/DM+UV   M1Ve+M1Ve  ALL                 
 7 34 37.4 +31 52  9.8 2000   0.1  0    0.8142825700 2452500.45870 0.5
AC    Gem 11.000 - 11.80 EB/DM      A0         PRI                 
 6 32 16.8 +19 50 23.3 2000   0.0  0    1.6618043000 2452500.78900 0.5
AE    Gem 10.500 - 12.30 EA/DS      B8         PRI                 
 6 47 36.9 +28 55 13.7 2000   0.6  0   11.4568720000 2452505.78210 0.5
AF    Gem 10.540 - 11.83 EA/SD      A0         ALL                 
 6 50 39.7 +21 21 56.0 2000   0.2  0    1.2435031000 2452501.11200 0.5
AH    Gem 14.400 - 14.90 EW/KW                 ALL                 
 6 53 17.9 +15 59 22.8 2000   0.0  0    0.3367525000 2452500.11470 0.5
AI    Gem 13.800 - 14.20 EB                    ALL                 
 6 54  1.5 +16  4 47.3 2000   0.0  0    0.7242067000 2452500.22740 0.5
AL    Gem  9.800 - 10.39 EA/D       F5V        ALL                 
 6 57 38.6 +20 53 32.5 2000   0.2  0    1.3913493000 2452501.13700 0.5
AN    Gem 13.200 - 15.20 EA/SD                 pri                 
 7  8 57.5 +19 48 13.4 2000   0.3  0    2.0323781000 2452501.99290 0.5
AV    Gem 12.400 - 13.90 EA/SD                 ALL                 
 6 42  1.6 +13 24 51.3 2000   0.2  0    1.2216538000 2452500.23670 0.5
AY    Gem 10.800 - 11.90 EA/SD      A0         PRI                 
 6 31 56.2 +19 40 11.6 2000   0.3  0    3.0536440000 2452501.09600 0.5
AZ    Gem 11.800 - 12.40 EB/KE      A-F        ALL                 
 6 34 33.4 +14 28 20.0 2000   0.0  0    1.0061861000 2452500.48370 0.5
BD    Gem 11.900 - 13.80 EA/SD      A          PRI                 
 6 34 43.1 +15 34 53.6 2000   0.2  0    1.6167223000 2452501.26110 0.5
BH    Gem 13.600 - 16.00 EA/SD                 PRI                 
 6  4 39.2 +26 25 17.7 2000   0.8  0    6.2495100000 2452500.14000 0.5
BO    Gem 11.300 - 15.10 EA/SD      A2         PRI                 
 6 25  1.3 +17 58 12.7 2000   0.4  0    4.0688565000 2452500.70160 0.5
BT    Gem 13.900 - 15.30 EA/SD                 ALL                 
 6 11 41.1 +23 19 39.9 2000   0.2  0    1.2369347000 2452500.90290 0.5
CK    Gem 13.200 - 15.40 EA/SD                 PRI                 
 6 30 37.1 +19 38 28.4 2000   0.2  0    1.4129181000 2452501.39670 0.5
CP    Gem 13.700 - 15.80 EA/SD                 ALL                 
 6 33 41.7 +19 29 36.1 2000   0.3  0    2.4022660000 2452500.33300 0.5
CU    Gem 13.600 - 14.20 EA                    PRI                 
 6 37 22.8 +21 44 29.8 2000   0.2  0    3.0300550000 2452500.36000 0.5
CV    Gem 14.900 - 16.40 EA/SD                 PRI                 
 6 39 22.0 +21 10 37.8 2000   0.2  0    1.8483940000 2452500.45000 0.5
CW    Gem 12.300 - 13.60 EA/SD                 ALL                 
 6 39 58.9 +21 52 33.9 2000   0.2  0    1.6781729000 2452500.09600 0.5
CX    Gem 12.000 - 14.20 EA/SD                 ALL                 
 6 40  3.8 +21 49 18.7 2000   0.3  0    2.1636820000 2452501.22100 0.5
DD    Gem 13.200 - 15.20 EA/SD                 PRI                 
 6 43 23.6 +19 14 52.8 2000   0.5  0    3.8020590000 2452502.29000 0.5
DG    Gem 12.500 - 13.40 EA                    PRI                 
 6 49 25.1 +18 37 43.6 2000   0.3  0    3.1314290000 2452500.55100 0.5
DP    Gem 13.400 - 14.00 EW                    ALL                 
 6  2 24.4 +27 24 53.3 2000   0.0  0    0.5584507000 2452500.55490 0.5
DV    Gem 15.500 - 16.80 EA                    ALL                 
 6 26 58.3 +18 39 58.8 2000   0.5  0    4.4003400000 2452500.06000 0.5
EF    Gem 12.600 - 15.40 EA/SD                 PRI                 
 6 51  1.8 +17 29 55.0 2000   0.5  0    6.1025614000 2452505.73000 0.5
EG    Gem 12.200 - 13.40 EA/SD                 ALL                 
 6 57 51.9 +13  8 24.4 2000   0.2  0    1.2734083000 2452500.74030 0.5
EL    Gem 12.800 - 13.60 EA/KE                 ALL                 
 6 29  7.9 +20 48 42.5 2000   0.1  0    1.4283162000 2452500.78250 0.5
EN    Gem 13.600 - 14.20 EB/KE                 ALL                 
 6 33 53.9 +18 41 18.1 2000   0.0  0    1.2076190000 2452500.87000 0.5
EY    Gem 12.800 - 13.50 EB/KE                 PRI                 
 6 45 32.5 +17 13 30.6 2000   0.0  0    0.9411356400 2452500.62480 0.5
FG    Gem 11.600 - 12.60 EA                    ALL                 
 6 47 49.7 +16 51 47.6 2000   0.1  0    0.8191310000 2452500.28100 0.5
FO    Gem 14.700 - 15.80 E/SD                  PRI                 
 6 53 28.5 +12 53 49.0 2000   0.0  0    0.6956169900 2452500.47980 0.5
FQ    Gem 13.000 - 14.20 EA                    PRI                 
 6 56 24.1 +17 58 13.0 2000   0.3  0    2.8847446000 2452500.27700 0.5
FT    Gem 13.500 - 14.20 EW                    ALL                 
 6 57 24.6 +13 42  6.3 2000   0.0  0    0.5876095000 2452500.48000 0.5
GM    Gem 13.100 - 14.00 EA                    PRI                 
 7  5 29.8 +10 39 36.2 2000   0.2  0    1.3596697000 2452500.07800 0.5
GP    Gem 13.100 - 13.50 EB/DM                 ALL                 
 7  9 29.2 +12 58  3.9 2000   0.0  0    1.5947450000 2452500.98300 0.5
GR    Gem 15.400 - 16.10 EB                    PRI                 
 6 23 20.3 +20 49 58.3 2000   0.0  0    0.5274463000 2452500.03600 0.5
GW    Gem 10.480 - 11.45 EB/SD      A5         ALL                 
 7 52 29.0 +27  9 15.6 2000   0.0  0    0.6594449000 2452500.14130 0.5
GX    Gem 10.900 - 11.50 EB/D       G5         ALL                 
 6 46  9.1 +34 24 52.8 2000   0.0  0    4.0379328000 2452500.30150 0.5
GZ    Gem 13.600 - 14.10 EA                    ALL                 
 6 24  6.8 +18 42 11.2 2000   0.2  0    0.6125042000 2452500.09800 0.5
HI    Gem 12.000 - 13.10 E          G-K        PRI                 
 7 18 14.4 +30 38  8.8 2000   0.0  0    4.6916400000 2452504.34100 0.5
HR    Gem 11.400 - 12.50 EA/SD                 ALL                 
 6 12 13.3 +24 42 42.5 2000   0.2  0    1.0689623000 2452500.68450 0.5
HY    Gem 16.700 - 17.50 EW/KW                 ALL                 
 6 33 23.0 +22  7 19.8 2000   0.0  0    0.3510100000 2452500.22300 0.5
IN    Gem 15.000 - 16.20 EA/SD                 PRI                 
 6 40 50.8 +17 30 56.8 2000   0.2  0    1.1311890000 2452501.04000 0.5
KM    Gem 13.500 - 13.90 EA                    PRI                 
 6 34 31.2 +19 58 29.0 2000   0.1  0    1.8256505000 2452501.22270 0.5
KQ    Gem 14.000 - 15.00 EB/KW                 PRI                 
 6 43 47.4 +15 54 21.0 2000   0.0  0    0.4079897400 2452500.07750 0.5
KV    Gem 12.400 - 12.90 RRC                   ALL                 
 6 47 12.6 +15 43 34.1 2000   0.1  0    0.3585207600 2452500.00830 0.5
KY    Gem 12.700 - 14.60 EA/DS                 PRI                 
 6 52 39.5 +18  2 15.2 2000   1.5  0   12.3314800000 2452501.12000 0.5
LO    Gem 11.500 - 12.00 E                     ALL                 
 6  4 11.7 +25 19 59.9 2000   0.0  0    2.2377860000 2452500.91800 0.5
LZ    Gem 15.400 - 17.50 E                     PRI                 
 6 44  6.0 +14 32 23.1 2000   0.0  0    2.2604140000 2452502.19000 0.5
MU    Gem 14.500 - 15.00 EB                    ALL                 
 6 59 24.2 +14  4 50.8 2000   0.0  0    0.7262016000 2452500.32100 0.5
NO    Gem 13.900 - 14.80 IS                    PRI                 
 7  5 30.2 +10 32 22.6 2000   0.0  0   27.4952000000 2452513.30000 0.5
QT    Gem  7.660 -  8.06 EB                    ALL                 
 6 48 16.5 +14 35 32.8 2000   0.0  0    1.6198653000 2452500.74590 0.5
QW    Gem 10.340 - 10.73 EW                    ALL                 
 6 50 46.1 +29 27 11.3 2000   0.0  0    0.3581213700 2452500.22000 0.5
V337  Gem  8.520 -  8.89 EA                    ALL                 
 7  2 38.3 +13 46 58.6 2000   0.0  0    1.9186915000 2452501.35040 0.5
V339  Gem  8.940 -  9.31 E                     PRI                 
 7 18 51.5 +29  6  3.2 2000   0.0  0    2.8803210000 2452500.30120 0.5
V345  Gem  7.820 -  7.88 DSCTC                 ALL                 
 7 38 30.2 +33 42 41.5 2000   0.0  0    0.2747789000 2452500.22800 0.5
V367  Gem 11.200 - 11.82 EA                    ALL                 
 6 46 43.6 +20 53 21.5 2000   0.0  0    0.6992284000 2452500.65840 0.5
V372  Gem 12.500 -  0.50 EB                    ALL                 
 6 50 55.8 +22 29 21.7 2000   0.0  0    0.5691830800 2452500.17200 0.5
V380  Gem 13.150 - 14.00 EW                    ALL                 
 6 16 12.8 +25 39 55.6 2000   0.0  0    0.3366085500 2452500.06890 0.5
V382  Gem 10.220 - 10.57 EA         F8         ALL                 
 6 44 14.5 +16 24  3.9 2000   0.2  0    1.4462960000 2452500.72200 0.5
V383  Gem 12.780 - 13.60 EA                    ALL                 
 6 47 42.2 +23 56 12.0 2000   0.1  0    0.7572845600 2452500.56760 0.5
V388  Gem 12.330 - 13.60 EB                    PRI                 
 7 12 14.8 +18 23 49.7 2000   0.0  0    0.6059475000 2452500.04100 0.5
V390  Gem 11.320 - 11.95 EA         F0         ALL                 
 7 47  3.1 +14 53 23.3 2000   0.2  0    2.1494545000 2452501.07220 0.5
V402  Gem 11.720 - 12.35 EW                    ALL                 
 6 42 17.4 +20 16 48.4 2000   0.0  0    0.3992535000 2452500.22550 0.5
V404  Gem 12.400 - 13.00 EW                    ALL                 
 6 47  2.8 +15 37 23.0 2000   0.0  0    0.3487086000 2452500.08700 0.5
V405  Gem 10.880 - 11.03 EW                    ALL                 
 6 47  7.9 +15 38 37.1 2000   0.0  0    0.4621076000 2452500.46800 0.5
V410  Gem 10.770 - 11.20 EA         A5         PRI                 
 6 54  8.1 +17  2  2.8 2000   0.2  0    3.4703750000 2452503.10500 0.5
V410  Gem 10.770 - 11.20 EA         A5         SEC                 
 6 54  8.1 +17  2  2.8 2000   0.2  0    3.4702792000 2452504.95960 0.5
V415  Gem 12.400 - 12.90 EW                    ALL                 
 6 55 57.5 +15 35 32.8 2000   0.0  0    0.3506065800 2452500.13030 0.5
V435  Gem 14.200 -  0.45 EW                    ALL                 
 7 54 57.7 +21 54  9.3 2000   0.0  0    0.3364989000 2452500.30670 0.5
V437  Gem 11.100 - 11.70 EW         G0V        ALL                 
 6  1  0.4 +23 56 15.4 2000   0.0  0    0.3618287000 2452500.12800 0.5
W     Gru  9.400 - 10.00 EA/AR      F6IV+F6IV  ALL                 
22 41 18.7 -43 50 28.6 2000   0.3  0    2.9685351000 2452503.05370 0.5
X     Gru 10.640 - 14.33 EA/SD      A0         ALL                 
23 19 42.4 -55 36 41.5 2000   0.3  0    2.1236360000 2452500.36410 0.5
Y     Gru 10.400 - 12.10 EA/SD                 ALL                 
22 47 20.1 -47 54 57.9 2000   0.2  0    1.7168504000 2452500.96280 0.5
RU    Gru 11.000 - 11.40 EA         A0         PRI                 
22 27  0.6 -37 11 18.1 2000   0.2  0    1.8931853000 2452501.49700 0.5
RV    Gru 11.000 - 11.40 EW/KW                 ALL                 
22 39 24.4 -46 52 32.1 2000   0.0  0    0.2595376600 2452500.28300 0.5
RX    Gru 10.500 - 10.80 EB/KE                 ALL                 
22 58 16.7 -41 49 34.3 2000   0.0  0    0.7431415800 2452500.43420 0.5
YY    Gru 12.400 - 13.20 EB                    ALL                 
22 48 46.6 -50 59 27.8 2000   0.0  0    0.2926502200 2452500.28400 0.5
AR    Gru 10.000 - 10.60 EB                    ALL                 
22 36 41.7 -38 18  9.0 2000   0.0  0   10.6815000000 2452508.10000 0.5
BC    Gru  9.900 - 10.30 EW /KW                ALL                 
22 44 49.1 -48 10 13.1 2000   0.0  0    0.3073060000 2452500.08030 0.5
DW    Gru 11.250 - 11.65 EA                    ALL                 
22 32 38.0 -47 42 47.3 2000   0.1  0    3.1428200000 2452500.35000 0.5
Z     Her  7.300 -  8.18 EA/AR/RS   F4IV-V     ALL                 
17 58  7.0 +15  8 21.9 2000   0.4  0    3.9928180000 2452503.29600 0.5
RX    Her  7.280 -  7.87 EA/DM      A0V+A0V    PRI                 
18 30 39.3 +12 36 40.4 2000   0.2  0    1.7785720500 2452501.70170 0.5
SZ    Her  9.860 - 11.87 EA/SD      F0V        PRI                 
17 39 36.8 +32 56 46.8 2000   0.1  0    0.8180937000 2452500.40200 0.5
TT    Her  9.610 - 10.34 EB/KE      A7V-F2V    PRI                 
16 54 23.0 +16 50 13.2 2000   0.0  0    0.9120740000 2452500.51400 0.5
TU    Her 10.880 - 13.70 EA/SD      F5         ALL                 
17 13 35.4 +30 42 36.0 2000   0.3  0    2.2669620000 2452501.34900 0.5
TX    Her  8.540 -  9.31 EA/DM      A5+F0      ALL                 
17 18 36.5 +41 53 17.1 2000   0.2  0    2.0598093000 2452501.10480 0.5
UX    Her  9.050 - 10.21 EA/SD      A3V        PRI                 
17 54  7.9 +16 56 37.9 2000   0.2  0    1.5488866000 2452501.48300 0.5
AD    Her  9.700 - 11.17 EA/SD      A4V+K2     PRI                 
18 50  0.3 +20 43 16.5 2000   1.1  0    9.7665530000 2452508.28000 0.5
AK    Her  8.290 -  8.77 EW/KW      F2+F6      ALL                 
17 13 57.8 +16 21  0.6 2000   0.0  0    0.4215226000 2452500.27200 0.5
AM    Her 12.300 - 15.70 AM/XRM+E   pec+M4.5V  PRI                 
18 16 13.3 +49 52  4.1 2000   0.0  0    0.1289270800 2452500.13800 0.5
AW    Her  9.650 - 11.00 EA/AR/RS   G0+K2      PRI                 
18 25 38.7 +18 17 40.3 2000   0.6  0    8.8007900000 2452500.26000 0.5
BC    Her 11.800 - 13.00 EA/SD      A2         ALL                 
18 50 41.7 +12 29 53.5 2000   0.4  0    3.0872800000 2452500.26000 0.5
BO    Her 10.700 - 13.80 EA/SD      A7         ALL                 
18 40 30.1 +24 55 42.8 2000   0.6  0    4.2727884000 2452502.62320 0.5
BQ    Her 13.500 - 15.00 E/SD                  pri                 
18 45 40.8 +20 58 28.8 2000   0.0  0    5.1059264000 2452504.44300 0.5
BV    Her 13.700 - 15.40 EA/SD                 PRI                 
18 50 37.9 +25 45 45.6 2000   0.3  0    3.5159038000 2452500.76070 0.5
CC    Her 10.200 - 13.10 EA/SD      A0         PRI                 
16 17 38.9 +08 56  2.6 2000   0.3  0    1.7340523000 2452500.14740 0.5
CT    Her 10.600 - 11.70 EA/SD      A3V        PRI                 
16 20 26.6 +18 27 16.8 2000   0.2  0    1.7863801000 2452501.61890 0.5
DD    Her 11.400 - 12.20 EA/SD      A2         ALL                 
18  5 45.4 +28 28 43.4 2000   0.6  0    5.6433447000 2452505.10130 0.5
DH    Her  9.400 - 12.00 EA/SD      A5         PRI                 
18 47 34.6 +22 50 45.8 2000   0.7  0    4.7791710000 2452502.40200 0.5
DI    Her  8.390 -  9.11 EA/DM      B5V+B4V    SEC                 
18 53 26.2 +24 16 40.8 2000   0.4  0   10.5501770000 2452517.33180 0.5
DI    Her  8.390 -  9.11 EA/DM      B5V+B4V    PRI                 
18 53 26.2 +24 16 40.8 2000   0.4  0   10.5501680000 2452509.21130 0.5
DK    Her 10.500 - 11.00 EA         A1         ALL                 
17 12 44.0 +13 11  3.8 2000   0.3  0    1.9422727000 2452501.13350 0.5
DP    Her 13.500 - 15.00 EA/SD                 ALL                 
17 34 30.3 +15  4 30.6 2000   0.2  0    1.7770150000 2452501.56700 0.5
DQ    Her  1.300 - 18.08 NB+EA      pec Nova   PRI                 
18  7 30.2 +45 51 32.0 2000   0.0  0    0.1936210400 2452500.09770 0.5
EF    Her 11.000 - 12.00 EA/SD      F0         ALL                 
16 55 26.1 +17 17 47.8 2000   0.4  0    4.7292000000 2452502.82000 0.5
ES    Her 13.100 - 14.40 EB/KE                 ALL                 
17 56 42.5 +32 52 30.9 2000   0.0  0    0.7820279000 2452500.08040 0.5
FN    Her 10.500 - 11.50 EA/SD      A9         PRI                 
16 25 13.2 +11 17 52.8 2000   0.4  0    2.6912480000 2452501.13400 0.5
FW    Her 14.400 - 14.90 EB/KE                 ALL                 
17 59 25.8 +25 43 13.2 2000   0.0  0    0.8354183000 2452500.41800 0.5
GL    Her 11.500 - 13.50 EA/SD      A          ALL                 
18 50 28.4 +23 39  9.0 2000   0.4  0    2.3449881000 2452500.36500 0.5
GU    Her 11.500 - 12.30 EA/DM      F8         ALL                 
16 32  5.5 +30 23  9.7 2000   0.7  0    4.3432980000 2452503.59600 0.5
HS    Her  8.500 -  8.97 EA/DM      B6III      PRI                 
18 50 49.8 +24 43 11.9 2000   0.2  0    1.6374321000 2452501.03610 0.5
HS    Her  8.500 -  8.97 EA/DM      B6III      SEC                 
18 50 49.8 +24 43 11.9 2000   0.2  0    1.6374380000 2452501.86520 0.5
HV    Her 12.700 - 14.00 EA/SD                 PRI                 
16 33  7.6 +33 31 25.5 2000   0.5  0    4.9055970000 2452500.07000 0.5
HZ    Her 12.800 - 15.20 XPR+E      B0Ve-F5e   ALL                 
16 57 49.8 +35 20 32.7 2000   0.0  0    1.7001694000 2452501.38620 0.5
IK    Her 13.500 - 14.00 EA                    PRI                 
17  0  6.8 +31 58 14.4 2000   0.2  0    1.0994405000 2452500.21400 0.5
IM    Her 14.100 - 14.90 EA/SD                 PRI                 
17  2 10.7 +32 11 53.4 2000   0.3  0    3.7125990000 2452503.30000 0.5
IT    Her 12.900 - 13.30 RRC                   ALL                 
18 45 46.4 +25 19 59.4 2000   0.1  0    0.3393942000 2452500.11200 0.5
IX    Her 14.000 - 16.00 EA/SD                 PRI                 
18 51 40.7 +24  9 32.6 2000   0.0  0    1.8968290000 2452501.71000 0.5
LP    Her 13.000 - 16.20 EA/SD                 pri                 
18 55 41.2 +12 15 28.4 2000   0.4  0    3.8398444000 2452501.16650 0.5
LT    Her 10.690 - 11.11 EA/D       A2V        ALL                 
16 50 20.5 +09 56 51.9 2000   0.2  0    1.0840333000 2452500.22200 0.5
LV    Her 10.900 - 11.30 EA/D       A-F        PRI                 
17 35 32.4 +23 10 30.5 2000   0.5  0   18.4359570000 2452509.16230 0.5
LV    Her 10.900 - 11.30 EA/D       A-F        SEC                 
17 35 32.4 +23 10 30.5 2000   0.5  0   18.4358900000 2452525.06600 0.5
LZ    Her 14.100 - 14.60 SXPHE                 ALL                 
17 49 29.1 +29 19 15.6 2000   0.1  0    0.3317354000 2452500.19650 0.5
MM    Her  9.450 - 10.43 EA/AR/RS   G2-5       ALL                 
17 58 38.5 +22  8 46.8 2000   0.4  0    7.9602940000 2452500.78440 0.5
MS    Her 12.900 - 13.30 EW/KE                 ALL                 
18 16 53.4 +27 39 46.3 2000   0.0  0    0.8680610000 2452500.52900 0.5
MT    Her 11.860 - 12.86 EB/SD      F5         ALL                 
18 21 50.7 +14 30 32.5 2000   0.0  0    0.4877185400 2452500.27530 0.5
MX    Her 11.400 - 12.90 EA/SD      F5         ALL                 
17 50 50.7 +50  2 49.8 2000   0.3  0    2.3475390000 2452501.79500 0.5
PW    Her  9.840 - 10.44 EA/AR /RS  K0IV-V     PRI                 
18 10 24.1 +33 24 11.2 2000   0.5  0    2.8810500000 2452501.49000 0.5
V338  Her 10.070 - 11.15 EA/SD      F1V        PRI                 
17 53 12.7 +43 46 23.2 2000   0.2  0    1.3057664000 2452500.97500 0.5
V342  Her 10.500 - 11.30 EB/SD      F2         ALL                 
18 24 13.0 +25  4 50.7 2000   0.0  0    0.8517335000 2452500.63500 0.5
V357  Her 13.200 - 13.80 DSCT                  ALL                 
18 44 31.8 +12 55 32.2 2000   0.1  0    0.2820394000 2452500.25900 0.5
V359  Her 10.200 - 11.20 EA/SD      F0         PRI                 
16 56 28.7 +37 39 18.9 2000   0.3  0    1.7557840000 2452501.38900 0.5
V366  Her 12.200 - 14.10 EA/SD                 ALL                 
17  7  4.9 +27 37 47.4 2000   0.4  0    2.7582970000 2452501.10500 0.5
V381  Her 12.600 - 13.70 EA/SD                 PRI                 
17 16 11.1 +20 51 19.0 2000   0.2  0    1.3462718000 2452500.86400 0.5
V387  Her 12.800 - 13.40 EB/KE                 ALL                 
17 18 47.0 +20 14 30.6 2000   0.0  0    0.5894658000 2452500.24900 0.5
V412  Her 14.700 - 15.50 EB/KW                 ALL                 
17 30 30.5 +25 54 14.5 2000   0.0  0    0.3362111000 2452500.36770 0.5
V426  Her 15.500 - 15.80 EW/KW                 ALL                 
17 35 29.0 +23  1 27.7 2000   0.0  0    0.4921290000 2452500.24000 0.5
V450  Her 10.100 - 10.70 EA/D       A0         ALL                 
16 44  9.4 +34 12 30.5 2000   0.1  0    1.8254372000 2452500.49600 0.5
V477  Her 14.900 - 15.50 EW/KW                 ALL                 
17 20 57.8 +26 18 20.2 2000   0.0  0    0.3251811500 2452500.15140 0.5
V490  Her 13.900 - 15.00 EA/SD                 PRI                 
17 29 38.8 +22 49 10.8 2000   0.1  0    1.4966462000 2452501.25810 0.5
V501  Her 10.500 - 11.00 E                     PRI                 
17 35 43.5 +30 38 35.0 2000   0.0  0    8.5976900000 2452501.84000 0.5
V501  Her 10.500 - 11.00 E                     SEC                 
17 35 43.5 +30 38 35.0 2000   0.0  0    8.5977300000 2452505.94900 0.5
V502  Her 12.800 - 13.70 EW/KW                 ALL                 
17 35 49.3 +32 20 54.5 2000   0.0  0    0.3692783900 2452500.20690 0.5
V513  Her 15.300 - 15.70 EW/KW                 ALL                 
17 40 21.9 +24 15 47.4 2000   0.0  0    0.3037692700 2452500.07500 0.5
V516  Her 16.400 - 17.10 EW/KW                 ALL                 
17 41 22.8 +24 51 50.1 2000   0.0  0    0.4632353000 2452500.26000 0.5
V607  Her 13.300 - 14.20 EA/SD                 ALL                 
16 40 54.5 +26 22 10.1 2000   0.0  0    1.7125250000 2452500.74400 0.5
V624  Her  6.180 -  6.36 EA/DM      A3m        ALL                 
17 44 17.3 +14 24 36.2 2000   0.4  0    3.8949801000 2452500.60830 0.5
V643  Her 13.500 - 15.00 EA/SD                 ALL                 
18 33  9.9 +23 22 50.7 2000   0.2  0    1.2230903000 2452500.35800 0.5
V678  Her 15.200 - 15.60 EA                    PRI                 
16  8 16.7 +24 42 13.7 2000   0.1  0    1.4537411000 2452500.98990 0.5
V681  Her 13.600 - 14.10 E                     PRI                 
16 11 39.1 +25  1  0.0 2000   0.0  0    0.5793101900 2452500.14580 0.5
V685  Her 15.400 - 16.00 EW/KE                 ALL                 
16 13 52.1 +23 29 22.3 2000   0.0  0    0.5891648000 2452500.32700 0.5
V687  Her 14.400 - 15.00 EW/KW      G0         ALL                 
16 14 21.6 +23 42 38.3 2000   0.0  0    0.3214513300 2452500.14460 0.5
V719  Her 12.500 - 13.60 RRC                   ALL                 
17  9 52.6 +42 56  8.1 2000   0.1  0    0.4009243000 2452500.34470 0.5
V722  Her 15.000 - 15.70 EW /KE                ALL                 
17 10 51.9 +43  2 29.2 2000   0.0  0    0.5045262000 2452500.33600 0.5
V723  Her 15.000 - 16.00 EA/SD                 ALL                 
17 11 11.8 +40 43 52.8 2000   0.3  0    3.9672604000 2452500.10290 0.5
V728  Her 10.900 - 11.50 EW/KW                 ALL                 
17 18  4.3 +41 50 38.7 2000   0.0  0    0.4712970000 2452500.18500 0.5
V731  Her 13.300 - 13.90 EW/KE                 ALL                 
17 19 47.1 +43 59 16.3 2000   0.0  0    0.4264022000 2452500.42600 0.5
V732  Her 13.200 - 14.20 EW/KE                 ALL                 
17 20 18.9 +44 19 26.7 2000   0.0  0    0.7134550000 2452500.73000 0.5
V733  Her 13.800 - 14.40 EW/KE                 ALL                 
17 20 51.5 +47 53 54.1 2000   0.0  0    0.5280148000 2452500.38700 0.5
V740  Her 14.100 - 14.70 EW /KE                PRI                 
17 32 58.3 +44 10 46.9 2000   0.0  0    0.9904126600 2452500.45480 0.5
V742  Her 13.800 - 14.50 EW/KE                 ALL                 
17 37 43.9 +44  8 49.9 2000   0.0  0    0.5776517000 2452500.24630 0.5
V747  Her 14.400 - 15.00 E                     ALL                 
16 54 51.3 +43 20 35.7 2000   0.0  0    0.8989622000 2452500.25000 0.5
V772  Her  6.900 -  0.10 E          G2V        PRI                 
18  5 49.7 +21 26 45.2 2000   0.0  0    0.8795066000 2452500.09400 0.5
V789  Her 14.900 - 15.60 EW/KW                 ALL                 
17  5 41.4 +42 30 44.4 2000   0.0  0    0.3200484000 2452500.29400 0.5
V792  Her  8.500 -  0.33 EA/GS/RS              pri                 
17 10 25.6 +48 57 56.3 2000   0.0  0   27.5370840000 2452512.04980 0.5
V811  Her 14.000 - 15.40 EA/SD                 PRI                 
17 30 59.4 +43 24 49.5 2000   0.0  0    0.9119500000 2452500.45000 0.5
V819  Her  5.510 -  0.12 EA/D+BY               ALL                 
17 21 43.6 +39 58 28.7 2000   0.0  0    2.2296830000 2452501.87000 0.5
V822  Her  6.120 -  6.30 EB/KE                 ALL                 
18 52  1.9 +13 57 56.3 2000   0.0  0    1.3911322000 2452500.20600 0.5
V829  Her 10.100 -  0.29 EW/KW                 ALL                 
16 55 47.9 +35 10 57.6 2000   0.0  0    0.3581574000 2452500.13900 0.5
V836  Her 10.700 - 11.40 EA                    ALL                 
18 11 32.8 +23 55 12.7 2000   0.0  0    8.4678000000 2452500.63000 0.5
V842  Her  9.850 - 10.45 EW                    ALL                 
16  6  2.2 +50 11 13.1 2000   0.0  0    0.4190356000 2452500.20000 0.5
V848  Her 14.900 - 16.30 EB                    ALL                 
16 31 37.2 +34 32 22.8 2000   0.0  0    0.7350362000 2452500.34700 0.5
V856  Her 12.800 - 13.80 EA                    ALL                 
16 44  3.8 +39 23 33.0 2000   0.0  0    1.2233150000 2452501.03700 0.5
V857  Her 10.000 -  0.29 EW                    ALL                 
16 46 53.6 +38 38 58.3 2000   0.0  0    0.3822303800 2452500.28320 0.5
V861  Her 13.800 - 14.20 EW                    ALL                 
16 51 12.8 +41 17 57.8 2000   0.0  0    0.3446297000 2452500.34300 0.5
V865  Her 13.000 - 14.10 EA                    ALL                 
16 59 36.7 +41 57 24.8 2000   0.0  0    5.0952000000 2452504.65000 0.5
V878  Her  9.370 -  9.87 EB                    PRI                 
17 24 25.3 +49 38 37.3 2000   0.0  0    0.5294730000 2452500.20000 0.5
V883  Her 13.130 - 13.35 EW                    ALL                 
17 50 46.5 +28  0 49.8 2000   0.0  0    0.6950130000 2452500.47200 0.5
V899  Her  7.930 -  8.07 EW                    ALL                 
16 35  2.0 +33 12 47.8 2000   0.0  0    0.4211674000 2452500.43000 0.5
V921  Her  9.450 -  9.80 EB                    ALL                 
16 49 31.2 +47  6 28.8 2000   0.0  0    0.8773822000 2452500.09100 0.5
V948  Her  9.020 -  9.31 EA                    ALL                 
17 22 57.7 +29 20 42.5 2000   0.0  0    1.2752060000 2452500.16200 0.5
V994  Her  6.930 -  7.24 EA                    PRI                 
18 27 45.9 +24 41 50.7 2000   0.0  0    2.0832660000 2452500.99500 0.5
V994  Her  6.930 -  7.24 EA                    SEC                 
18 27 45.9 +24 41 50.7 2000   0.0  0    2.0832630000 2452502.07500 0.5
V1003 Her  9.810 -  9.90 DSCTC                 ALL                 
18 53 17.5 +21 13 32.8 2000   0.0  0    0.4933206000 2452500.03200 0.5
V1005 Her 14.110 - 14.68 EW                    ALL                 
16 31 54.4 +50 21 10.5 2000   0.0  0    0.2789625200 2452500.19560 0.5
V1011 Her 10.400 - 11.60 EA                    ALL                 
18 29 31.5 +22 34 24.4 2000   0.0  0    7.6635532000 2452501.28490 0.5
V1023 Her 11.970 -  0.21 EW                    ALL                 
15 58 25.3 +49 26 51.0 2000   0.0  0    0.3222335700 2452500.06450 0.5
V1024 Her 12.500 - 13.20 EA                    ALL                 
16 10  5.1 +25 36 54.9 2000   0.0  0    0.5308267200 2452500.48860 0.5
V1031 Her 12.100 - 12.50 EA                    ALL                 
16 45  8.5 +20 37  0.3 2000   0.0  0    1.4367607000 2452501.33600 0.5
V1032 Her 13.400 - 13.70 EB                    ALL                 
16 47 55.2 +35 17 56.1 2000   0.0  0    0.6851909000 2452500.06500 0.5
V1033 Her 11.800 - 12.40 EW                    ALL                 
16 50 39.9 +27 44 23.1 2000   0.0  0    0.2980516700 2452500.20460 0.5
V1034 Her 12.880 - 13.98 EA/RS                 ALL                 
16 52 41.8 +12 49  5.0 2000   0.0  0    0.8152911100 2452500.60980 0.5
V1035 Her 10.900 - 11.40 EA                    ALL                 
16 52 52.8 +38 39 28.5 2000   0.0  0    0.9712056000 2452500.06730 0.5
V1036 Her 11.600 - 12.10 EW                    ALL                 
16 55 51.9 +24 53 36.1 2000   0.0  0    0.3916788000 2452500.28700 0.5
V1037 Her 12.000 - 12.30 EA                    ALL                 
16 56 57.0 +29 19  6.4 2000   0.0  0    0.7875766700 2452500.58900 0.5
V1038 Her 11.800 - 12.40 EW                    ALL                 
16 58 19.8 +33 40 21.5 2000   0.0  0    0.2681803000 2452500.26500 0.5
V1039 Her 12.400 - 13.00 EA/RS                 ALL                 
16 59 24.0 +15 12 28.2 2000   0.0  0    0.5077611000 2452500.13680 0.5
V1041 Her 11.600 - 12.10 EA                    ALL                 
17  1  1.2 +49 23 16.5 2000   0.0  0    1.1141160000 2452500.30600 0.5
V1042 Her 11.940 - 13.09 EB                    ALL                 
17  2 50.5 +21 40  0.2 2000   0.0  0    0.5111519000 2452500.18060 0.5
V1043 Her 13.300 - 14.00 EA                    ALL                 
17  6 10.6 +49 55 23.7 2000   0.0  0    0.4100971000 2452500.05270 0.5
V1044 Her 12.500 - 13.30 EW                    ALL                 
17 10 18.0 +38 26 41.6 2000   0.0  0    0.2406411000 2452500.09400 0.5
V1045 Her 10.900 - 11.40 EB                    ALL                 
17 10 59.9 +46 17 20.2 2000   0.0  0    0.5102823000 2452500.17500 0.5
V1046 Her 12.500 - 12.95 EA                    ALL                 
17 11 30.3 +23 14 12.0 2000   0.0  0    4.1511500000 2452502.26100 0.5
V1047 Her 12.260 - 12.78 EW                    ALL                 
17 12 39.5 +33  7 59.6 2000   0.0  0    0.3207370000 2452500.25700 0.5
V1049 Her 10.800 - 11.20 EB                    ALL                 
17 16 42.0 +21 23  5.9 2000   0.0  0    0.7273250000 2452500.48500 0.5
V1050 Her 12.400 - 12.90 EA                    ALL                 
17 16 50.0 +38 21 58.7 2000   0.0  0    1.4726060000 2452500.57200 0.5
V1051 Her 12.500 - 12.80 EB                    ALL                 
17 17 27.8 +27 13  0.1 2000   0.0  0    0.5583294200 2452500.13550 0.5
V1052 Her 12.200 - 12.65 EW                    ALL                 
17 18 24.8 +22 28 51.4 2000   0.0  0    0.3708292000 2452500.13350 0.5
V1053 Her 13.000 - 13.85 EW                    ALL                 
17 18 40.0 +35 54 25.2 2000   0.0  0    0.2877959300 2452500.17860 0.5
V1054 Her 11.900 - 12.30 EB                    PRI                 
17 20  7.8 +13 39 57.7 2000   0.0  0    0.6482078000 2452500.47300 0.5
V1055 Her 11.110 - 11.55 EW                    ALL                 
17 20 23.9 +41 15 12.8 2000   0.0  0    0.3154070000 2452500.18500 0.5
V1057 Her 11.800 - 12.20 EA                    ALL                 
17 23  3.6 +17 57  0.6 2000   0.0  0    0.9435206000 2452500.76400 0.5
V1058 Her 12.600 - 13.80 EA                    ALL                 
17 26  2.1 +30 47 13.0 2000   0.0  0   11.0694000000 2452500.41000 0.5
V1060 Her 12.100 - 12.80 EA                    PRI                 
17 27 41.3 +27 45  3.5 2000   0.0  0    1.5750219000 2452501.44190 0.5
V1062 Her 13.150 - 13.74 EW                    ALL                 
17 34 54.3 +44 11 53.1 2000   0.0  0    0.2514363000 2452500.02000 0.5
V1064 Her 11.300 - 11.60 EW                    ALL                 
17 39 20.6 +35 42 10.5 2000   0.0  0    0.3431565000 2452500.40800 0.5
V1065 Her 11.500 - 12.10 EW                    ALL                 
17 41  3.4 +27 34 34.4 2000   0.0  0    0.3978247600 2452500.19140 0.5
V1066 Her 11.800 - 12.30 EB                    PRI                 
17 41 51.0 +47 51  3.9 2000   0.0  0    0.2698106000 2452500.43700 0.5
V1067 Her 12.580 - 13.21 EW                    ALL                 
17 43 10.9 +43 27  8.9 2000   0.0  0    0.2581082000 2452500.10200 0.5
V1068 Her 12.400 - 13.00 EW                    ALL                 
17 43 23.1 +47 51 41.4 2000   0.0  0    0.3943048000 2452500.16200 0.5
V1069 Her 12.300 - 13.00 EB                    ALL                 
17 47 43.9 +46 32 31.7 2000   0.0  0    0.4866161800 2452500.18190 0.5
V1071 Her 11.300 - 11.75 EB                    ALL                 
17 58 52.8 +48 10 24.4 2000   0.0  0    0.5377678000 2452500.30400 0.5
V1072 Her 12.700 - 13.20 EA                    ALL                 
17 59  9.6 +49 36  6.2 2000   0.0  0    0.5880317000 2452500.36300 0.5
V1073 Her 11.000 - 11.69 EW                    ALL                 
18  8 35.8 +33 42  4.9 2000   0.0  0    0.2942823000 2452500.15500 0.5
V1088 Her 13.700 - 14.20 EW                    ALL                 
16 56 31.1 +32 20 55.0 2000   0.0  0    0.3592297000 2452500.23600 0.5
V1091 Her 12.040 - 12.28 EW                    ALL                 
17  7 24.5 +36 15 25.7 2000   0.0  0    0.3935585000 2452500.37700 0.5
V1092 Her 11.930 -  0.50 EW                    ALL                 
17 16 39.9 +29 34  4.5 2000   0.0  0    0.3845316200 2452500.36020 0.5
V1094 Her 12.560 - 13.15 EW                    ALL                 
17 26 31.3 +35  1 15.2 2000   0.0  0    0.3921133000 2452500.34300 0.5
V1095 Her 11.900 - 12.44 EW                    ALL                 
17 28  3.3 +43 41 23.6 2000   0.0  0    0.4153781000 2452500.30800 0.5
V1096 Her 13.010 - 13.39 EW                    ALL                 
17 28 45.0 +43 48 13.1 2000   0.0  0    0.2414167600 2452500.12520 0.5
V1097 Her 10.760 - 11.30 EW                    ALL                 
17 33 28.0 +26 55 47.9 2000   0.0  0    0.3608500000 2452500.18900 0.5
V1098 Her 12.440 -  0.38 EW                    ALL                 
17 39 37.2 +50 12  2.6 2000   0.0  0    0.3522700000 2452500.07000 0.5
V1100 Her 10.920 -  0.34 EW                    ALL                 
17 44 10.6 +40 16 51.1 2000   0.0  0    0.3469284000 2452500.32200 0.5
V1101 Her 11.920 - 12.52 EW                    ALL                 
18  7 33.3 +46 54 35.2 2000   0.0  0    0.3826650000 2452500.01400 0.5
V1102 Her 13.600 - 14.41 EW                    ALL                 
18  8  1.2 +50 24 52.5 2000   0.0  0    0.3090056100 2452500.22900 0.5
V1103 Her 11.910 - 12.43 EW                    ALL                 
18  8 18.6 +34 34 36.3 2000   0.0  0    0.2913513000 2452500.16600 0.5
V1104 Her 13.230 - 14.19 EW                    ALL                 
18  9 47.8 +49  2 55.1 2000   0.0  0    0.2278755900 2452500.23100 0.5
V1105 Her 12.600 - 13.00 EW                    ALL                 
18 11 23.5 +30 36 39.0 2000   0.0  0    0.3217356700 2452500.19620 0.5
V1106 Her 12.600 - 12.90 EW                    ALL                 
18 13 24.4 +25 50 11.6 2000   0.0  0    0.2546001200 2452500.15900 0.5
V1119 Her 10.050 - 10.54 EB         G0         ALL                 
16 40 22.4 +06  7 29.7 2000   0.0  0    0.7234096000 2452500.57500 0.5
V1133 Her 12.650 - 14.10 EA                    ALL                 
17 54 43.9 +15 53 16.5 2000   0.2  0    2.4674970000 2452501.69100 0.5
V1135 Her 12.550 - 13.05 EA+CWB                PRI                 
18 32 13.0 +12 17  4.3 2000   0.0  0   39.9980000000 2452526.71000 0.5
V1167 Her  9.720 - 10.04 EW         G5         ALL                 
16 20  3.2 +07  7 28.7 2000   0.0  0    0.2752797500 2452500.15400 0.5
V1179 Her 11.450 - 11.85 EW                    ALL                 
16 27 44.9 +11  3 38.0 2000   0.0  0    0.3855009000 2452500.18100 0.5
V1181 Her 11.190 - 11.60 EW                    ALL                 
16 28 17.3 +37 11 24.2 2000   0.0  0    0.3370425000 2452500.34700 0.5
V1187 Her 11.100 -  0.17 EW                    ALL                 
16 29 19.9 +35 40  2.9 2000   0.0  0    0.3107650000 2452500.31000 0.5
V1197 Her 12.750 - 13.46 EW                    ALL                 
16 33 22.9 +28 18 19.5 2000   0.0  0    0.2626784000 2452500.15100 0.5
V1198 Her 10.770 - 11.05 EW                    ALL                 
16 34 20.9 +42 44 33.4 2000   0.0  0    0.3636316000 2452500.17400 0.5
V1238 Her  9.800 - 10.40 EW         G0         ALL                 
17  1 21.9 +42  9 49.9 2000   0.0  0    0.3701519100 2452500.03510 0.5
V1256 Her 12.600 - 13.50 EW                    ALL                 
17 20 21.5 +16 30 53.3 2000   0.0  0    0.3182767000 2452500.07500 0.5
V1261 Her 12.700 - 13.30 EW                    ALL                 
17 23 47.4 +20 54 42.9 2000   0.0  0    0.3976933000 2452500.36510 0.5
V1282 Her 12.800 - 13.65 EW                    ALL                 
17 38 34.2 +45 27 18.7 2000   0.0  0    0.2783490100 2452500.06110 0.5
V1284 Her 12.520 - 13.61 EW                    ALL                 
17 39 25.4 +36 46 59.4 2000   0.0  0    0.3371457400 2452500.17850 0.5
V1286 Her 12.270 - 12.91 EW                    ALL                 
17 41 43.8 +34 12  8.5 2000   0.0  0    0.3347106000 2452500.00890 0.5
V1289 Her 10.880 - 11.59 EW                    ALL                 
17 43 57.2 +34 18  3.3 2000   0.0  0    0.3400917300 2452500.30990 0.5
V1295 Her 11.840 - 12.18 EW                    ALL                 
17 47 37.0 +45  2 14.9 2000   0.0  0    0.3492363000 2452500.32600 0.5
V1298 Her  9.750 - 10.08 EA         F8         ALL                 
17 49 51.7 +23 28  7.3 2000   0.2  0    2.1447000000 2452501.87300 0.5
V1300 Her 12.620 - 12.93 EW                    PRI                 
17 51 23.4 +37 43  5.5 2000   0.0  0    0.2963337300 2452500.29450 0.5
V1302 Her 12.000 - 13.00 EW                    ALL                 
17 52 39.1 +43 49 29.4 2000   0.0  0    0.3162902000 2452500.37600 0.5
V1306 Her 11.300 - 11.97 EW                    ALL                 
17 53  8.1 +42 34 38.5 2000   0.0  0    0.3703662100 2452500.08000 0.5
V1309 Her 12.300 - 12.75 EW                    ALL                 
17 55 35.8 +43 48 20.3 2000   0.0  0    0.3698861300 2452500.10510 0.5
V1315 Her 12.850 - 13.20 EW                    ALL                 
18  0 25.6 +40 11  4.1 2000   0.0  0    0.3583610000 2452500.27190 0.5
V1321 Her 10.680 - 10.94 EW                    ALL                 
18  2 13.9 +47  1 12.3 2000   0.0  0    0.2943720000 2452500.22000 0.5
V1327 Her 12.740 - 13.15 EW                    ALL                 
18  6 15.7 +28  1  7.8 2000   0.0  0    0.6600655000 2452500.06700 0.5
V1333 Her 13.270 - 13.82 EW                    ALL                 
18 10 58.2 +49 10 52.7 2000   0.0  0    0.3175941000 2452500.02420 0.5
V1344 Her 11.470 - 12.06 EA         G0         PRI                 
18 27 18.5 +19  8 33.2 2000   0.6  0    7.1461000000 2452500.33000 0.5
V1344 Her 11.470 - 12.06 EA         G0         SEC                 
18 27 18.5 +19  8 33.2 2000   0.6  0    7.1460990000 2452504.21400 0.5
V1355 Her 11.650 - 11.90 EW                    ALL                 
18 38 49.8 +24 44 15.5 2000   0.0  0    0.2892711000 2452500.16900 0.5
V1367 Her 11.400 - 12.00 EA         A5         ALL                 
16 14  4.2 +10 57 34.6 2000   0.1  0    1.2324946000 2452500.34200 0.5
V1435 Her 13.500 - 13.90 EW                    ALL                 
17 52 12.0 +37 39  6.9 2000   0.0  0    0.3211823700 2452502.08640 0.5
u.    Her  4.690 -  5.37 EA/SD      B1.5Vp+B5I ALL                 
17 17 19.6 +33  6  0.4 2000   0.6  0    2.0510254000 2452501.14030 0.5
SY    Hor 11.400 - 12.10 EW/KW                 ALL                 
 4 14 18.4 -46 26 57.1 2000   0.0  0    0.3116401200 2452500.00100 0.5
SZ    Hor 10.400 - 10.80 EW/KW                 ALL                 
 3  7  1.2 -56  8  4.5 2000   0.0  0    0.6251000000 2452500.18800 0.5
TT    Hor  9.800 - 10.50 EA                    ALL                 
 3 27  4.4 -45 52 56.6 2000   0.4  0    2.6082150000 2452500.81500 0.5
RX    Hya  8.900 - 11.60 EA/SD      A8         ALL                 
 9  5 41.2 -08 15 39.8 2000   0.3  0    2.2817036000 2452501.25110 0.5
SX    Hya  8.600 - 12.60 EA/SD      A3+K5      ALL                 
13 44 37.4 -26 46 48.4 2000   0.3  0    2.8957140000 2452501.66600 0.5
SY    Hya 10.700 - 13.60 EA/SD      A          PRI                 
 8 29 51.7 -09 23 57.5 2000   0.0  0    3.4028800000 2452501.08600 0.5
TT    Hya  7.250 -  9.02 EA/SD      A5IIIe+G5I PRI                 
11 13 12.5 -26 27 54.2 2000   0.8  0    6.9535170000 2452505.69790 0.5
TY    Hya 10.500 - 13.50 EA/SD      A0         PRI                 
 9 29  2.4 +05 34 28.3 2000   0.5  0    4.6609780000 2452502.83100 0.5
UW    Hya 13.300 - 14.00 EA                    ALL                 
 8 42  3.7 +02 37 52.6 2000   0.2  0    2.1108790000 2452500.14100 0.5
UY    Hya 13.300 - 13.80 EW                    ALL                 
 9  0 28.5 +02 34 51.2 2000   0.0  0    0.7274994000 2452500.50000 0.5
VW    Hya 10.500 - 14.10 EA/SD      A0         PRI                 
 8 33 51.0 -14 39 53.9 2000   0.3  0    2.6964714000 2452501.42330 0.5
VY    Hya  9.000 - 11.30 EA/SD      A3         PRI                 
10 20 16.0 -23  9  5.1 2000   0.2  0    2.0011799000 2452500.81800 0.5
VZ    Hya  8.960 -  9.68 EA/DM      F5V+F5V    ALL                 
 8 31 41.4 -06 19  7.6 2000   0.2  0    2.9043007000 2452502.29650 0.5
WY    Hya 10.400 - 11.20 EW/KE      A6+A6      ALL                 
 8 14 10.9 +00 29 43.6 2000   0.0  0    0.7160095000 2452500.37520 0.5
XZ    Hya 14.700 - 15.60 EB                    pri                 
 9 25 23.7 -22 10 15.5 2000   0.0  0    0.6262820000 2452500.06000 0.5
AE    Hya 13.900 - 14.80 EW/KW                 ALL                 
 9 45  4.9 -23  2 37.6 2000   0.0  0    0.3928898000 2452500.31400 0.5
AF    Hya 12.800 - 13.80 EW                    all                 
 9 48  3.3 -23 12  8.8 2000   0.0  0    0.5761701200 2452500.43090 0.5
AI    Hya  9.350 -  9.94 EA+DSCTC   F0+F5      SEC                 
 8 18 47.5 +00 17  0.6 2000   0.8  0    8.2896854000 2452506.61120 0.5
AI    Hya  9.350 -  9.94 EA+DSCTC   F0+F5      PRI                 
 8 18 47.5 +00 17  0.6 2000   0.8  0    8.2896490000 2452502.93000 0.5
AL    Hya 11.000 - 13.00 E/SD       A7         PRI                 
 9 14 46.2 +02 48 16.8 2000   0.0  0    4.0264020000 2452501.81300 0.5
AS    Hya 10.500 - 12.00 EA                    PRI                 
 9 30 46.8 -18 56 14.1 2000   0.0  0    1.0635959000 2452500.85200 0.5
AV    Hya 10.200 - 10.77 EB/KE      A1         PRI                 
 9 35  2.5 +05 19 24.0 2000   0.0  0    0.6834028000 2452500.29200 0.5
CQ    Hya 13.500 - 14.00 EA/KE                 ALL                 
 8 37 45.2 +02 21 23.8 2000   0.1  0    1.1029292000 2452500.12130 0.5
CU    Hya 13.500 - 14.50 EA                    PRI                 
 8 54 20.5 +03 42 23.0 2000   0.1  0    0.7190719000 2452500.53200 0.5
DE    Hya 11.000 - 14.00 EA/SD      A2         PRI                 
 8 27 47.5 +05 38 58.8 2000   0.4  0    4.2276309000 2452503.19060 0.5
DF    Hya 11.000 - 11.50 EW/KW      G0         ALL                 
 8 55  2.2 +06  5 37.7 2000   0.0  0    0.3306075000 2452500.09900 0.5
DI    Hya 11.000 - 12.00 EA         A6         ALL                 
 9  6 51.3 -12 31 36.8 2000   0.2  0    0.6147110000 2452500.07240 0.5
DK    Hya 10.500 - 11.50 EB                    PRI                 
 9 44 53.0 -20 54 12.7 2000   0.0  0    0.5219197000 2452500.30600 0.5
DM    Hya 11.900 - 12.60 EA/SD                 ALL                 
 9 54 13.6 -23 25 53.1 2000   0.2  0    0.7878262000 2452500.07900 0.5
EU    Hya 10.100 - 10.80 EA/DW      F2         PRI                 
 8 42  3.6 -06 43 49.4 2000   0.1  0    0.7782081000 2452500.58400 0.5
EX    Hya  9.600 - 13.99 UGSU+E     pec UG     PRI                 
12 52 24.2 -29 14 56.0 2000   0.0  0    0.0682338400 2452500.06710 0.5
EZ    Hya 10.400 - 10.70 EW/KW      F9         ALL                 
 9 26 41.1 -13 45  6.4 2000   0.0  0    0.4497474300 2452500.30710 0.5
FG    Hya  9.900 - 10.28 EW/KW      G0         ALL                 
 8 27  3.9 +03 30 52.3 2000   0.0  0    0.3278364800 2452500.10220 0.5
FO    Hya  9.500 - 10.00 EA/KE                 ALL                 
 9 59 43.3 -19  7 56.1 2000   0.0  0    0.4695566100 2452500.21690 0.5
FW    Hya 12.200 - 12.50 EB                    ALL                 
11  4 19.8 -33 26 46.7 2000   0.0  0    0.4061335000 2452500.25510 0.5
GK    Hya  9.350 -  9.91 EA/DM/RS   G4V        PRI                 
 8 30 49.3 +02 16 26.6 2000   0.4  0    3.5870440000 2452503.58000 0.5
GM    Hya 11.000 - 11.70 EA/DM      G2         PRI                 
 8 43 48.2 +05 51  0.5 2000   0.7  0   12.1850800000 2452506.91000 0.5
GN    Hya 13.200 - 13.80 EA                    ALL                 
 8 48 18.5 +02  7 15.6 2000   0.2  0    2.2495359000 2452501.48500 0.5
HS    Hya  8.070 -  8.61 EA/D       F3+F4      ALL                 
10 24 36.8 -19  5 33.0 2000   0.2  0    1.5680413000 2452501.41600 0.5
HU    Hya  9.400 -  9.90 EA/DM      A2         ALL                 
 8 11  0.9 -10 36 34.2 2000   0.0  0    2.5164099000 2452501.25810 0.5
IM    Hya 11.900 - 12.90 EA/SD                 ALL                 
12  9 51.5 -32 27 57.4 2000   0.0  0    1.7820400000 2452500.46800 0.5
KT    Hya 12.700 - 13.80 EA                    PRI                 
 8 30 37.8 +03 18 12.7 2000   0.4  0    3.3870130000 2452500.54000 0.5
KW    Hya  6.110 -  6.58 EA/DM      A3mIII +A0 PRI                 
 9 12 26.0 -07  6 35.4 2000   0.0  0    7.7504736000 2452500.89270 0.5
KW    Hya  6.110 -  6.58 EA/DM      A3mIII +A0 SEC                 
 9 12 26.0 -07  6 35.4 2000   0.0  0    7.7504811000 2452504.44520 0.5
KY    Hya  9.500 - 11.00 EA                    ALL                 
 9 22 43.6 -18 10 39.9 2000   0.0  0    3.0724740000 2452501.83600 0.5
NY    Hya  8.650 -  9.02 EA                    all                 
 9 21 22.8 -06 40 19.5 2000   0.0  0    4.7740500000 2452502.28300 0.5
OZ    Hya  9.500 -  9.75 EA                    PRI                 
10  2 11.6 -19 46  0.5 2000   0.0  0    2.0487650000 2452500.25400 0.5
PX    Hya  8.470 -  8.57 E                     PRI                 
10 33 30.7 -20 10 52.4 2000   0.0  0   36.1554190000 2452511.60220 0.5
QR    Hya  8.510 -  8.69 E                     PRI                 
10 56 31.1 -34 33 50.1 2000   0.0  0    2.5029370000 2452502.35270 0.5
QY    Hya  9.070 -  9.36 EB                    ALL                 
12  9 20.8 -27 58 56.0 2000   0.0  0    0.2923407000 2452500.05000 0.5
V340  Hya  8.240 -  8.53 EA                    PRI                 
12 40 19.2 -29 36 54.4 2000   0.0  0    3.6474117000 2452500.42050 0.5
V353  Hya  7.510 -  7.65 EA                    ALL                 
14 10 12.3 -25 24  2.4 2000   0.0  0    7.5650587000 2452504.45690 0.5
V358  Hya  9.530 -  0.51 EA                    PRI                 
 9 35  1.8 +04 45 22.1 2000   0.0  0    3.0096110000 2452501.89800 0.5
V390  Hya 11.860 - 13.77 EA                    PRI                 
 8 13 40.6 -01 12 21.7 2000   0.0  0    1.0796959000 2452500.43100 0.5
V409  Hya 11.000 - 11.60 EW                    ALL                 
 9 10  9.6 +03 44 34.5 2000   0.0  0    0.4722782000 2452500.37200 0.5
V410  Hya 10.480 - 11.11 EA         A3         PRI                 
 9 12 44.4 -14 41 17.0 2000   0.0  0    3.1505810000 2452502.80010 0.5
V434  Hya 12.600 - 13.10 EA                    PRI                 
 9 51 16.1 -26 36 33.8 2000   0.3  0    5.9199352000 2452504.96260 0.5
V434  Hya 12.600 - 13.10 EA                    SEC                 
 9 51 16.1 -26 36 33.8 2000   0.3  0    5.9199430000 2452508.15230 0.5
V470  Hya 13.300 - 13.65 EW                    ALL                 
 8 14  1.1 +00 22 55.6 2000   0.0  0    0.3953946200 2452500.36900 0.5
V474  Hya 11.800 - 12.60 EB                    ALL                 
 8 18 43.5 +00 28 51.0 2000   0.0  0    0.5283024300 2452500.28090 0.5
V476  Hya 12.650 - 13.20 EW                    ALL                 
 8 20 59.8 +00 31  1.6 2000   0.0  0    0.4145871100 2452500.26880 0.5
V514  Hya 13.800 - 14.50 EW                    PRI                 
 9  1 38.2 -02 11 58.0 2000   0.0  0    0.3744031100 2452500.27060 0.5
V589  Hya 13.700 - 13.94 EW                    ALL                 
 9 38  4.9 +04 47 59.5 2000   0.0  0    0.3216623000 2452500.19190 0.5
Y     Hyi 10.400 - 14.00 EA/SD      A6V        ALL                 
 0 45 50.7 -78 49 16.9 2000   0.0  0    3.5358940000 2452502.99000 0.5
RT    Hyi 13.200 - 14.10 EW/KW                 ALL                 
 1 11 12.6 -79 10 38.5 2000   0.0  0    0.2840360000 2452500.03800 0.5
RV    Hyi 11.800 - 12.80 EA                    PRI                 
 1 20 52.3 -80 19  0.7 2000   0.0  0    7.1950444000 2452501.99980 0.5
AA    Hyi 12.000 - 12.60 EA/KE                 PRI                 
 0 39  2.4 -76 58  7.5 2000   0.2  0    1.1502824000 2452500.82800 0.5
CN    Hyi  6.680 -  6.93 EW                    ALL                 
 2 45 37.0 -71 14  9.4 2000   0.0  0    0.4559999300 2452500.35340 0.5
RS    Ind  9.900 - 10.20 EA/DW      F4         ALL                 
21 36 49.7 -70 20  0.8 2000   0.1  0    0.6240500000 2452500.29900 0.5
RY    Ind 10.830 - 11.45 EB/KE      A5         ALL                 
20 58  2.1 -46  4  0.4 2000   0.0  0    0.7121143000 2452500.26900 0.5
SU    Ind  9.300 -  9.70 EB/DW      F5/6V      ALL                 
20 54 41.2 -45 43 50.5 2000   0.0  0    0.9863568000 2452500.27650 0.5
BG    Ind  6.110 -  6.36 EA                    ALL                 
21 58 30.1 -59  0 43.7 2000   0.0  0    1.4640628000 2452500.61900 0.5
BO    Ind  8.410 -  8.61 EW                    ALL                 
20 44 16.5 -53 50 40.3 2000   0.0  0    0.4050198300 2452500.06080 0.5
BR    Ind  7.080 -  7.22 EA                    ALL                 
21 11 22.8 -52 20 21.3 2000   0.0  0    1.7855615000 2452500.13400 0.5
CH    Ind  7.500 -  8.18 EA         A9V        PRI                 
21 29 42.6 -50 20 31.8 2000   0.4  0    5.9525770000 2452503.66000 0.5
CR    Ind 12.050 - 12.70 EW                    ALL                 
21 33 45.1 -67 33 48.9 2000   0.0  0    0.3908129900 2452500.09360 0.5
DD    Ind 12.100 - 12.88 EW                    ALL                 
21 24 47.1 -47 10 50.5 2000   0.0  0    0.3627459000 2452500.00520 0.5
RT    Lac  8.840 -  9.89 EB/AR/RS   G9IV+K1IV  ALL                 
22  1 30.7 +43 53 25.6 2000   0.0  0    5.0737070000 2452504.48800 0.5
RW    Lac 10.400 - 11.00 EA/DM      F2         PRI                 
22 44 57.1 +49 39 27.5 2000   0.4  0   10.3692140000 2452502.55220 0.5
RW    Lac 10.400 - 11.00 EA/DM      F2         SEC                 
22 44 57.1 +49 39 27.5 2000   0.4  0   10.3692140000 2452507.66410 0.5
SW    Lac  8.510 -  9.39 EW/KW      G8Vp+G8Vp  ALL                 
22 53 41.7 +37 56 18.6 2000   0.0  0    0.3207254000 2452500.07300 0.5
TW    Lac 11.500 - 13.30 EA/SD      A2         PRI                 
22 30 26.3 +54 37  6.4 2000   0.5  0    3.0375179000 2452502.32740 0.5
TZ    Lac 13.900 - 15.80 EA/SD                 PRI                 
22 14 12.3 +49 56 18.0 2000   0.3  0    2.8751450000 2452500.33800 0.5
UW    Lac 11.400 - 12.50 EA/SD      A          PRI                 
22 20 39.8 +42 24 28.8 2000   0.6  0    5.2902380000 2452503.20800 0.5
UY    Lac 12.300 - 13.70 EA/DS                 PRI                 
22 25 51.8 +46 11 27.6 2000   1.0  0   11.4491200000 2452509.73000 0.5
VV    Lac 13.900 - 15.50 EA/SD                 PRI                 
22 29 54.8 +52 28 55.5 2000   0.0  0    3.4542248000 2452502.70460 0.5
VX    Lac 10.900 - 13.00 EA/SD      F0         PRI                 
22 41  0.6 +38 19 20.0 2000   0.2  0    1.0744978000 2452500.62400 0.5
VY    Lac 10.200 - 11.00 EB/KE      A2         ALL                 
22 49 59.1 +45  0 16.0 2000   0.0  0    1.0362439100 2452500.44770 0.5
ZZ    Lac 13.600 - 15.80 E                     ALL                 
22 22 23.2 +51 33  4.2 2000   0.3  0    2.8896480000 2452500.93800 0.5
AG    Lac 13.600 - 15.00 EB/SD                 ALL                 
22 27 18.7 +52 23  4.5 2000   0.0  0    0.7521679000 2452500.07100 0.5
AI    Lac 13.700 - 15.10 EA                    PRI                 
22 33 52.9 +50 39 31.9 2000   0.0  0    2.8082310000 2452501.18100 0.5
AR    Lac  6.080 -  6.77 EA/AR/RS   G2IV-V+K0I ALL                 
22  8 40.8 +45 44 32.1 2000   0.3  0    1.9832160000 2452501.16000 0.5
AU    Lac 12.000 - 13.20 EA/SD      A          PRI                 
22 15 17.1 +48 43 16.9 2000   0.3  0    1.3924354000 2452500.45410 0.5
AW    Lac 10.600 - 11.30 EB/KE      A0         ALL                 
22 17 57.9 +54 28  2.3 2000   0.0  0    1.1428640000 2452500.77110 0.5
BB    Lac 13.000 - 14.60 EA/SD      A0         PRI                 
22 28 38.4 +47 58 13.3 2000   0.4  0    3.8658060000 2452501.98200 0.5
BP    Lac 15.000 - 16.20 EA                    PRI                 
22 15 28.6 +44 45 19.8 2000   0.2  0    2.0456770000 2452500.03000 0.5
BS    Lac 13.500 - 16.20 EA/SD                 PRI                 
22 19 37.3 +44 17  3.1 2000   0.3  0    2.8142310000 2452500.77800 0.5
CF    Lac 13.500 - 14.90 EA/SD                 PRI                 
22 44  6.8 +47 30 34.9 2000   0.6  0    4.7076706000 2452502.71800 0.5
CG    Lac 13.900 - 15.00 EA/SD                 ALL                 
22 44 57.1 +49  6 38.4 2000   0.1  0    0.8193883000 2452500.49920 0.5
CM    Lac  8.180 -  9.15 EA/DM      A2V+A8V    PRI                 
22  0  4.4 +44 33  7.7 2000   0.2  0    1.6046915000 2452500.79150 0.5
CN    Lac 12.400 - 12.90 EB/DW      G3         ALL                 
22  6  8.5 +46 18 35.4 2000   0.0  0    0.6373541000 2452500.45900 0.5
CO    Lac 10.280 - 10.89 EA/DM      B8.5IV+B9. SEC                 
22 46 30.0 +56 49 31.6 2000   0.2  0    1.5421992000 2452501.65670 0.5
CO    Lac 10.280 - 10.89 EA/DM      B8.5IV+B9. PRI                 
22 46 30.0 +56 49 31.6 2000   0.2  0    1.5422146000 2452500.85400 0.5
CS    Lac  9.300 -  9.70 EB/DM      B5V        ALL                 
21 59 42.7 +42 34 15.7 2000   0.0  0    3.7977800000 2452502.65000 0.5
CY    Lac 11.500 - 11.80 EA/DM      B5         PRI                 
22 13  8.7 +54 33 34.3 2000   0.4  0    8.3605940000 2452501.47100 0.5
CY    Lac 11.500 - 11.80 EA/DM      B5         SEC                 
22 13  8.7 +54 33 34.3 2000   0.4  0    8.3605230000 2452506.83400 0.5
DG    Lac 10.800 - 12.00 EA/SD      A5         ALL                 
22 28 49.9 +53 46 15.9 2000   0.4  0    2.2065290000 2452501.23600 0.5
EK    Lac 11.200 - 11.70 EA/KE      A1         PRI                 
22  4 49.8 +49 40 11.2 2000   0.2  0    1.5373164000 2452500.35640 0.5
EL    Lac 12.400 - 16.00 EA/SD                 PRI                 
22  8 53.7 +42 16 21.3 2000   0.3  0    2.8067890000 2452501.23800 0.5
EM    Lac 12.500 - 13.09 EW/KW      F          ALL                 
22 23 54.8 +54  1  9.6 2000   0.0  0    0.3891407500 2452500.29400 0.5
EO    Lac 12.700 - 14.60 EA/SD      A0         ALL                 
22 25 12.2 +55 12 30.7 2000   0.8  0    4.5753510000 2452503.71400 0.5
EP    Lac 12.400 - 13.40 EA/SD      B9         PRI                 
22 27 34.4 +54 25 36.1 2000   0.4  0    2.0557606000 2452501.82650 0.5
EQ    Lac 13.000 - 15.00 EA/SD                 PRI                 
22 12  8.8 +48 43 43.7 2000   0.4  0    2.6036240000 2452502.36600 0.5
ER    Lac 14.000 - 16.50 EA/SD                 PRI                 
22 19  3.2 +51 41  9.3 2000   0.4  0    2.9453120000 2452500.52600 0.5
ES    Lac 11.000 - 11.60 EA/DM      A2         PRI                 
22 32  6.3 +53 57 32.7 2000   0.0  0    4.4594180000 2452501.53900 0.5
ES    Lac 11.000 - 11.60 EA/DM      A2         SEC                 
22 32  6.3 +53 57 32.7 2000   0.0  0    4.4593930000 2452504.31500 0.5
EU    Lac 12.100 - 12.60 EA/DM      A0         PRI                 
22 25 31.9 +51 43 38.9 2000   0.2  0    2.3325093000 2452501.54400 0.5
EX    Lac 13.600 - 14.60 EA/SD                 ALL                 
22 41  3.7 +52 27 41.9 2000   0.3  0    1.7393068000 2452500.93300 0.5
EY    Lac 13.800 - 14.80 EA                    PRI                 
22 41 48.3 +54 24 24.4 2000   0.4  0    2.2779631000 2452500.44660 0.5
EZ    Lac 14.300 - 15.50 EA                    ALL                 
22 42 42.3 +50 58 37.7 2000   0.3  0    2.7908080000 2452501.67200 0.5
FI    Lac 13.000 - 13.50 EA                    PRI                 
22 45  3.8 +55 32 22.4 2000   0.4  0    4.2579470000 2452502.31000 0.5
FL    Lac 12.900 - 13.80 EA                    ALL                 
22 49 50.3 +51 15 48.5 2000   0.2  0    1.1073280000 2452500.10600 0.5
FP    Lac 13.100 - 14.40 EA                    PRI                 
22 53 43.9 +50 52 40.2 2000   0.2  0    4.4800900000 2452502.27000 0.5
FU    Lac 15.800 - 17.20 EA                    ALL                 
22  0 26.7 +43 51 19.7 2000   0.2  0    2.2891220000 2452501.64000 0.5
GH    Lac 14.300 - 15.00 EA                    ALL                 
22 39 36.2 +47 17 48.7 2000   0.1  0    0.5326166000 2452500.36200 0.5
GX    Lac 10.100 - 10.40 EA/DM      B8         PRI                 
22 46 16.8 +56 51  7.8 2000   0.3  0    6.3552415000 2452504.36860 0.5
HR    Lac 13.900 - 14.40 EW/KW                 ALL                 
22  4 53.8 +50 40 39.2 2000   0.0  0    0.4290741000 2452500.25500 0.5
HX    Lac 14.200 - 14.90 EW                    ALL                 
22  6  8.3 +49 31 48.7 2000   0.0  0    0.5274780000 2452500.12880 0.5
HZ    Lac 14.400 - 15.10 EB/KE                 ALL                 
22  6  5.2 +51 11 47.1 2000   0.0  0    1.2951424000 2452500.49420 0.5
IL    Lac 12.500 - 13.10 E          A2         SEC                 
22  6 47.1 +52  9  8.1 2000   0.0  0    7.3956580000 2452505.07000 0.5
IL    Lac 12.500 - 13.10 E          A2         PRI                 
22  6 47.1 +52  9  8.1 2000   0.0  0    7.3956560000 2452501.85200 0.5
IM    Lac 12.900 - 13.40 EB/KE      A1         ALL                 
22  7 14.4 +52 14 16.4 2000   0.0  0    1.2683380000 2452500.70910 0.5
IP    Lac 13.200 - 14.00 EA                    ALL                 
22  8  8.7 +51 36 11.4 2000   0.1  0    0.8520145000 2452500.17400 0.5
IU    Lac 13.400 - 13.80 EB/KE      A          PRI                 
22  9 27.3 +52 35 39.9 2000   0.0  0    0.9690588000 2452500.16660 0.5
IZ    Lac 12.500 - 12.80 EB/KE      A3         PRI                 
22 13  5.6 +51 49 27.1 2000   0.0  0    0.7989234000 2452500.26810 0.5
KO    Lac 14.600 - 15.50 EA/SD                 PRI                 
22 14 31.0 +53 28 58.5 2000   0.2  0    1.0260802000 2452500.85000 0.5
KS    Lac 14.000 - 14.50 EA/D                  ALL                 
22 15 56.2 +55 26 44.5 2000   0.5  0    4.0063405000 2452501.45400 0.5
LU    Lac 14.600 - 15.45 EW/KW                 ALL                 
22 21 42.5 +51 22  2.9 2000   0.0  0    0.2988000800 2452500.34100 0.5
LY    Lac 12.500 - 12.90 EA/KE      A0         PRI                 
22 22  4.9 +55  7 35.7 2000   0.2  0    1.5451676000 2452501.46000 0.5
LZ    Lac 12.100 - 12.50 EB/KE      A0         ALL                 
22 22 21.4 +55 23 39.4 2000   0.0  0    1.2507220000 2452500.61900 0.5
MO    Lac 16.300 - 17.60 EA                    pri                 
22 23 41.3 +52 44 13.7 2000   0.6  0    5.0144560000 2452501.46140 0.5
MW    Lac 13.100 - 13.60 EA/DM      A2         PRI                 
22 26 45.5 +55 50  4.1 2000   0.3  0    2.7981748000 2452501.98600 0.5
MZ    Lac 11.200 - 12.10 EA         A0         SEC                 
22 28  1.7 +53 41  0.1 2000   0.2  0    3.1587211000 2452502.94030 0.5
MZ    Lac 11.200 - 12.10 EA         A0         PRI                 
22 28  1.7 +53 41  0.1 2000   0.2  0    3.1588195000 2452501.14670 0.5
NR    Lac 13.200 - 14.00 EB                    ALL                 
22 29 20.9 +49 42  8.5 2000   0.0  0    0.6048053000 2452500.44500 0.5
NS    Lac 14.100 - 14.90 EA                    PRI                 
22 29 29.8 +49 59 51.9 2000   0.2  0    1.0155558000 2452500.08710 0.5
NW    Lac 13.700 - 14.30 EA/KE                 PRI                 
22 31 39.2 +55 24 22.7 2000   0.2  0    1.5109520000 2452500.41200 0.5
OO    Lac 12.500 - 14.20 EB/SD      B7         ALL                 
22 33 20.5 +56  8 55.2 2000   0.0  0    1.7559492000 2452500.13450 0.5
OP    Lac 14.200 - 15.20 EA                    PRI                 
22 34 28.7 +55 30 54.4 2000   0.5  0    3.3929960000 2452500.42100 0.5
OS    Lac 13.400 - 14.20 EA         A          PRI                 
22 36 27.5 +52 22 39.8 2000   0.3  0    1.4443423000 2452500.12650 0.5
OT    Lac 11.200 - 11.90 E          B5         PRI                 
22 36 44.7 +56 44  7.3 2000   0.0  0    5.1499136000 2452504.21970 0.5
PP    Lac 11.100 - 12.00 EW/KW                 ALL                 
22 42 38.7 +53 25  2.8 2000   0.0  0    0.4011617000 2452500.21100 0.5
V339  Lac 12.900 - 13.80 EA                    PRI                 
22 11 59.3 +53  0 45.7 2000   0.4  0    1.7042616000 2452500.71300 0.5
V339  Lac 12.900 - 13.80 EA                    SEC                 
22 11 59.3 +53  0 45.7 2000   0.4  0    1.7042600000 2452502.38500 0.5
V340  Lac 11.800 - 12.40 EA/D                  PRI                 
22 12 44.5 +54 11  9.2 2000   0.4  0   19.9430700000 2452507.19000 0.5
V342  Lac 12.400 - 12.90 EW                    PRI                 
22 14  0.2 +51 56 31.3 2000   0.0  0    0.7005935000 2452500.56600 0.5
V344  Lac 12.200 - 13.00 EW/KW      A3         ALL                 
22 18 46.9 +51 59 15.1 2000   0.0  0    0.3922421700 2452500.34220 0.5
V345  Lac 11.100 - 11.70 EA/DM      B8         SEC                 
22 18 43.3 +54 40 33.4 2000   0.7  0    7.4919020000 2452504.12700 0.5
V345  Lac 11.100 - 11.70 EA/DM      B8         PRI                 
22 18 43.3 +54 40 33.4 2000   0.7  0    7.4918620000 2452501.50500 0.5
V364  Lac  8.510 -  9.25 EA/DM      A3         SEC                 
22 52 14.8 +38 44 44.6 2000   0.4  0    7.3515080000 2452509.53000 0.5
V364  Lac  8.510 -  9.25 EA/DM      A3         PRI                 
22 52 14.8 +38 44 44.6 2000   0.4  0    7.3515550000 2452505.75080 0.5
V398  Lac  8.730 -  9.02 EA                    PRI                 
22  7 12.4 +52 38  8.4 2000   0.0  0    5.4059980000 2452501.96400 0.5
V398  Lac  8.730 -  9.02 EA                    SEC                 
22  7 12.4 +52 38  8.4 2000   0.0  0    5.4061257000 2452504.05990 0.5
V401  Lac  7.930 -  8.16 EA                    PRI                 
22  8 21.3 +49 13 15.6 2000   0.0  0    1.9501210300 2452501.48320 0.5
V401  Lac  7.930 -  8.16 EA                    SEC                 
22  8 21.3 +49 13 15.6 2000   0.0  0    1.9500530000 2452502.53900 0.5
V402  Lac  6.700 -  6.99 EA                    SEC                 
22  9 15.2 +44 50 47.3 2000   0.0  0    3.7820000000 2452504.94500 0.5
V402  Lac  6.700 -  6.99 EA                    PRI                 
22  9 15.2 +44 50 47.3 2000   0.0  0    3.7820752000 2452502.38500 0.5
V407  Lac  8.310 -  8.38 ELL                   ALL                 
22 24 36.9 +41 18 23.9 2000   0.0  0    0.8130757000 2452500.24200 0.5
V430  Lac 14.200 - 16.60 EA                    ALL                 
22 26 50.4 +44 41 13.4 2000   0.0  0    1.5496344000 2452501.48380 0.5
V441  Lac 12.200 -  0.22 EW                    ALL                 
22  9 37.4 +52 34 15.5 2000   0.0  0    0.3089193000 2452500.20100 0.5
V458  Lac 12.520 - 13.40 EA                    PRI                 
22 48 55.9 +45 45  8.2 2000   0.3  0    1.3479427000 2452500.36290 0.5
V459  Lac 13.060 - 13.60 EA                    ALL                 
22 50 54.5 +48 39 24.2 2000   0.1  0    1.7679923000 2452500.22500 0.5
V474  Lac 12.250 - 12.78 EB                    ALL                 
22 45 58.7 +56 28 32.2 2000   0.0  0    0.7653342000 2452500.18580 0.5
V485  Lac 13.160 - 13.53 EW                    PRI                 
22 14 17.9 +51 48  6.2 2000   0.0  0    0.5792338000 2452500.47400 0.5
V488  Lac 11.180 - 11.35 EW                    PRI                 
22 19 19.1 +51 39 35.0 2000   0.0  0    0.4849073000 2452500.09000 0.5
V505  Lac 10.000 - 10.27 EW         G0         ALL                 
22 42 47.7 +45 21  5.2 2000   0.0  0    0.3269891300 2452500.14270 0.5
Y     Leo 10.090 - 13.20 EA/SD      A5V        PRI                 
 9 36 51.8 +26 13 57.6 2000   0.2  0    1.6861030000 2452501.14900 0.5
RT    Leo 10.300 - 11.60 EA/SD                 PRI                 
 9 45 22.4 +19 54 19.7 2000   1.0  0    7.4479050000 2452503.57400 0.5
RW    Leo 11.900 - 13.60 EA/SD                 PRI                 
10 39 38.5 +08 59 40.0 2000   0.2  0    1.6825289000 2452501.32240 0.5
TX    Leo  5.660 -  5.75 EA/DM      A2V        ALL                 
10 35  2.2 +08 39  1.5 2000   0.3  0    2.4450652000 2452502.44000 0.5
UU    Leo 11.400 - 12.70 EA/SD      A2         PRI                 
 9 47 49.7 +12 59  2.6 2000   0.2  0    1.6797673000 2452501.20400 0.5
UV    Leo  8.900 -  9.56 EA/DW      G0V+G2V    ALL                 
10 38 20.8 +14 16  3.7 2000   0.1  0    0.6000868000 2452500.13800 0.5
UX    Leo 10.300 - 11.10 EA/SD      F4         PRI                 
11 17 13.6 -06 35 14.2 2000   0.1  0    1.0071577000 2452500.84860 0.5
UZ    Leo  9.580 - 10.15 EW/KE      A7         ALL                 
10 40 33.2 +13 34  0.8 2000   0.0  0    0.6180616000 2452500.03900 0.5
VZ    Leo 11.800 - 12.90 EA/SD      A5         PRI                 
 9 26 50.7 +16 36  2.6 2000   0.2  0    1.0899130000 2452500.22800 0.5
WY    Leo 11.100 - 11.70 EA/D       A2         PRI                 
 9 31  1.1 +16 39 25.2 2000   0.5  0    4.9857880000 2452504.54100 0.5
WZ    Leo 11.300 - 12.00 EA/D       A1         PRI                 
 9 34 12.7 +18 54  6.3 2000   0.2  0    1.4081789000 2452500.56100 0.5
XX    Leo 11.100 - 11.70 EB         A8         PRI                 
 9 59 29.3 +13 47  6.4 2000   0.0  0    0.9711290000 2452500.40280 0.5
XY    Leo  9.450 -  9.93 EW/KW      K0V+K0     ALL                 
10  1 40.4 +17 24 32.7 2000   0.0  0    0.2841049000 2452500.37100 0.5
XZ    Leo 10.600 - 11.20 EW/KE      A6         PRI                 
10  2 34.2 +17  2 47.1 2000   0.0  0    0.4877390000 2452500.41500 0.5
AG    Leo 10.700 - 11.20 EA/D       F5         ALL                 
 9 53 32.2 +16  2  5.5 2000   0.3  0    3.3925750000 2452502.52800 0.5
AL    Leo 10.200 - 10.60 EA/D       F5         ALL                 
 9 58 12.9 +18 17 28.1 2000   0.0  0    1.6055169000 2452501.48610 0.5
AM    Leo  9.250 -  9.83 EW/KW      F8V        ALL                 
11  2 10.9 +09 53 42.7 2000   0.0  0    0.3657973700 2452500.15600 0.5
AP    Leo  9.320 -  9.91 EW/KW      G0V        ALL                 
11  5  5.0 +05  9  6.4 2000   0.0  0    0.4303653000 2452500.11100 0.5
BG    Leo 13.600 - 15.10 EA/SD                 PRI                 
11 41 46.2 +23 12  2.3 2000   0.4  0    3.7795450000 2452502.27000 0.5
BL    Leo 13.800 - 14.50 EW/KW                 ALL                 
11 45 38.4 +24 46 51.0 2000   0.0  0    0.2819299000 2452500.22200 0.5
BV    Leo 15.800 - 16.70 EB/KE                 ALL                 
11 27 51.6 +24 44  5.2 2000   0.0  0    0.9415553000 2452500.95200 0.5
BW    Leo 14.700 - 15.50 EW/KW                 ALL                 
11 32 16.4 +17 19 24.5 2000   0.0  0    0.3373725000 2452500.31000 0.5
BZ    Leo 15.300 - 16.10 EW/KW                 ALL                 
11 42  0.3 +22 52  7.2 2000   0.0  0    0.2697254000 2452500.09600 0.5
CE    Leo 11.800 - 12.60 EW/KW                 PRI                 
11 44 24.3 +23 21 22.9 2000   0.0  0    0.3034280000 2452500.25800 0.5
DO    Leo 16.000 - 17.00 NL                    PRI                 
10 40 51.2 +15 11 34.2 2000   0.0  0    0.2345149700 2452500.23200 0.5
DU    Leo  8.680 -  9.43 EA/SD                 ALL                 
 9 44 11.4 +25 21 11.4 2000   0.0  0    1.3741849100 2452500.06980 0.5
ET    Leo  9.600 -  9.72 EW                    ALL                 
10 33 25.8 +17 34 27.4 2000   0.0  0    0.3465023000 2452500.37800 0.5
EX    Leo  8.270 -  8.49 EW                    ALL                 
10 45  6.8 +16 20 15.7 2000   0.0  0    0.4086056000 2452500.22500 0.5
FK    Leo  8.570 -  8.85 EA                    ALL                 
11 12  5.6 +14 18 22.3 2000   0.0  0    1.7370931000 2452500.01260 0.5
FM    Leo  8.540 -  8.86 EA                    ALL                 
11 12 45.1 +00 20 52.9 2000   0.0  0    6.7286141000 2452502.54620 0.5
FS    Leo  9.060 -  9.25 EB                    ALL                 
11 27 58.5 +14 49 55.5 2000   0.0  0    0.4569665000 2452500.18160 0.5
GU    Leo 11.620 - 12.31 EW                    ALL                 
 9 47 33.8 +18 21 42.8 2000   0.0  0    0.3540856000 2452500.33600 0.5
GV    Leo 11.450 - 11.96 EW                    ALL                 
10 11 59.2 +16 52 30.1 2000   0.0  0    0.2667242000 2452500.10100 0.5
GW    Leo 12.060 - 12.23 EW                    ALL                 
10 18 53.5 +13 41  8.7 2000   0.0  0    0.3359698000 2452500.12200 0.5
HI    Leo 11.200 -  0.80 EB                    ALL                 
11 12 16.8 +01 19  5.6 2000   0.0  0    0.3115929000 2452500.08000 0.5
HS    Leo 13.800 - 14.40 EW                    ALL                 
11 18 42.8 +27 31 50.4 2000   0.0  0    0.3377055000 2452500.09900 0.5
LX    Leo 12.100 - 12.95 EW                    ALL                 
 9 50 27.7 +20 43  5.3 2000   0.0  0    0.2352487000 2452500.06300 0.5
OO    Leo 10.550 - 10.90 EW         G0         ALL                 
11 27 23.3 +04 42 18.6 2000   0.0  0    0.4464383700 2452500.01010 0.5
T     LMi 10.870 - 12.92 EA/SD      A3V        PRI                 
 9 48 28.5 +33 17 19.6 2000   0.4  0    3.0198410000 2452500.08800 0.5
RT    LMi 11.400 - 11.70 EW/KW      G0         ALL                 
 9 49 48.3 +34 27 15.4 2000   0.0  0    0.3749175600 2452500.20790 0.5
UW    LMi  8.440 -  8.67 EA                    ALL                 
10 43 30.2 +28 41  9.1 2000   0.0  0    3.8743160000 2452501.35790 0.5
VW    LMi  8.030 -  8.45 EW                    ALL                 
11  2 51.9 +30 24 54.7 2000   0.0  0    0.4775547000 2452500.13000 0.5
WZ    LMi 12.450 - 12.71 EW                    ALL                 
10 31 26.5 +31 38 33.1 2000   0.0  0    0.3891402000 2452500.32600 0.5
XX    LMi 12.420 - 12.58 EW                    ALL                 
10 33  4.8 +32 22 14.8 2000   0.0  0    0.3709776000 2452500.64500 0.5
XY    LMi 10.710 - 11.15 EW                    ALL                 
10 34 12.3 +32  8 51.6 2000   0.0  0    0.4368856000 2452500.14800 0.5
AE    LMi 12.750 - 13.20 EA                    ALL                 
10 27  2.2 +33 16 58.6 2000   0.1  0    0.5283395100 2452500.54150 0.5
AG    LMi 10.720 - 11.31 EA                    PRI                 
10 44 48.8 +33 21 11.9 2000   0.2  0    0.6795079000 2452500.60890 0.5
V     Lep  9.600 - 10.10 EB/KE      A5         ALL                 
 6 10 58.7 -20 12 41.7 2000   0.0  0    1.0701330000 2452500.93300 0.5
Z     Lep 11.000 - 12.50 E          F0         PRI                 
 5 10 10.0 -14 52 17.1 2000   0.0  0    0.9937061000 2452500.56200 0.5
RR    Lep 10.200 - 11.10 EB         A2         PRI                 
 5 12 10.5 -13 11 58.6 2000   0.0  0    0.9154242000 2452500.28840 0.5
RS    Lep  9.910 - 10.38 EA/SD      A2V        ALL                 
 5 59 18.4 -20 13 25.1 2000   0.2  0    1.2885427000 2452500.24600 0.5
RU    Lep 11.230 - 12.12 EA                    ALL                 
 6  3 52.3 -24 54  7.3 2000   0.3  0    4.4595600000 2452502.71000 0.5
TT    Lep 12.100 - 12.90 E                     ALL                 
 6  6 48.9 -21 37 37.8 2000   0.0  0    4.2887910000 2452503.81000 0.5
AT    Lep 11.450 - 12.20 EA                    PRI                 
 5 48 17.1 -25  2 30.7 2000   0.3  0   10.6494290000 2452506.99170 0.5
BO    Lep 10.700 - 12.30 EA                    PRI                 
 5 52 51.5 -11  3 11.4 2000   0.1  0    0.8062571000 2452500.61500 0.5
RV    Lib  9.020 -  9.50 EA/D/RS    G5         ALL                 
14 35 48.4 -18  2 11.5 2000   1.5  0   10.7226500000 2452503.98700 0.5
SS    Lib 10.400 - 11.30 EA/KE      A5         ALL                 
15 49  5.1 -15 32  8.7 2000   0.3  0    1.4380258000 2452500.10380 0.5
TY    Lib 11.200 - 13.60 EA/SD                 PRI                 
15 21 45.7 -08 14 39.6 2000   0.3  0    3.2016570000 2452501.27300 0.5
VZ    Lib 10.130 - 10.63 EW/KW      F5         ALL                 
15 31 51.8 -15 41 10.2 2000   0.0  0    0.3582536000 2452500.10000 0.5
WX    Lib 12.100 - 12.70 EA                    ALL                 
15  6  4.2 -27 47 21.4 2000   0.0  0    0.9200081000 2452500.05810 0.5
AE    Lib 12.700 - 13.40 EA/KE                 PRI                 
15 11 22.1 -24 36  2.0 2000   0.0  0    1.2043394000 2452501.07300 0.5
EI    Lib  9.500 - 10.50 EA/SD      A2         all                 
15 34 21.8 -23  0  3.1 2000   0.3  0    1.9868966000 2452500.66000 0.5
ES    Lib  7.100 -  7.57 EB/KE      A2-3V      PRI                 
15 16 48.6 -13  2 21.1 2000   0.0  0    0.8830410400 2452500.42060 0.5
FU    Lib 12.900 - 13.90 E                     ALL                 
16  1  0.9 -09 26 35.5 2000   0.0  0    0.7803928000 2452500.14540 0.5
FW    Lib  9.800 - 10.20 EB /KE                ALL                 
15 10 25.3 -21 10 31.2 2000   0.0  0    2.2427820000 2452500.87400 0.5
GI    Lib 12.500 - 13.60 EA                    PRI                 
15  4 41.8 -17 25  8.3 2000   0.0  0    2.0895474000 2452500.37880 0.5
GK    Lib 12.800 - 13.80 EA                    PRI                 
15 14 37.2 -15 19 35.9 2000   0.0  0    2.1163997000 2452500.41280 0.5
GY    Lib 12.300 - 13.00 EB                    ALL                 
15 24 45.8 -24  4 15.6 2000   0.0  0    0.5190980000 2452500.34300 0.5
IT    Lib  9.010 -  9.51 EA                    ALL                 
15 33 18.9 -25  1 37.0 2000   0.0  0    2.2674420000 2452500.53200 0.5
IV    Lib  8.460 -  9.00 E                     ALL                 
15 37 13.4 -18 20  6.1 2000   0.0  0    6.8619600000 2452502.39000 0.5
IW    Lib  9.450 -  9.56 RR                    ALL                 
15 39 38.1 -27 31 28.3 2000   0.0  0    1.7825800000 2452501.47200 0.5
KQ    Lib 11.600 - 11.90 EW                    all                 
14 51 17.1 -11  9 43.1 2000   0.0  0    0.6955190900 2452500.13730 0.5
KZ    Lib 11.140 - 13.10 EA                    PRI                 
15 55 59.8 -17 11 38.7 2000   0.0  0    1.2387379000 2452501.22800 0.5
V351  Lib 13.400 - 14.10 EW                    ALL                 
15 50 59.4 -11 39  8.1 2000   0.0  0    0.3497341600 2452500.05220 0.5
SX    Lup 11.500 - 12.60 EA/SD                 ALL                 
15 42 29.4 -43 39 15.1 2000   0.2  0    0.6858502900 2452500.04430 0.5
AR    Lup 12.600 - 14.30 RR                    PRI                 
15 22 34.1 -47 17  8.7 2000   0.0  0   24.2158100000 2452517.96650 0.5
AR    Lup 12.600 - 14.30 RR                    SEC                 
15 22 34.1 -47 17  8.7 2000   0.0  0   24.2150760000 2452526.72700 0.5
DT    Lup  9.800 - 11.70 EA/SD      A0V        ALL                 
14 36 35.8 -51 24 49.2 2000   0.2  0    1.4530837000 2452501.27200 0.5
FK    Lup 10.600 - 12.00 EA/SD                 ALL                 
15 20  8.4 -51 53 35.5 2000   0.5  0    3.3518520000 2452500.41100 0.5
FR    Lup 10.100 - 10.80 EB/KE                 ALL                 
14 41  2.6 -53 50 23.7 2000   0.0  0    5.1773909000 2452500.46850 0.5
FS    Lup 11.500 - 12.50 EA                    ALL                 
14 52 16.3 -51 25 22.9 2000   0.0  0    0.3813981000 2452500.07630 0.5
FT    Lup  9.700 - 10.64 EB/D       F0V        ALL                 
14 59 52.7 -42 58 59.1 2000   0.0  0    0.4700793000 2452500.41340 0.5
FV    Lup 10.800 - 11.90 EA                    ALL                 
15 23  0.4 -53 31 14.1 2000   0.0  0    4.1029160000 2452502.78000 0.5
FZ    Lup  9.400 -  9.80 EA/D       A0/1Vn     ALL                 
14 32 33.2 -53 41 35.5 2000   0.0  0    4.5346240000 2452500.07700 0.5
GG    Lup  5.490 -  6.00 EB/DM      B7V        PRI                 
15 18 56.4 -40 47 17.6 2000   0.0  0    1.8495984000 2452501.31300 0.5
GG    Lup  5.490 -  6.00 EB/DM      B7V        SEC                 
15 18 56.4 -40 47 17.6 2000   0.0  0    1.8496083000 2452502.03380 0.5
OU    Lup  9.920 - 10.55 EA         B9IV       PRI                 
15  6 48.3 -35  4 57.5 2000   0.2  0    4.6104980000 2452502.18800 0.5
OU    Lup  9.920 - 10.55 EA         B9IV       SEC                 
15  6 48.3 -35  4 57.5 2000   0.2  0    4.6104672000 2452503.52540 0.5
OY    Lup  8.940 -  9.05 EA         A1mA3-A6   PRI                 
15 11 40.0 -42 11 26.2 2000   0.2  0    3.0721201000 2452500.73610 0.5
RR    Lyn  5.520 -  6.03 EA/DM      A7Vm+F3V   PRI                 
 6 26 25.8 +56 17  6.4 2000   0.4  0    9.9450790000 2452506.98200 0.5
RR    Lyn  5.520 -  6.03 EA/DM      A7Vm+F3V   SEC                 
 6 26 25.8 +56 17  6.4 2000   0.4  0    9.9450753000 2452511.45300 0.5
RV    Lyn 13.000 - 15.60 EA/SD                 PRI                 
 6 56 11.4 +50 51 45.4 2000   0.2  0    2.3076490000 2452501.13600 0.5
RY    Lyn 11.400 - 13.30 EA/SD                 PRI                 
 8 55 13.6 +46 27 43.2 2000   0.1  0    1.4349966000 2452500.37300 0.5
RZ    Lyn 10.600 - 11.30 EB/KE      A2         ALL                 
 9 36  6.8 +41 18 31.2 2000   0.0  0    1.1469076000 2452500.59100 0.5
SW    Lyn  9.510 - 10.20 EA/DW      F2V        ALL                 
 8  7 41.6 +41 48  1.7 2000   0.1  0    0.6440685000 2452500.24660 0.5
SX    Lyn 10.000 - 11.40 EA/SD      A2         PRI                 
 8 13 57.9 +57 15 57.5 2000   0.2  0    2.0224888000 2452501.88000 0.5
TY    Lyn 10.000 - 10.80 EA/SD      A0         PRI                 
 8 18 23.2 +46 16  7.7 2000   0.4  0    4.3316480000 2452503.79600 0.5
UU    Lyn 11.540 - 12.33 EB/DM      F3V        ALL                 
 9 15 29.9 +42 42  9.2 2000   0.0  0    0.4684597400 2452500.13870 0.5
UV    Lyn  9.410 -  9.81 EW/KW      F8         ALL                 
 9  3 24.1 +38  5 54.6 2000   0.0  0    0.4149861000 2452500.19300 0.5
WW    Lyn 11.600 - 12.10 EA/KE                 ALL                 
 7 34  7.8 +38 10 40.0 2000   0.0  0    5.8122813000 2452505.22840 0.5
AA    Lyn 14.700 - 15.30 EA                    PRI                 
 7 50 46.4 +41 34  7.1 2000   0.0  0    0.5613887000 2452500.49800 0.5
AH    Lyn 13.500 - 14.30 EA                    PRI                 
 8 42 18.2 +37 11  4.9 2000   0.0  0    1.0164097000 2452500.86500 0.5
BG    Lyn 10.680 - 11.57 EB                    PRI                 
 7 56 27.4 +40 42 56.1 2000   0.0  0    1.1998380000 2452500.45320 0.5
BH    Lyn 13.700 - 16.30 EA+NL                 PRI                 
 8 22 36.1 +51  5 25.0 2000   0.0  0    0.1558756600 2452500.05810 0.5
BP    Lyn 14.190 - 14.33 E+NL                  PRI                 
 9  3  8.9 +41 17 48.0 2000   0.0  0    0.1528124800 2452500.00650 0.5
CC    Lyn  6.420 -  6.52 EW                    ALL                 
 7 35 56.0 +43  1 51.5 2000   0.0  0    0.3543134000 2452500.00500 0.5
CD    Lyn  9.830 - 10.37 E                     PRI                 
 7 43  6.4 +48 41  9.9 2000   0.0  0    2.2747148000 2452500.49900 0.5
CF    Lyn  9.610 -  9.93 E                     ALL                 
 7 44 32.3 +36 41 44.4 2000   0.0  0    1.3853719000 2452500.07000 0.5
CL    Lyn  9.780 - 10.37 EA                    ALL                 
 7 55 12.5 +54  9 45.6 2000   0.0  0    1.5860453000 2452500.22990 0.5
CN    Lyn  9.070 -  9.58 EA                    ALL                 
 8  1 37.2 +38 44 58.4 2000   0.0  0    1.9555200000 2452501.19800 0.5
CW    Lyn  9.610 -  9.85 EB                    ALL                 
 8 40 26.3 +44 54 18.3 2000   0.0  0    0.8124019000 2452500.72500 0.5
DE    Lyn 12.900 - 13.90 E                     ALL                 
 8 25 29.6 +57 43 28.8 2000   0.0  0    0.4088142000 2452500.24800 0.5
DI    Lyn  6.790 -  6.87 EA                    ALL                 
 9 35 22.5 +39 57 47.8 2000   0.0  0    1.6815830000 2452501.03200 0.5
DR    Lyn 11.600 - 14.30 EA                    ALL                 
 8 24 24.5 +50  0 50.7 2000   0.0  0    1.7808830000 2452500.86300 0.5
DY    Lyn  9.670 - 10.21 EA         F5V        ALL                 
 8  0 46.0 +42 10 33.1 2000   0.2  0    1.3131716000 2452500.94900 0.5
DZ    Lyn  9.880 - 10.25 EB         F3V        ALL                 
 8 11 53.5 +42 54 36.2 2000   0.0  0    0.3780172000 2452500.19400 0.5
EH    Lyn 14.000 - 14.32 EW                    ALL                 
 9  2 40.2 +34 19 46.6 2000   0.0  0    0.3267430000 2452500.23300 0.5
EK    Lyn  9.730 - 10.10 EA         A2         PRI                 
 8  4 17.1 +38 46 38.3 2000   0.3  0    2.2355430000 2452501.57000 0.5
EL    Lyn 12.650 - 13.20 EA                    ALL                 
 8 25 22.7 +40 34 55.4 2000   0.1  0    0.6445360000 2452500.06200 0.5
FI    Lyn  9.730 - 10.22 EW         F8         ALL                 
 8 17 27.3 +51 51 47.0 2000   0.0  0    0.3732607000 2452500.02500 0.5
FN    Lyn 10.230 - 10.95 EA         F0         ALL                 
 8 37 16.6 +41 22 26.0 2000   0.4  0    1.8107740000 2452501.00980 0.5
FO    Lyn 11.110 - 11.58 EW                    ALL                 
 8 37 26.4 +42 40 24.2 2000   0.0  0    0.6344621500 2452500.01350 0.5
FS    Lyn 11.020 - 11.37 EB                    ALL                 
 8 54 44.3 +41 55 13.0 2000   0.0  0    0.5400060000 2452500.27700 0.5
FU    Lyn 12.460 - 12.90 EW                    ALL                 
 9  1 44.2 +42 19 31.9 2000   0.0  0    0.3979435300 2452500.06480 0.5
RV    Lyr 11.500 - 14.60 EA/SD      A          PRI                 
19 16 18.0 +32 25 15.0 2000   0.4  0    3.5989500000 2452501.27700 0.5
TT    Lyr  9.340 - 11.43 EA/SD      B2V        PRI                 
19 27 36.3 +41 42  5.5 2000   0.7  0    5.2437316000 2452501.15260 0.5
TZ    Lyr 10.870 - 11.85 EB/D       F5V        ALL                 
18 15 49.7 +41  6 37.9 2000   0.0  0    0.5288253000 2452500.54100 0.5
UZ    Lyr  9.900 - 11.00 EA/SD      B9V        PRI                 
19 21  8.9 +37 56 11.5 2000   0.3  0    1.8912570000 2452501.38400 0.5
AA    Lyr 13.400 - 14.00 EB/SD      F          ALL                 
19  5 48.8 +29  4 43.5 2000   0.0  0    0.5173142000 2452500.08100 0.5
AH    Lyr 12.000 - 13.00 EB/SD                 ALL                 
19 13  1.1 +27 16 37.5 2000   0.0  0    1.0307072000 2452500.91800 0.5
AK    Lyr 12.800 - 14.10 EA/SD                 PRI                 
19 15 19.6 +27  0 58.0 2000   0.4  0    2.0852575000 2452501.63510 0.5
BN    Lyr 14.700 - 16.40 EA/SD                 PRI                 
19  4 21.9 +29 15 10.0 2000   0.0  0    2.2823050000 2452500.21000 0.5
BV    Lyr 12.100 - 12.80 EA                    ALL                 
19 17 42.9 +32 57 30.7 2000   0.2  0    1.8296495000 2452500.56900 0.5
DF    Lyr 13.100 - 13.50 EW/D                  ALL                 
18 53 34.3 +28  4 20.4 2000   0.0  0    0.5771272000 2452500.07000 0.5
DT    Lyr 14.000 - 14.90 EA/SD                 ALL                 
19  3 22.5 +29 53 14.3 2000   0.0  0    0.7879030000 2452500.47900 0.5
DU    Lyr 13.100 - 14.40 EB/D       A          PRI                 
19  3 51.1 +30  8  4.9 2000   0.0  0    0.8370027000 2452500.80460 0.5
DZ    Lyr 14.700 - 15.80 EA/SD                 all                 
19 10 53.5 +27  7 16.7 2000   0.0  0    1.8364160000 2452500.80000 0.5
ET    Lyr 13.000 - 15.00 EA/SD                 PRI                 
19 22 16.2 +34 51 21.6 2000   0.3  0    2.3022354000 2452500.53180 0.5
EW    Lyr 11.200 - 13.50 EA/SD      F0         PRI                 
18 33 15.6 +37 45 12.8 2000   0.2  0    1.9487695000 2452501.66200 0.5
EX    Lyr 12.000 - 12.40 RRC                   ALL                 
18 37 11.6 +26  9 20.0 2000   0.2  0    0.7172935000 2452500.38430 0.5
FG    Lyr 12.400 - 13.30 EA/SD                 PRI                 
18 56 19.0 +32 11 28.1 2000   0.4  0    2.8718210000 2452501.06000 0.5
FH    Lyr 12.500 - 13.90 EA/SD                 PRI                 
19 11 29.9 +36 39 36.0 2000   0.3  0    1.5892186000 2452501.02070 0.5
FL    Lyr  9.270 -  9.89 EA/DM      G0V        ALL                 
19 12  4.9 +46 19 26.9 2000   0.2  0    2.1781539000 2452501.53220 0.5
FO    Lyr 13.600 - 14.70 EA/SD                 pri                 
19 18  2.6 +27  1 14.0 2000   0.5  0    2.6828210000 2452501.67000 0.5
GZ    Lyr 13.300 - 14.40 EA/SD                 PRI                 
19 10 31.3 +27 55  0.6 2000   0.1  0    1.3294330000 2452500.19300 0.5
HP    Lyr 10.500 - 11.00 EB/GS      A6         ALL                 
19 21 39.1 +39 56  8.3 2000   0.0  0  138.6600000000 2452587.40000 0.5
HT    Lyr 13.200 - 13.70 EB                    PRI                 
18 15 12.1 +38 18  8.0 2000   0.0  0    0.8619834000 2452500.49400 0.5
HY    Lyr 13.800 - 14.40 EB/KE                 ALL                 
18 17 44.0 +31 37 43.6 2000   0.0  0    0.3691011200 2452500.12530 0.5
IP    Lyr 13.200 - 13.80 EB                    ALL                 
18 23 24.4 +33 11  7.1 2000   0.0  0    0.4728050800 2452500.04910 0.5
IW    Lyr 13.100 - 14.20 EA/SD                 ALL                 
18 28  1.3 +38 59 53.3 2000   0.2  0    0.7985222000 2452500.52800 0.5
KT    Lyr 14.700 - 15.40 EB                    ALL                 
18 32 42.2 +32 58 55.4 2000   0.0  0    0.5815488900 2452500.22800 0.5
LZ    Lyr 12.000 - 13.30 EA/SD                 PRI                 
18 41 26.2 +32 58 47.4 2000   0.2  0    1.6112295000 2452500.87500 0.5
MN    Lyr 13.800 - 14.50 EB/KE                 ALL                 
18 42 38.0 +35  4 55.1 2000   0.0  0    0.5440775000 2452500.10380 0.5
MZ    Lyr 13.300 - 14.00 EW                    ALL                 
18 54 32.9 +26 52 34.4 2000   0.0  0    0.9673967000 2452500.38860 0.5
NV    Lyr 12.800 - 13.80 EA/SD                 ALL                 
19 15  2.7 +33 50 47.0 2000   0.3  0    1.5414343000 2452500.42840 0.5
NY    Lyr 12.700 - 13.20 EW/KW                 ALL                 
19 16 36.9 +34 23 40.5 2000   0.0  0    0.4408025800 2452500.46120 0.5
PS    Lyr 11.300 - 12.00 EA/SD                 ALL                 
19 18 22.6 +27 17  0.6 2000   0.2  0    1.4469877000 2452500.70500 0.5
PV    Lyr 12.000 - 12.30 EA/SD                 PRI                 
19 19  2.6 +31 36 36.3 2000   0.4  0    1.1986322000 2452501.20600 0.5
PY    Lyr 12.500 - 13.50 EW/KW      F0         ALL                 
19 20 26.0 +28 56 43.8 2000   0.0  0    0.3857765500 2452500.23410 0.5
QQ    Lyr 14.500 - 15.10 EB/SD                 PRI                 
19 21  2.0 +31 43 59.8 2000   0.0  0    1.7467350000 2452501.39000 0.5
QU    Lyr 12.700 - 13.10 EW/KE                 ALL                 
19 23 23.8 +34 44  6.5 2000   0.0  0    1.2230371000 2452500.17470 0.5
V336  Lyr 14.900 - 16.00 EA/SD                 PRI                 
18 27 47.3 +33  2 24.0 2000   0.1  0    1.9051230000 2452500.80000 0.5
V361  Lyr 14.300 - 15.70 E                     PRI                 
19  2 28.0 +46 58 57.8 2000   0.0  0    0.3096128300 2452500.20540 0.5
V370  Lyr 14.000 - 15.00 E                     PRI                 
19 13 27.3 +42 14 53.3 2000   0.0  0    7.0028654000 2452504.00470 0.5
V370  Lyr 14.000 - 15.00 E                     SEC                 
19 13 27.3 +42 14 53.3 2000   0.0  0    7.0028651000 2452507.48740 0.5
V376  Lyr 14.300 - 14.80 EA                    ALL                 
19 20 25.5 +31 39 29.5 2000   0.1  0    1.5335507000 2452500.89400 0.5
V400  Lyr 13.500 - 14.00 RRAB                  ALL                 
19 13 52.7 +38  6 56.4 2000   0.0  0    0.2534247400 2452500.07870 0.5
V401  Lyr 13.600 - 15.60 E                     ALL                 
19 14 15.7 +38 26 58.2 2000   0.0  0    1.3150522000 2452500.24190 0.5
V404  Lyr 12.200 - 13.00 EB/SD                 ALL                 
19 19  6.0 +38 22  0.5 2000   0.0  0    0.7309425000 2452500.48990 0.5
V406  Lyr 12.500 - 13.00 EW/KE                 ALL                 
18 32 16.3 +41 50 45.6 2000   0.0  0    0.8607908000 2452500.74100 0.5
V412  Lyr 13.700 - 14.70 EA/KE                 ALL                 
19  6 48.5 +29 16 40.4 2000   0.1  0    0.9314890000 2452500.83500 0.5
V417  Lyr 14.900 - 16.20 EW/KW                 ALL                 
19  8 39.1 +30 43  9.4 2000   0.0  0    0.3006611000 2452500.18400 0.5
V426  Lyr 14.300 - 15.10 EA                    PRI                 
19 13 17.4 +26 59 49.5 2000   0.0  0    6.3436232000 2452501.12390 0.5
V429  Lyr 14.500 - 16.30 EA/SD                 PRI                 
19 13 37.6 +34 29 10.3 2000   0.2  0    1.0676033000 2452500.40900 0.5
V431  Lyr 14.300 - 15.10 EW/KW                 ALL                 
19 14  0.4 +33 35 37.7 2000   0.0  0    0.4463644000 2452500.32900 0.5
V449  Lyr 12.500 - 16.00 E                     PRI                 
19  7 37.1 +44  0 19.8 2000   0.0  0    3.6070210000 2452503.18000 0.5
V466  Lyr 13.200 - 14.60 E /SD                 PRI                 
18 18 46.9 +32  4  5.6 2000   0.0  0    7.1846426000 2452504.36130 0.5
V477  Lyr 14.300 - 16.00 EA/PN                 PRI                 
18 31 18.5 +26 56 12.0 2000   0.0  0    0.4717291100 2452500.41370 0.5
V481  Lyr 12.800 - 14.30 E                     PRI                 
18 47 46.4 +43 43 43.0 2000   0.0  0    7.2267200000 2452504.87000 0.5
V507  Lyr 14.210 - 14.75 EW                    ALL                 
18 40 48.5 +28  1 38.0 2000   0.0  0    0.3669122000 2452500.25000 0.5
V512  Lyr 13.200 - 13.90 EA                    pri                 
19  6 22.8 +45 41 54.6 2000   0.0  0    2.0152034000 2452500.56010 0.5
V563  Lyr 10.960 - 11.47 EW                    ALL                 
18 45  6.6 +40 11 11.5 2000   0.0  0    0.5776432000 2452500.26780 0.5
V569  Lyr 11.900 - 12.30 EA                    ALL                 
18 15 21.9 +39  5 45.7 2000   0.0  0    1.2397627000 2452500.67740 0.5
V571  Lyr 11.700 - 12.30 EA                    ALL                 
18 21  2.0 +44 38 42.7 2000   0.0  0    1.2525930000 2452500.67800 0.5
V572  Lyr 10.600 - 11.00 EA                    ALL                 
18 21 38.3 +42 10  7.7 2000   0.0  0    0.9933025000 2452500.84900 0.5
V573  Lyr 10.800 - 11.30 EW                    ALL                 
18 23  1.3 +40  8 34.6 2000   0.0  0    0.8705460000 2452500.63000 0.5
V574  Lyr 12.010 - 12.68 EW                    ALL                 
18 27 12.2 +36 14 36.7 2000   0.0  0    0.2731273600 2452500.18800 0.5
V576  Lyr 12.300 - 12.70 EB                    ALL                 
18 39  7.8 +41 56 54.2 2000   0.0  0    0.5335741000 2452500.52100 0.5
V577  Lyr 14.500 - 15.00 EW                    ALL                 
18 42 41.4 +45 29  3.3 2000   0.0  0    0.3900109000 2452500.24800 0.5
V579  Lyr 12.770 - 13.25 EW                    ALL                 
18 50 52.3 +43 40 11.9 2000   0.0  0    0.2429031000 2452500.11600 0.5
V580  Lyr 12.790 - 13.36 EW                    ALL                 
18 51 10.4 +35 35 56.5 2000   0.0  0    0.2890514000 2452500.23700 0.5
V582  Lyr 13.440 - 14.61 EW                    ALL                 
18 55 38.2 +40 58 57.4 2000   0.0  0    0.2559045300 2452500.01100 0.5
V583  Lyr 12.800 - 13.80 EA                    PRI                 
19  5 33.8 +39 20  3.8 2000   0.0  0   11.2580200000 2452508.54000 0.5
V589  Lyr 11.600 - 12.00 EW                    PRI                 
19 25 31.8 +42 51 13.0 2000   0.0  0    0.6964348700 2452500.02180 0.5
V591  Lyr 13.280 - 13.97 EW                    ALL                 
18 24 36.8 +38 17 34.0 2000   0.0  0    0.3003948100 2452500.18000 0.5
V592  Lyr 12.410 - 12.92 EW                    ALL                 
18 30 53.7 +34  8 10.1 2000   0.0  0    0.3556860200 2452500.08110 0.5
V596  Lyr 12.090 - 12.75 EW                    ALL                 
18 46 55.1 +45  0 51.7 2000   0.0  0    0.2996281400 2452500.11630 0.5
V648  Lyr 13.700 - 14.65 EW                    ALL                 
18 23 45.5 +41  5 48.0 2000   0.0  0    0.3687516000 2452500.30390 0.5
V649  Lyr 14.060 - 14.90 EW                    ALL                 
18 24 26.9 +45 39  1.4 2000   0.0  0    0.2922556000 2452500.14500 0.5
V653  Lyr 11.210 - 11.75 EW                    ALL                 
18 30 16.5 +41  5  8.4 2000   0.0  0    0.4688112400 2452500.05800 0.5
V658  Lyr 11.250 - 11.62 EW                    ALL                 
18 33 36.1 +46 35 41.6 2000   0.0  0    0.3302576000 2452500.17700 0.5
V674  Lyr 14.900 - 15.20 EW                    ALL                 
19  4 29.2 +36 39 49.3 2000   0.0  0    0.3003720000 2452500.12900 0.5
V745  Lyr  8.770 -  9.69 EA         B9-A0      ALL                 
18 54 22.2 +36 51  7.5 2000   0.0  0    4.3022127000 2452501.24610 0.5
V748  Lyr 13.600 - 14.20 EW                    ALL                 
19 10 13.2 +29 12 32.8 2000   0.0  0    0.3619676000 2452500.03100 0.5
TY    Men  8.080 -  8.56 EW/K       A3-4V      PRI                 
 5 26 49.7 -81 35  7.2 2000   0.0  0    0.4616659600 2452500.45840 0.5
TZ    Men  6.190 -  6.87 EA/D       A1III+B9V  PRI                 
 5 30 13.9 -84 47  6.4 2000   0.3  0    8.5689890000 2452506.55000 0.5
TZ    Men  6.190 -  6.87 EA/D       A1III+B9V  SEC                 
 5 30 13.9 -84 47  6.4 2000   0.3  0    8.5690168000 2452510.94070 0.5
UX    Men  8.800 -  9.57 EA/DM      G1V+G1V    all                 
 5 30  3.2 -76 14 55.3 2000   0.2  0    4.1810990000 2452500.10800 0.5
AN    Men  9.360 -  9.54 EW                    ALL                 
 6  0 19.5 -80 35 53.1 2000   0.0  0    0.4619762000 2452500.06090 0.5
AT    Men 11.220 - 11.93 EA         G0         PRI                 
 4 52  6.9 -70 43 52.5 2000   0.2  0    2.3446220000 2452500.76000 0.5
RZ    Mic 11.000 - 11.80 EA/DM      A5         PRI                 
20 50 16.4 -42 13  4.8 2000   0.6  0    3.9830406000 2452501.18700 0.5
CZ    Mic 12.700 - 13.53 EA                    ALL                 
20 54 44.0 -39 48 10.7 2000   0.1  0    1.0094192000 2452500.03000 0.5
DI    Mic 12.630 - 13.35 EW                    ALL                 
21  2 39.1 -35 43 32.9 2000   0.0  0    0.2866908000 2452500.27300 0.5
RU    Mon 10.330 - 11.18 EA/DM      B9p        SEC                 
 6 54 12.3 -07 35 45.0 2000   0.2  0    3.5845510000 2452502.43000 0.5
RU    Mon 10.330 - 11.18 EA/DM      B9p        PRI                 
 6 54 12.3 -07 35 45.0 2000   0.2  0    3.5846820000 2452500.99900 0.5
RW    Mon  9.260 - 11.51 EA/SD      B9V+F8V-G0 ALL                 
 6 34 45.9 +08 49 32.2 2000   0.3  0    1.9060830000 2452501.16760 0.5
TU    Mon  9.000 - 11.70 EA/SD      B5V+A5III  ALL                 
 7 53 19.8 -03  2 31.1 2000   0.8  0    5.0490270000 2452502.06000 0.5
TV    Mon 12.000 - 13.90 EA/SD                 PRI                 
 6 28 22.7 +05 12 57.1 2000   0.4  0    4.1797481000 2452501.37160 0.5
UU    Mon 12.800 - 14.10 EA/SD                 PRI                 
 6 59 45.1 +02 12 28.8 2000   0.3  0    1.0498188000 2452500.66520 0.5
UV    Mon 12.900 - 14.00 RR                    PRI                 
 7  2 60.0 +00 37 18.9 2000   0.1  0    0.4156735800 2452500.00790 0.5
UX    Mon  8.220 -  9.16 EA+DSCT    A6Vep+G0-G ALL                 
 7 59 16.4 -07 30 17.9 2000   1.0  0    5.9044830000 2452500.79000 0.5
VV    Mon  9.400 -  9.95 EA/D/RS    K0IV+G2    all                 
 7  3 18.3 -05 44 15.5 2000   0.7  0    6.0504270000 2452502.71840 0.5
VX    Mon 12.800 - 14.30 EA/SD                 PRI                 
 6 31  0.0 +09 18 18.8 2000   0.3  0    1.6296270000 2452500.44700 0.5
XZ    Mon 13.400 - 15.10 EA/SD                 PRI                 
 6 53 36.4 -04 13 21.4 2000   0.2  0    0.8760826000 2452500.34200 0.5
AE    Mon 13.200 - 14.60 EA                    PRI                 
 7  1 25.0 -02 20 20.4 2000   0.5  0    3.2287090000 2452501.61000 0.5
AN    Mon 11.600 - 12.70 EA                    ALL                 
 6 59 36.3 -10 37 21.8 2000   0.4  0    2.4457994000 2452502.16300 0.5
AO    Mon  9.600 - 10.23 EA/DM      B3+B5      ALL                 
 7  6 36.3 -04 37 24.5 2000   0.3  0    1.8847600000 2452501.91500 0.5
AQ    Mon 10.500 - 11.30 EA/DM      A0         PRI                 
 7 14 17.7 -07 13 45.1 2000   0.2  0    2.5455513000 2452501.43120 0.5
AR    Mon  8.620 -  9.47 EA/GS/RS   G8III+K0II ALL                 
 7 20 48.5 -05 15 35.8 2000   1.7  0   21.2078000000 2452522.52000 0.5
AS    Mon 10.700 - 11.40 EA         A          ALL                 
 7 22 23.6 -08 51 59.2 2000   0.4  0    3.6731170000 2452500.93800 0.5
AT    Mon 10.500 - 11.40 EA/D       F2         PRI                 
 7 24 29.9 -07 33 30.3 2000   0.2  0    2.0290220000 2452501.85900 0.5
AU    Mon  8.110 -  9.06 EA/DS      B5ea+F0    PRI                 
 6 54 54.7 -01 22 32.8 2000   1.1  0   11.1130200000 2452503.06000 0.5
AV    Mon 10.800 - 11.70 EA/SD      A0         ALL                 
 7 28 16.1 -04 36 50.5 2000   0.7  0    6.9473130000 2452504.54800 0.5
AW    Mon 10.500 - 12.20 EA/DS      A2ea       all                 
 7 48 43.8 -10 26 41.7 2000   1.7  0   20.8175150000 2452504.56790 0.5
AY    Mon 13.300 - 15.50 EA/SD                 ALL                 
 6 53 18.0 +09  8 16.2 2000   0.4  0    2.1442510000 2452500.93800 0.5
BB    Mon 10.600 - 11.30 EA/KE      A0         PRI                 
 7  1 16.5 -08 41 42.6 2000   0.1  0    0.7326988700 2452500.39850 0.5
BH    Mon 14.000 - 15.00 EA                    PRI                 
 6 56 38.7 +09 19 23.9 2000   0.3  0    2.3246520000 2452501.08000 0.5
BM    Mon 12.200 - 13.80 EA/SD      B1V        ALL                 
 7  8 45.3 +00 41 46.1 2000   0.2  0    1.2449485000 2452501.18600 0.5
BO    Mon 10.000 - 12.10 EA/SD      A2         PRI                 
 7 59 50.1 -03 28 36.7 2000   0.3  0    2.2252542000 2452501.82900 0.5
BP    Mon 13.100 - 15.70 EA/SD                 PRI                 
 6 56 55.4 +05  1 43.8 2000   0.3  0    2.0570087000 2452501.12910 0.5
BT    Mon  4.000 - 18.70 NA+EA      pec Nova   PRI                 
 6 43 47.2 -02  1 13.0 2000   0.0  0    0.3338133000 2452500.00900 0.5
BZ    Mon 12.100 - 15.40 EA/SD                 pri                 
 6 37 38.2 +04 57 46.2 2000   0.2  0    3.4517210000 2452501.97900 0.5
CC    Mon 13.700 - 14.40 EA/KE                 PRI                 
 6 39 56.3 +06 42 28.6 2000   0.3  0    1.6195133000 2452500.66550 0.5
CE    Mon 14.100 - 16.30 EA/SD                 pri                 
 6 46 57.4 +03  3 26.2 2000   0.6  0    4.1094300000 2452500.39000 0.5
CF    Mon 13.600 - 14.90 EA                    PRI                 
 6 49 22.0 -00 23 46.6 2000   0.3  0    2.6104837000 2452501.87920 0.5
CK    Mon 12.700 - 14.40 EA/SD                 PRI                 
 6 53 46.8 +05 36 42.1 2000   0.3  0    2.0570363000 2452501.55300 0.5
CP    Mon 13.000 - 13.90 EA/SD                 PRI                 
 7  0 11.9 +04  8 25.3 2000   0.3  0    1.8836815000 2452501.92200 0.5
DD    Mon 11.100 - 11.80 EB/KE      B5         ALL                 
 6 45 57.8 -00 17 31.9 2000   0.0  0    0.5680193000 2452500.17040 0.5
DN    Mon 13.200 - 14.00 EB/KE                 ALL                 
 6 57 15.8 +04 56 14.6 2000   0.0  0    1.2013908000 2452500.56800 0.5
DW    Mon 12.900 - 13.40 EA/D                  PRI                 
 6 47 51.4 -02 41 19.0 2000   0.5  0    3.5693700000 2452500.50500 0.5
EH    Mon 13.800 - 16.30 EA/SD                 PRI                 
 6 52  8.7 -07  3 52.9 2000   0.4  0    3.6347610000 2452500.43000 0.5
EI    Mon 13.900 - 14.40 EA/K                  PRI                 
 6 52 27.3 -05 45 51.5 2000   0.2  0    0.9107426000 2452500.31000 0.5
EP    Mon 10.500 - 11.10 EA/KE      A2         PRI                 
 6 56 33.4 -05 21 10.3 2000   0.2  0    1.1480962000 2452500.44860 0.5
ES    Mon 13.000 - 14.60 EA/DS                 PRI                 
 6 59 48.7 -07 25 11.1 2000   0.7  0   11.9991200000 2452504.65000 0.5
EW    Mon 13.800 - 14.20 EB/KE                 ALL                 
 7  1 30.5 -08  1 10.9 2000   0.0  0    1.2396668000 2452500.10900 0.5
EZ    Mon 12.900 - 13.40 RR                    ALL                 
 7  5 25.4 -05 10 36.7 2000   0.1  0    0.7523376000 2452500.67300 0.5
FH    Mon 14.100 - 15.70 EA/SD                 PRI                 
 7  8 49.4 -02 32  0.6 2000   0.2  0    1.4250679000 2452500.90000 0.5
FN    Mon 13.500 - 15.20 EA/SD                 ALL                 
 7 13 46.6 -09  9 47.4 2000   0.3  0    1.4546960000 2452501.18200 0.5
FS    Mon 10.500 - 11.50 EA/D       F2         ALL                 
 7 24 42.3 -05  9 14.6 2000   0.2  0    1.9058690000 2452501.81920 0.5
FV    Mon 11.500 - 13.90 EA/SD      A2         PRI                 
 6 52 17.7 +08 48 38.9 2000   0.6  0    7.5187400000 2452505.66000 0.5
FW    Mon  9.400 - 10.60 EA/SD      B5+F2      PRI                 
 7 57 38.4 -07 11 22.1 2000   0.5  0    3.8735840000 2452500.37800 0.5
GG    Mon 13.000 - 14.10 EA                    PRI                 
 7  2 55.3 -01 16 12.9 2000   0.4  0    2.4847338000 2452500.60500 0.5
GH    Mon 12.800 - 13.70 EA                    ALL                 
 7  4 41.4 -02 28 19.0 2000   0.1  0    0.7071833000 2452500.65800 0.5
GO    Mon 12.500 - 14.70 EA/DS                 ALL                 
 6 34 30.5 +09 24 13.5 2000   1.2  0   12.4663810000 2452507.52870 0.5
GU    Mon 11.800 - 12.50 EW                    ALL                 
 6 44 46.9 +00 13 18.3 2000   0.0  0    0.8966476000 2452500.14600 0.5
HI    Mon  9.300 - 10.10 EB/KE      B1V        ALL                 
 6 55 49.1 -04  2 35.8 2000   0.0  0    1.5744312000 2452500.67420 0.5
HK    Mon 13.800 - 16.20 EA/SD                 pri                 
 6 57  8.2 +11 40 54.5 2000   0.2  0    1.8355770000 2452500.79880 0.5
HM    Mon 13.400 - 14.20 EB                    ALL                 
 7  3  2.9 +00 13 49.4 2000   0.0  0    0.4076564000 2452500.30280 0.5
HP    Mon 13.200 - 15.40 EA/SD                 PRI                 
 7 10 30.7 -05 33  0.4 2000   0.2  0    1.4546183000 2452501.27000 0.5
HT    Mon 13.800 - 14.70 EA/SD                 PRI                 
 7 17 36.2 -06 16 54.1 2000   0.2  0    1.2859458000 2452501.12700 0.5
HY    Mon 11.500 - 12.40 EB         F8         all                 
 7 44 51.0 -07 32 49.3 2000   0.0  0    1.5657250000 2452501.11000 0.5
IL    Mon 10.600 - 11.60 EA/SD      A0         PRI                 
 7 55 36.0 -03 34 55.5 2000   0.3  0    4.0263040000 2452501.20000 0.5
IM    Mon  6.400 -  6.49 EB/KE      B5Vp+B7    ALL                 
 6 23  1.5 -03 16 37.1 2000   0.0  0    1.1902423000 2452500.68400 0.5
IU    Mon 12.500 - 14.80 EA/SD                 PRI                 
 6 55  6.2 +10 12 41.7 2000   0.5  0    5.6386000000 2452503.73300 0.5
IX    Mon 12.600 - 13.10 EB/KE                 PRI                 
 6 57 47.5 +11 48 21.0 2000   0.0  0    1.1032677000 2452500.97040 0.5
IZ    Mon 11.900 - 12.60 EB                    PRI                 
 7  0 44.8 +08 49  3.0 2000   0.0  0    0.7797974000 2452500.38090 0.5
KR    Mon 11.700 - 13.00 S          G3V        ALL                 
 7 56 23.0 -00 43 43.5 2000   0.0  0    1.1509608000 2452500.55800 0.5
MX    Mon 11.400 - 12.10 EB/KE      A5         ALL                 
 7 12 33.0 -04 27 13.8 2000   0.0  0    0.6864410000 2452500.68500 0.5
NN    Mon 12.700 - 13.90 EA/SD                 ALL                 
 7 19 26.1 -01 26 33.7 2000   0.2  0    0.9123634000 2452500.54040 0.5
NS    Mon 10.600 - 11.10 EW/DW      G0         ALL                 
 6 36  8.0 +07 51 43.6 2000   0.0  0    1.7776191000 2452500.80700 0.5
PR    Mon 11.000 - 11.70 E          A          ALL                 
 7 38 21.5 -10  4 46.2 2000   0.0  0    2.5737379000 2452501.18950 0.5
V380  Mon 12.400 - 12.90 EW/DW      F5         ALL                 
 6 52  9.2 -01 37 23.1 2000   0.0  0    0.9958814000 2452500.35900 0.5
V383  Mon 14.700 - 15.40 EW                    ALL                 
 7  4 37.9 -01 55 46.3 2000   0.0  0    0.6346742100 2452500.40720 0.5
V384  Mon 12.600 - 13.10 EB/KE                 ALL                 
 7  6 51.5 -00 41  1.7 2000   0.0  0    1.1184798000 2452500.80200 0.5
V395  Mon 12.700 - 13.80 EA                    PRI                 
 6 37  5.6 +02 21 13.2 2000   0.5  0    3.3685824000 2452500.37100 0.5
V396  Mon 12.600 - 13.60 EW/KW                 ALL                 
 6 38 36.5 +03 36 17.1 2000   0.0  0    0.3963413000 2452500.25160 0.5
V397  Mon 11.700 - 12.70 EB                    ALL                 
 6 38 30.7 -04 21 49.1 2000   0.0  0    4.7038610000 2452500.59800 0.5
V404  Mon 13.100 - 13.70 EA/D                  PRI                 
 6 39 29.0 -00 44 30.9 2000   0.4  0    2.4452060000 2452501.79000 0.5
V442  Mon 11.200 - 11.70 EA/DM                 ALL                 
 6 42 19.5 +03 48 22.4 2000   0.3  0    1.6670190000 2452500.67500 0.5
V445  Mon 10.900 - 11.70 EB/D                  ALL                 
 6 43  8.4 -01 46 43.1 2000   0.0  0    3.1310150000 2452501.34000 0.5
V448  Mon  9.400 -  9.90 EB/KE      A2         PRI                 
 6 47 45.0 +01 22 17.9 2000   0.0  0    1.1184776000 2452500.86620 0.5
V450  Mon 12.100 - 12.70 EB/DM      B5         ALL                 
 6 49 19.3 +00 19 51.1 2000   0.0  0    2.5970180000 2452500.39300 0.5
V451  Mon 14.400 - 15.20 EB/DM                 PRI                 
 6 49 38.6 +01 16  2.5 2000   0.0  0    1.8320900000 2452501.75000 0.5
V452  Mon 12.600 - 13.20 EA/KE                 PRI                 
 6 49 55.9 -04 10 20.5 2000   0.3  0    1.5382945000 2452501.28000 0.5
V453  Mon 11.100 - 11.80 EW                    ALL                 
 6 50 39.0 -02 22  7.2 2000   0.0  0    0.5110020000 2452500.45920 0.5
V454  Mon 12.000 - 12.40 EA/D                  PRI                 
 6 53 56.2 +01 35  8.8 2000   0.3  0    2.2475946000 2452501.24900 0.5
V456  Mon 13.600 - 15.90 EA/SD                 PRI                 
 6 56  4.7 +01 22 21.1 2000   0.3  0    1.5732779000 2452501.26200 0.5
V457  Mon 13.600 - 14.40 EA                    ALL                 
 6 56 55.3 -01 54 50.0 2000   0.2  0    0.9509524000 2452500.54900 0.5
V459  Mon 14.500 - 15.70 EB                    PRI                 
 6 58 20.0 +01 19  0.1 2000   0.0  0    2.8206060000 2452500.98000 0.5
V460  Mon 10.500 - 11.20 EB/KE                 ALL                 
 7  0 16.6 +02  2 12.3 2000   0.0  0    1.3975910000 2452501.25000 0.5
V463  Mon 14.300 - 15.10 EA                    PRI                 
 7  5 32.7 +02 56  7.7 2000   0.3  0    1.1238345000 2452500.69500 0.5
V464  Mon 12.100 - 12.90 EB                    PRI                 
 7  5 43.7 -03  9 33.8 2000   0.0  0    1.1264030000 2452500.45600 0.5
V479  Mon 13.700 - 14.50 IN                    pri                 
 6 30 44.8 +09 45 25.0 2000   0.0  0    1.4681550000 2452500.93020 0.5
V494  Mon 11.600 - 12.20 EA                    PRI                 
 6 36 44.3 -02 51 44.6 2000   0.2  0    0.8388227200 2452500.36950 0.5
V496  Mon 12.500 - 13.30 EB                    ALL                 
 6 37 44.7 +03 18  0.9 2000   0.0  0    0.6607631000 2452500.46020 0.5
V498  Mon 10.300 - 10.60 EA                    PRI                 
 6 39 44.3 +01 57 45.3 2000   0.3  0    2.4727880000 2452501.93800 0.5
V498  Mon 10.300 - 10.60 EA                    SEC                 
 6 39 44.3 +01 57 45.3 2000   0.3  0    2.4727510000 2452503.16800 0.5
V501  Mon 12.700 - 13.20 EA/D                  PRI                 
 6 40 41.7 -01  6 40.0 2000   0.3  0    7.0212050000 2452502.93600 0.5
V501  Mon 12.700 - 13.20 EA/D                  SEC                 
 6 40 41.7 -01  6 40.0 2000   0.3  0    7.0212120000 2452506.07800 0.5
V502  Mon 12.200 - 13.20 EB /DS                ALL                 
 6 43 26.2 -02 29 49.9 2000   0.0  0   25.5397000000 2452507.40000 0.5
V505  Mon  7.150 -  7.65 EB/GS/D    B5eaIb+B5  all                 
 6 45 50.0 +02 29 57.4 2000   0.0  0   53.7700740000 2452512.82060 0.5
V507  Mon 13.700 - 14.30 EA/KE                 PRI                 
 6 46 58.8 +01 19 33.5 2000   0.2  0    1.0790213000 2452501.01900 0.5
V514  Mon 12.800 - 13.30 EW                    ALL                 
 6 49 18.5 -00  3 32.4 2000   0.0  0    0.5573889000 2452500.36600 0.5
V515  Mon 12.300 - 12.90 EA                    ALL                 
 6 49 21.1 -02  6 48.8 2000   0.1  0    0.8739714600 2452500.35900 0.5
V521  Mon 10.000 - 10.50 EA/DM      A0         PRI                 
 6 55 53.6 -00 14 23.7 2000   0.5  0    2.9706990000 2452501.76500 0.5
V521  Mon 10.000 - 10.50 EA/DM      A0         SEC                 
 6 55 53.6 -00 14 23.7 2000   0.5  0    2.9706680000 2452503.61000 0.5
V524  Mon 14.400 - 15.20 EW/KW                 ALL                 
 6 59  1.2 +02 12 50.9 2000   0.0  0    0.2836177000 2452500.21000 0.5
V527  Mon 12.200 - 12.90 EA                    PRI                 
 7  2  5.6 -01 54 22.9 2000   0.2  0    0.8245727200 2452500.42790 0.5
V528  Mon 12.800 - 13.80 EA/SD                 PRI                 
 7  2 36.3 +01 59 59.1 2000   0.3  0    1.4237489000 2452500.78060 0.5
V530  Mon 12.400 - 12.80 EW                    ALL                 
 7  3 15.8 +03 14 53.8 2000   0.0  0    0.5255307000 2452500.54100 0.5
V532  Mon 12.200 - 12.80 EW /KW                ALL                 
 7  4 30.6 -00 21  5.3 2000   0.0  0    0.4669735000 2452500.10600 0.5
V536  Mon  9.100 - 10.10 E          B4V        PRI                 
 7 13 55.6 -02 54 29.9 2000   0.0  0    6.1339700000 2452500.31200 0.5
V536  Mon  9.100 - 10.10 E          B4V        SEC                 
 7 13 55.6 -02 54 29.9 2000   0.0  0    6.1339800000 2452502.82100 0.5
V578  Mon  8.540 -  8.57 E          B0V+B0V    PRI                 
 6 32  0.6 +04 52 40.9 2000   0.0  0    2.4085321000 2452501.34190 0.5
V578  Mon  8.540 -  8.57 E          B0V+B0V    SEC                 
 6 32  0.6 +04 52 40.9 2000   0.0  0    2.4084140000 2452502.56900 0.5
V634  Mon 12.000 - 12.40 E                     PRI                 
 7 17 10.1 -01 44 18.8 2000   0.0  0    2.1141204000 2452500.75160 0.5
V635  Mon  7.600 -  8.10 EA/DM      F5+A2      ALL                 
 8  1 44.5 -08 35 35.4 2000   0.0  0    1.8078652000 2452501.79780 0.5
V680  Mon  9.600 - 10.10 RR                    PRI                 
 6 59 30.7 +09 18 59.6 2000   0.0  0    8.5379440000 2452504.05140 0.5
V681  Mon 13.000 - 15.50 EA/SD                 all                 
 7 52 22.0 -01 17 25.1 2000   0.0  0    5.7574400000 2452500.79100 0.5
V684  Mon  8.440 -  0.10 EA/DM                 PRI                 
 6 40 38.4 +09 47 16.0 2000   0.0  0    1.8514229000 2452500.23080 0.5
V684  Mon  8.440 -  0.10 EA/DM                 SEC                 
 6 40 38.4 +09 47 16.0 2000   0.0  0    1.8514199000 2452501.12960 0.5
V710  Mon 14.570 - 15.01 EW/KW                 ALL                 
 7 46 51.8 -04 41 36.8 2000   0.0  0    0.4051978400 2452500.22810 0.5
V714  Mon 11.500 -  0.64 EW                    ALL                 
 6 29 12.4 +04 44 40.1 2000   0.0  0    0.3445059000 2452500.17430 0.5
V730  Mon  8.850 -  8.95 EA                    PRI                 
 6 34 40.7 -08 36 29.2 2000   0.0  0    1.5723130000 2452501.12400 0.5
V730  Mon  8.850 -  8.95 EA                    SEC                 
 6 34 40.7 -08 36 29.2 2000   0.0  0    1.5723230000 2452501.96500 0.5
V753  Mon  8.300 -  8.82 EB                    ALL                 
 7 10 57.8 -03 52 43.2 2000   0.0  0    0.6770439600 2452500.53100 0.5
V843  Mon 12.400 -  0.52 EW                    ALL                 
 6 58 10.9 +10 13 58.0 2000   0.0  0    0.5261212300 2452500.47100 0.5
V864  Mon  9.900 - 10.60 EW         G0         ALL                 
 7 15  8.4 -04 44 21.0 2000   0.0  0    0.3584285000 2452500.33200 0.5
V868  Mon  8.900 -  9.50 EB                    ALL                 
 7 39  4.8 -02 39  5.6 2000   0.0  0    0.6377178000 2452500.24300 0.5
V900  Mon  9.800 - 11.50 FU                    ALL                 
 6 57 22.2 -08 23 17.6 2000   0.0  0    0.2983039800 2452500.15680 0.5
V922  Mon 10.870 - 11.50 EA         A5+A2      PRI                 
 6 58 29.9 +08 41 17.2 2000   0.0  0    2.0870815000 2452501.64120 0.5
V925  Mon  8.300 -  8.55 EA         B9         PRI                 
 7  1  5.1 -03 58 15.5 2000   0.6  0    5.9557000000 2452500.73000 0.5
V925  Mon  8.300 -  8.55 EA         B9         SEC                 
 7  1  5.1 -03 58 15.5 2000   0.6  0    5.9557009000 2452503.88560 0.5
V935  Mon  9.700 - 10.20 EA         A0         PRI                 
 7 17 10.2 -01 32 14.2 2000   0.0  0    5.9939441000 2452500.73630 0.5
V935  Mon  9.700 - 10.20 EA         A0         SEC                 
 7 17 10.2 -01 32 14.2 2000   0.0  0    5.9940205000 2452505.39920 0.5
V948  Mon 13.000 - 13.70 EW                    ALL                 
 8  1 51.2 -00 33 26.3 2000   0.0  0    0.3771034000 2452500.16100 0.5
V1014 Mon  9.160 -  9.33 EA         A1IV/V     PRI                 
 7 12 20.8 -05 25 53.9 2000   0.2  0    1.2114580000 2452500.42200 0.5
V1014 Mon  9.160 -  9.33 EA         A1IV/V     SEC                 
 7 12 20.8 -05 25 53.9 2000   0.2  0    1.2114576000 2452501.03000 0.5
TU    Mus  8.170 -  8.75 EB/KE      O8.5Vn+O8  ALL                 
11 31 10.9 -65 44 32.1 2000   0.0  0    1.3872833000 2452501.24150 0.5
TV    Mus 11.000 - 11.30 EW/KW      F2         ALL                 
11 39 57.8 -64 48 59.3 2000   0.0  0    0.4456647000 2452500.03600 0.5
TW    Mus 12.000 - 12.40 EW/KW                 ALL                 
11 42 41.4 -66 28 14.1 2000   0.0  0    0.4179541000 2452500.07100 0.5
UV    Mus 10.200 - 11.40 EA/SD      A2         ALL                 
11 54  7.4 -66 12 19.2 2000   0.3  0    2.0032926000 2452500.27900 0.5
UW    Mus 11.700 - 12.80 EA/SD                 ALL                 
12  6 33.7 -65  4 14.5 2000   0.9  0    6.2880370000 2452506.10000 0.5
UY    Mus 11.700 - 13.00 EB/SD                 all                 
12 30 46.8 -66  1 53.0 2000   0.0  0    0.5624409400 2452500.38750 0.5
VW    Mus 13.500 - 14.10 EA/DM                 ALL                 
12  0 23.8 -66  0 56.8 2000   0.4  0    3.7056540000 2452502.58000 0.5
VX    Mus 11.000 - 11.70 EA/SD                 PRI                 
12  1 21.1 -65 52 44.3 2000   0.6  0    3.1117680000 2452500.94000 0.5
BC    Mus 12.200 - 14.50 EA/SD                 PRI                 
11 47 35.0 -64 43 28.1 2000   0.4  0    3.5110918000 2452502.89530 0.5
BD    Mus 13.100 - 13.70 EA/SD                 PRI                 
12 18  8.4 -65 26 51.5 2000   0.3  0    1.4813542000 2452500.68000 0.5
BF    Mus 14.000 - 14.40 EW/KE                 ALL                 
12 21 15.8 -66 30 44.9 2000   0.0  0    0.8447763000 2452500.54900 0.5
BP    Mus  9.600 - 13.00 EA/SD                 all                 
12 50 37.7 -71 46 18.7 2000   0.4  0    3.3204627000 2452501.57610 0.5
BR    Mus 10.640 - 11.28 EW/KE                 ALL                 
12  4 51.8 -72 52 12.0 2000   0.0  0    0.7981977000 2452500.62400 0.5
BS    Mus 10.900 - 11.60 EB/KE                 ALL                 
11 21 43.8 -66  5 24.9 2000   0.0  0    0.7682720000 2452500.19900 0.5
CX    Mus  8.700 -  9.30 EA/D       B5III      PRI                 
11 47 41.9 -68 59 10.2 2000   0.0  0    5.9032420000 2452500.92000 0.5
DO    Mus 11.800 - 12.50 EA/SD                 PRI                 
11 45 39.8 -68 16 15.7 2000   0.0  0    3.4545020000 2452502.92000 0.5
DZ    Mus  8.300 -  8.90 EA/D       B8/9IV-V   PRI                 
11 59 53.5 -69 53  4.8 2000   0.0  0    3.2476210000 2452502.25800 0.5
LL    Mus  8.930 -  9.34 EA                    ALL                 
12 40 50.9 -67 44 24.4 2000   0.0  0    1.3658573000 2452500.26170 0.5
eta   Mus  4.760 -  4.81 E          B8V        ALL                 
13 15 14.9 -67 53 40.5 2000   0.0  0    2.3963180000 2452501.18100 0.5
Z     Nor  9.300 - 10.10 EA/SD      B3IV       ALL                 
16  4 57.1 -46 17 37.4 2000   0.7  0    2.5569413000 2452500.39510 0.5
RR    Nor  9.400 - 10.50 EA/D       B9V        ALL                 
15 12 33.5 -55 18 48.8 2000   0.2  0    1.5137671000 2452500.46300 0.5
SV    Nor 12.000 - 12.60 EW/KW                 ALL                 
15 45 21.9 -59 49 27.6 2000   0.0  0    0.3761176100 2452500.03200 0.5
SZ    Nor 12.300 - 12.60 EA/KE                 ALL                 
15 55 33.0 -56 43 32.8 2000   0.3  0    1.4746609000 2452500.88200 0.5
TU    Nor 12.400 - 12.70 EB/DM                 PRI                 
16  0 34.2 -55 28 17.5 2000   0.0  0    1.6711791000 2452501.18000 0.5
TV    Nor  8.900 -  9.70 EA/DM      Ap Eu-Cr-S ALL                 
16  4  9.2 -51 32 40.1 2000   0.2  0    8.5243890000 2452505.09000 0.5
TY    Nor 11.600 - 12.20 EA/SD                 PRI                 
16 14 12.1 -56 50  2.2 2000   0.5  0    3.5205160000 2452501.11000 0.5
TZ    Nor 12.000 - 12.70 EA/SD                 PRI                 
16 16  7.0 -57 43 30.8 2000   0.5  0    4.2273540000 2452503.27000 0.5
UU    Nor 11.600 - 14.30 EA/SD                 ALL                 
16 20 21.5 -53 44 52.6 2000   0.4  0    3.1482750000 2452501.33000 0.5
VV    Nor 12.100 - 12.30 EA                    ALL                 
16 30 25.4 -52 19 25.8 2000   0.3  0    1.1017610000 2452500.98000 0.5
VX    Nor 11.200 - 11.50 EA                    ALL                 
16 31 24.2 -54 32 55.7 2000   0.3  0    2.0824590000 2452501.47900 0.5
VZ    Nor 13.800 - 14.30 EW                    ALL                 
16 31 26.1 -52  2 40.4 2000   0.0  0    0.5438521000 2452500.44800 0.5
YY    Nor 13.200 - 16.10 EA/SD                 PRI                 
15 47 58.5 -57 24 42.6 2000   0.4  0    1.6949844000 2452501.03300 0.5
BH    Nor 12.700 - 13.20 EW/DM                 all                 
16  3  2.7 -58 23  3.9 2000   0.0  0    2.2892070000 2452500.11000 0.5
CE    Nor 11.500 - 14.50 EA/DS                 PRI                 
16 11 13.2 -60  2 20.9 2000   2.1  0   21.2414660000 2452520.19410 0.5
CM    Nor 11.900 - 12.80 EA/SD                 PRI                 
16 12 50.4 -58 24 40.4 2000   0.4  0    5.5635730000 2452500.98000 0.5
GK    Nor 11.200 - 12.30 EA/SD                 ALL                 
15 34 50.9 -58 23 59.3 2000   0.7  0    6.5400053000 2452503.22640 0.5
GL    Nor 10.600 - 12.80 EA/SD                 PRI                 
15 44 12.6 -51 30 31.7 2000   0.3  0    2.2089495000 2452501.81600 0.5
GM    Nor 10.580 - 11.03 EA/DM                 PRI                 
15 51 58.0 -55 21 48.3 2000   0.2  0    1.8845702000 2452501.17300 0.5
GN    Nor 12.600 - 13.30 EA/DM                 PRI                 
15 55  0.9 -54 31 35.4 2000   0.6  0    5.7034800000 2452504.10000 0.5
GN    Nor 12.600 - 13.30 EA/DM                 SEC                 
15 55  0.9 -54 31 35.4 2000   0.6  0    5.7034440000 2452506.27000 0.5
GV    Nor 10.900 - 11.80 EA/SD                 PRI                 
16 18 41.1 -53 59 42.4 2000   0.3  0    2.9718790000 2452500.15800 0.5
GV    Nor 10.900 - 11.80 EA/SD                 SEC                 
16 18 41.1 -53 59 42.4 2000   0.3  0    2.9718530000 2452501.49100 0.5
HI    Nor 10.100 - 11.20 EA/DS                 PRI                 
15 57 29.2 -56 34 51.1 2000   0.0  0   73.5680720000 2452500.30880 0.5
HM    Nor 11.800 - 13.70 EA/SD                 PRI                 
16  8 43.0 -54  1 22.9 2000   0.5  0    4.4263260000 2452500.32530 0.5
IR    Nor  9.000 -  9.50 EA                    ALL                 
15 48 52.7 -44  5 40.4 2000   0.0  0    1.3762980000 2452501.03300 0.5
IT    Nor  9.400 - 10.00 EB/KE      A0III      ALL                 
16 17  9.2 -44 59 18.2 2000   0.0  0    0.6358160000 2452500.60000 0.5
KO    Nor 12.000 - 12.50 E                     PRI                 
16 25 59.5 -56 55  4.0 2000   0.0  0   33.5622740000 2452513.24740 0.5
KO    Nor 12.000 - 12.50 E                     SEC                 
16 25 59.5 -56 55  4.0 2000   0.0  0   33.5620500000 2452529.05500 0.5
LV    Nor  9.700 - 10.00 E/DM                  all                 
15 46 36.7 -50 59 45.5 2000   0.0  0   15.7591000000 2452508.80000 0.5
NS    Nor 10.100 - 10.62 EA         A0IV       PRI                 
16 27 54.2 -57 41 33.1 2000   0.0  0    3.2236080000 2452502.10300 0.5
NS    Nor 10.100 - 10.62 EA         A0IV       SEC                 
16 27 54.2 -57 41 33.1 2000   0.0  0    3.2236000000 2452503.16100 0.5
V373  Nor  8.470 -  8.65 E                     PRI                 
16 26 41.0 -59 46  8.9 2000   0.0  0    4.9478744000 2452500.76370 0.5
V396  Nor  8.330 -  8.88 EA         A0IV/V     PRI                 
16  4  5.6 -60 12 58.8 2000   0.4  0    5.5355298000 2452503.10520 0.5
V405  Nor  8.810 -  9.15 EA         A0III/IV   PRI                 
15 33 51.0 -58 31 16.9 2000   0.5  0   15.0611960000 2452513.10340 0.5
V451  Nor  9.380 -  9.58 EA         B8IV/V     PRI                 
15 57 27.4 -59 20 15.4 2000   0.3  0    3.4591340000 2452503.43720 0.5
UZ    Oct  9.030 -  9.56 EB/KE                 all                 
 4 43 36.0 -84 48 39.9 2000   0.0  0    1.1493872000 2452500.84600 0.5
BM    Oct 11.400 - 12.20 E                     all                 
21 30 45.3 -79  3 56.5 2000   0.0  0    3.7089650000 2452502.99000 0.5
DE    Oct  9.190 -  9.26 RRC                   ALL                 
20 19 19.2 -76  7 35.5 2000   0.0  0    0.5556010000 2452500.06200 0.5
U     Oph  5.840 -  6.56 EA/DM      B5V+B5V    PRI                 
17 16 31.7 +01 12 38.0 2000   0.3  0    1.6773524000 2452501.16650 0.5
RV    Oph  9.420 - 11.44 EA/SD      A2V        PRI                 
17 34 35.0 +07 14 49.2 2000   0.4  0    3.6871190000 2452502.51800 0.5
RZ    Oph  9.650 - 10.42 EA/GS      F3eIb+K5II PRI                 
18 45 46.4 +07 13 12.3 2000  10.5  0  261.9270000000 2452681.24000 0.5
SW    Oph 10.600 - 11.70 EA/SD      A0         ALL                 
16 16 28.0 -06 58 43.7 2000   0.3  0    2.4460950000 2452501.24400 0.5
SX    Oph 11.800 - 12.30 EA/SD                 ALL                 
16 17 55.5 -06 39 52.1 2000   0.3  0    4.1266081000 2452501.62070 0.5
SZ    Oph 10.700 - 12.20 EA/SD      A          PRI                 
17 15  2.8 -08  3 27.3 2000   0.5  0    3.7085080000 2452501.97700 0.5
UU    Oph 10.000 - 12.50 EA/SD      A0         PRI                 
16 57 22.6 -25 47 58.5 2000   0.5  0    4.3967934000 2452504.16360 0.5
WZ    Oph  9.140 -  9.82 EA/DM      F8V+F8V    ALL                 
17  6 39.0 +07 46 57.8 2000   0.3  0    4.1835068000 2452502.03150 0.5
AL    Oph 14.100 - 15.00 EW         G5         ALL                 
17 26 45.3 +12 57 57.0 2000   0.0  0    0.9929957000 2452500.51600 0.5
CY    Oph 10.800 - 11.70 EA/DS                 PRI                 
16 56  5.9 -28 21 48.5 2000   0.0  0   16.3553310000 2452504.36090 0.5
V378  Oph 13.800 - 15.80 EB/DS                 ALL                 
17 49  4.8 +05  0 31.7 2000   0.0  0   70.4460000000 2452534.80000 0.5
V391  Oph 11.500 - 15.00 EA/SD      A1+G5      PRI                 
17 58  9.1 +04 39 27.6 2000   0.0  0    2.8955630000 2452502.64800 0.5
V415  Oph 14.600 - 15.40 EA                    PRI                 
18  1  4.0 +01 11 23.0 2000   0.0  0    2.5371510000 2452500.74700 0.5
V423  Oph 11.000 - 12.00 EA/SD                 PRI                 
18  6 16.5 +00 33 31.4 2000   0.0  0    1.2037820000 2452500.35700 0.5
V441  Oph 11.600 - 15.50 EA/SD      A0         PRI                 
17 20 52.7 -17 20  5.2 2000   0.5  0    3.0585290000 2452500.98000 0.5
V448  Oph 12.200 - 13.80 EA/SD                 PRI                 
17 15 20.8 -18  6 57.3 2000   0.0  0    1.8196976000 2452501.47400 0.5
V449  Oph 11.500 - 13.30 EA/SD                 PRI                 
17 30 42.5 +10 35  3.2 2000   0.2  0    1.2430778000 2452500.28620 0.5
V451  Oph  7.940 -  0.60 EA/DM      B9V+A2     SEC                 
18 29 14.0 +10 53 31.4 2000   0.3  0    2.1965990000 2452501.58690 0.5
V451  Oph  7.940 -  0.60 EA/DM      B9V+A2     PRI                 
18 29 14.0 +10 53 31.4 2000   0.3  0    2.1965954400 2452500.48220 0.5
V456  Oph 10.200 - 10.70 EA/DM      A5         SEC                 
18 43  5.8 +08 50 23.3 2000   0.2  0    1.0160005000 2452501.02600 0.5
V456  Oph 10.200 - 10.70 EA/DM      A5         PRI                 
18 43  5.8 +08 50 23.3 2000   0.2  0    1.0159957000 2452500.55320 0.5
V487  Oph 12.800 - 14.10 EA/SD                 PRI                 
18  2 33.7 +01 47 47.9 2000   0.0  0    3.1357762000 2452501.32360 0.5
V496  Oph 14.300 - 15.70 E/SD                  PRI                 
18 10 14.6 +03  8 42.0 2000   0.4  0    2.5758520000 2452501.92400 0.5
V501  Oph 10.900 - 11.80 EA/SD      A5         ALL                 
18 18 35.6 +14 13 42.7 2000   0.2  0    0.9679502900 2452500.55300 0.5
V502  Oph  8.340 -  8.84 EW/KW      G2V+F9V    ALL                 
16 41 20.9 +00 30 27.4 2000   0.0  0    0.4533872000 2452500.34900 0.5
V506  Oph 11.200 - 12.00 EB/DM      A-F        ALL                 
17 41  4.2 +07 47  4.3 2000   0.0  0    1.0604274000 2452500.78150 0.5
V508  Oph 10.060 - 10.69 EW/KW      G5         ALL                 
17 58 48.6 +13 29 46.3 2000   0.0  0    0.3447918000 2452500.03500 0.5
V509  Oph 12.600 - 13.80 EA/SD                 PRI                 
18  0  3.2 +03 27 19.6 2000   0.2  0    1.2234569000 2452500.68100 0.5
V511  Oph 13.400 - 15.20 EA/SD                 PRI                 
18  8 19.3 +02 25 30.8 2000   0.2  0    1.0656968000 2452500.88000 0.5
V528  Oph 12.600 - 13.70 EA/SD                 ALL                 
17 37 11.5 -29 50 21.5 2000   0.2  0    5.4110600000 2452501.79200 0.5
V566  Oph  7.460 -  7.96 EW/KW      F4V        ALL                 
17 56 52.4 +04 59 15.3 2000   0.0  0    0.4096574300 2452500.25390 0.5
V572  Oph 15.400 - 16.60 EA/SD                 pri                 
18  4 18.3 +02  6 18.7 2000   0.3  0    2.4306160000 2452501.49000 0.5
V573  Oph 13.100 - 16.10 EA/SD                 PRI                 
18  6  5.4 +02  5 43.8 2000   0.5  0    4.3523100000 2452501.05000 0.5
V577  Oph 11.360 - 12.00 EA/DM      A          PRI                 
18 16 45.8 +06 54 18.2 2000   0.2  0    6.0790890000 2452500.47000 0.5
V577  Oph 11.360 - 12.00 EA/DM      A          SEC                 
18 16 45.8 +06 54 18.2 2000   0.2  0    6.0790726000 2452503.98120 0.5
V586  Oph 13.300 - 15.80 EA/SD                 PRI                 
18 27 13.9 +04 17 15.3 2000   0.3  0    2.6941283000 2452501.98200 0.5
V709  Oph 11.900 - 13.40 E/SD                  PRI                 
16 28  2.8 -04 13 57.4 2000   0.0  0    3.0451470000 2452501.82000 0.5
V735  Oph 10.500 - 11.60 EA/SD      A0         PRI                 
17  7 49.0 +09 33  9.2 2000   0.5  0    3.2051529000 2452500.98470 0.5
V752  Oph 13.000 - 14.60 E/SD                  PRI                 
17 21 23.5 +10 37 47.2 2000   0.0  0    1.8366300000 2452501.53300 0.5
V760  Oph 13.900 - 15.20 E/SD                  ALL                 
17 25 14.2 +09 39 10.1 2000   0.0  0    1.5615326000 2452500.81900 0.5
V839  Oph  8.800 -  9.39 EW/KW      F8V        ALL                 
18  9 21.3 +09  9  3.6 2000   0.0  0    0.4090059000 2452500.45100 0.5
V846  Oph 10.000 - 10.70 EA/SD      A2         PRI                 
17 39 40.9 -28 51 12.1 2000   0.3  0    3.1267220000 2452502.73000 0.5
V849  Oph  7.200 - 17.50 NB         pec Nova   PRI                 
18 14  7.3 +11 36 42.6 2000   0.0  0    0.1727560700 2452500.17650 0.5
V913  Oph 11.500 - 14.50 EA/SD      A-F        PRI                 
17 55  3.6 +14 10 39.2 2000   0.0  0    1.9174390000 2452501.20200 0.5
V916  Oph 11.400 - 13.30 EA/SD                 pri                 
18 22 49.5 +04  7 55.4 2000   0.4  0    3.1148650000 2452503.13000 0.5
V947  Oph 14.100 - 14.50 EW /KW                PRI                 
18  2  5.3 +05 52 45.7 2000   0.0  0    0.7977454000 2452500.31700 0.5
V969  Oph 13.500 - 13.90 EW/KE                 PRI                 
18 20 17.9 +03 30 31.6 2000   0.0  0    0.6014615000 2452500.02700 0.5
V981  Oph 13.000 - 14.50 EA/SD                 PRI                 
17 48 50.4 +11 24 27.5 2000   0.0  0    1.4285120000 2452501.43000 0.5
V983  Oph 10.500 - 11.30 EA         A0         PRI                 
17 55 38.0 +02 28 41.4 2000   0.0  0   23.0165050000 2452520.36050 0.5
V983  Oph 10.500 - 11.30 EA         A0         SEC                 
17 55 38.0 +02 28 41.4 2000   0.0  0   23.0162170000 2452525.15840 0.5
V1010 Oph  6.100 -  7.00 EB/KE      A5V        ALL                 
16 49 27.7 -15 40  4.7 2000   0.0  0    0.6614115000 2452500.24200 0.5
V1016 Oph 13.100 - 14.10 EW /KE                ALL                 
16 16 38.4 -05 21 17.8 2000   0.0  0    0.4071579000 2452500.34110 0.5
V1022 Oph 15.100 - 16.12 EW/KW                 ALL                 
16 21 21.3 -04  3 10.0 2000   0.0  0    0.2394975000 2452500.14780 0.5
V1065 Oph 12.500 - 13.50 EA                    PRI                 
17 38 53.1 +10 23 31.9 2000   0.0  0    9.8574000000 2452506.73000 0.5
V1076 Oph 15.700 - 18.00 EA/SD                 pri                 
17 51  2.1 +06 27 39.6 2000   0.1  0    1.8743430000 2452501.72000 0.5
V1120 Oph 13.900 - 14.40 EW/KW                 ALL                 
16  9 59.6 -06 34 12.7 2000   0.0  0    0.3367521900 2452500.20390 0.5
V1125 Oph 11.000 - 11.50 E                     ALL                 
16 55  6.0 +11 33  2.0 2000   0.0  0    0.9116590000 2452500.63800 0.5
V2036 Oph 14.100 - 16.20 EA/SD                 pri                 
18  8 39.4 +06 15 38.2 2000   0.8  0    6.7876100000 2452501.34000 0.5
V2201 Oph 14.500 - 14.80 EW/KW                 all                 
17 44  4.4 +03 44 16.8 2000   0.0  0    0.3450161000 2452500.01400 0.5
V2203 Oph 11.600 - 12.00 EW/KW                 ALL                 
17 49 43.3 +04 28 24.3 2000   0.0  0    0.4550000300 2452500.06810 0.5
V2288 Oph 12.600 - 13.10 EA                    ALL                 
17 41 53.6 +05 16 30.8 2000   0.0  0    3.6108119000 2452500.51200 0.5
V2301 Oph 16.000 - 22.00 E+AM                  PRI                 
18  0 35.6 +08 10 12.3 2000   0.0  0    0.0784500000 2452500.07290 0.5
V2332 Oph 13.800 - 14.90 EB                    ALL                 
18  1 48.9 +08 35 45.3 2000   0.0  0    0.5445770500 2452500.32150 0.5
V2357 Oph 10.660 - 10.79 EW                    ALL                 
16 57 16.8 +10 59 51.4 2000   0.0  0    0.4155703000 2452500.08200 0.5
V2368 Oph  6.220 -  6.42 EA                    PRI                 
17 16 14.3 +02 11 10.3 2000   0.0  0   38.3309200000 2452531.45220 0.5
V2377 Oph  8.600 -  8.73 EB                    ALL                 
17 33 56.0 +08  9 57.8 2000   0.0  0    0.4254034800 2452500.10170 0.5
V2383 Oph 10.380 - 10.68 BY                    ALL                 
17 40 43.8 -07 46 12.9 2000   0.0  0    0.5022039000 2452500.46900 0.5
V2388 Oph  6.270 -  6.55 EB                    ALL                 
17 54 14.2 +11  7 50.0 2000   0.0  0    0.8022986000 2452500.38100 0.5
V2394 Oph 11.250 - 11.95 EW                    ALL                 
16 31 40.7 -24 25 16.3 2000   0.0  0    0.5893572000 2452500.02600 0.5
V2425 Oph 10.600 -  0.83 EA                    ALL                 
17 19 18.5 -00 10 17.9 2000   0.0  0    1.7630527000 2452501.00480 0.5
V2536 Oph 11.550 - 12.08 EA                    ALL                 
18  9 57.3 +08 50 26.2 2000   0.0  0    2.1634379000 2452500.42410 0.5
V2553 Oph 11.300 - 11.80 EW                    ALL                 
17 24 41.6 +13 53 58.0 2000   0.0  0    0.4576143000 2452500.36150 0.5
V2563 Oph 11.600 - 13.00 E                     ALL                 
18  4 21.5 +00 36 23.7 2000   0.0  0    0.3723033000 2452500.04500 0.5
V2610 Oph  9.200 -  9.45 EW         K0         ALL                 
17 53 32.3 -03 54 55.4 2000   0.0  0    0.4265026000 2452500.13100 0.5
V2612 Oph  9.360 -  9.74 EW         G0         ALL                 
18 29 13.0 +06 47 13.8 2000   0.0  0    0.3753022000 2452500.17600 0.5
V2626 Oph  8.260 -  8.43 EA         A5         SEC                 
17  5 32.0 +10 32 47.3 2000   0.4  0   10.8743990000 2452509.94920 0.5
V2626 Oph  8.260 -  8.43 EA         A5         PRI                 
17  5 32.0 +10 32 47.3 2000   0.4  0   10.8741990000 2452505.09680 0.5
V2637 Oph 11.800 - 12.27 EW                    ALL                 
17 18 29.6 +05 16 31.4 2000   0.0  0    0.3861703200 2452500.19590 0.5
V2642 Oph 11.400 - 12.00 EA                    PRI                 
17 35 57.1 +11 50 41.2 2000   0.3  0    3.4646062000 2452502.66510 0.5
V2713 Oph 10.890 - 11.49 EB                    PRI                 
17  6 53.1 +06 35  0.8 2000   0.0  0    0.4903819900 2452500.17430 0.5
V2724 Oph 11.750 - 12.05 EB                    ALL                 
17 21 56.9 +09 56 54.0 2000   0.0  0    0.4446353700 2452500.23520 0.5
Z     Ori  9.800 - 10.70 EA/DS      B3         PRI                 
 5 55 50.9 +13 41 42.0 2000   0.6  0    5.2032840000 2452502.75300 0.5
UW    Ori 11.100 - 11.60 EB/KE      B          ALL                 
 5 55 52.9 +20 10 15.9 2000   0.0  0    2.0381330000 2452502.01240 0.5
VV    Ori  5.310 -  5.66 EA/KE      B1V+B7V    ALL                 
 5 33 31.5 -01  9 21.9 2000   0.3  0    1.4853743000 2452500.21300 0.5
BM    Ori  7.900 -  8.65 EA         B2V+A7IV   PRI                 
 5 35 16.1 -05 23  6.5 2000   0.6  0    6.4705310000 2452501.12000 0.5
CP    Ori 11.100 - 12.20 EA         G0         PRI                 
 6  7  1.9 +17 41 58.2 2000   0.6  0    5.3204100000 2452501.55000 0.5
CQ    Ori 12.200 - 13.40 EA         F-G        PRI                 
 6 23 34.8 +13 56 40.7 2000   0.4  0    2.7401525000 2452501.27530 0.5
CW    Ori 13.100 - 13.50 EB/D                  ALL                 
 6 12 26.2 +11 44 51.5 2000   0.0  0    1.7099290000 2452501.69000 0.5
DN    Ori  9.800 - 11.10 EA/DS      A2e+F5III  PRI                 
 6  0 28.4 +10 13  5.0 2000   1.0  0   12.9663800000 2452511.35000 0.5
DW    Ori 12.700 - 13.50 E                     PRI                 
 6  5 38.4 +13 59 30.0 2000   0.0  0    0.9166278500 2452500.91570 0.5
DX    Ori 13.500 - 16.00 EA/SD                 PRI                 
 6  5 44.8 +08 20 55.3 2000   0.0  0    3.7553261000 2452501.68430 0.5
DZ    Ori 12.100 - 13.00 EA/SD                 PRI                 
 6  9 30.9 +15 39 18.0 2000   0.3  0    1.8362554000 2452500.86650 0.5
EF    Ori 13.600 - 14.80 EA                    PRI                 
 6 10 29.5 +12 51 22.4 2000   0.0  0    1.6194504000 2452501.19910 0.5
EG    Ori 12.600 - 14.10 EA/SD                 PRI                 
 6 11  7.1 +16 19 34.0 2000   0.2  0    1.1631620000 2452500.63800 0.5
EH    Ori 13.300 - 14.30 EA/SD                 PRI                 
 6 11 26.7 +09 47 16.9 2000   0.2  0    1.5137013000 2452500.37500 0.5
EQ    Ori 10.200 - 13.30 EA/SD      A0         PRI                 
 4 57 14.5 -03 36  4.7 2000   0.2  0    1.7460514000 2452501.40300 0.5
ER    Ori  9.280 - 10.01 EW/KW      F8V        ALL                 
 5 11 14.5 -08 33 24.7 2000   0.0  0    0.4234057900 2452500.18440 0.5
ES    Ori 10.480 - 10.60 EA/DM      A2         PRI                 
 4 53 34.8 +05 36 45.7 2000   0.3  0    1.6054654000 2452501.49750 0.5
ET    Ori 11.200 - 12.30 EA/SD      G3         ALL                 
 4 55 34.3 +01 22 49.5 2000   0.3  0    0.9509355000 2452500.28000 0.5
EW    Ori  9.900 - 10.60 EA/D       G0         PRI                 
 5 20  9.1 +02  2 40.0 2000   0.2  0    6.9368425000 2452502.11750 0.5
EW    Ori  9.900 - 10.60 EA/D       G0         SEC                 
 5 20  9.1 +02  2 40.0 2000   0.2  0    6.9368440000 2452505.79650 0.5
EY    Ori  9.430 - 10.13 EA/D       A7Vm       PRI                 
 5 31 18.4 -05 42 13.5 2000   1.0  0   16.7878000000 2452508.94000 0.5
FF    Ori 10.200 - 11.00 EA/SD      A1         ALL                 
 5 35 11.3 +02 56 54.6 2000   0.3  0    1.8105310000 2452501.50200 0.5
FH    Ori 10.500 - 11.50 EA/SD      A1         PRI                 
 5 23 18.6 +04 15 38.2 2000   0.3  0    2.1510810000 2452501.36800 0.5
FI    Ori 10.800 - 11.70 EA         F5         PRI                 
 6 23 27.4 +14 32 46.5 2000   0.4  0    4.4482100000 2452501.48000 0.5
FK    Ori 11.800 - 13.80 EA/SD      A2         ALL                 
 5  5 33.1 +09 20  9.8 2000   0.3  0    1.9474276000 2452500.88350 0.5
FL    Ori 11.400 - 14.60 EA/SD      A3V        PRI                 
 5  7 46.7 -02 44 38.3 2000   0.2  0    1.5509738000 2452500.57350 0.5
FM    Ori 11.300 - 12.90 EA/DS      A5         PRI                 
 5  8 54.4 +10 33 34.2 2000   1.6  0   22.1448000000 2452521.80000 0.5
FO    Ori  9.500 - 10.30 EA/DS      A3         PRI                 
 5 28  9.6 +03 37 23.4 2000   0.4  0   18.8005370000 2452501.22200 0.5
FR    Ori 11.000 - 11.90 EB/SD      A7         PRI                 
 5 51  5.7 +09 26 37.5 2000   0.0  0    0.8831655000 2452500.63540 0.5
FT    Ori  9.100 -  9.90 EA/DM      A0         PRI                 
 6 13 58.2 +21 25 39.2 2000   0.2  0    3.1504205000 2452501.16320 0.5
FT    Ori  9.100 -  9.90 EA/DM      A0         SEC                 
 6 13 58.2 +21 25 39.2 2000   0.2  0    3.1503690000 2452503.36050 0.5
FZ    Ori 10.700 - 11.30 EW/KW      G0         ALL                 
 5 41 21.0 +02 36 22.9 2000   0.0  0    0.3999907000 2452500.08500 0.5
GG    Ori 10.700 - 11.10 EA/DM      A2         PRI                 
 5 43 10.2 -00 41 14.9 2000   0.3  0    6.6314879000 2452505.68890 0.5
GG    Ori 10.700 - 11.10 EA/DM      A2         SEC                 
 5 43 10.2 -00 41 14.9 2000   0.3  0    6.6314960000 2452509.52230 0.5
GU    Ori 12.900 - 14.30 EA                    ALL                 
 6 10  4.6 +12 49 46.6 2000   0.0  0    0.4706779100 2452500.43920 0.5
OS    Ori 11.500 - 13.70 EA/SD      A0         PRI                 
 5 36 20.8 +08 49 44.0 2000   0.2  0    2.3835280000 2452501.15200 0.5
QT    Ori 13.000 - 14.80 EA/SD                 PRI                 
 5 47  3.0 +05 55  3.8 2000   0.2  0    2.3141760000 2452501.36300 0.5
QV    Ori 13.700 - 14.50 EA                    PRI                 
 5 50  4.3 +19 59 22.8 2000   0.0  0    1.7488193000 2452500.09100 0.5
V343  Ori 10.500 - 11.00 EW/DW      F1         PRI                 
 6  5  0.3 +12 33  4.7 2000   0.0  0    0.8091464000 2452500.71400 0.5
V392  Ori 10.900 - 11.50 EA/KE      A5         ALL                 
 6 11 25.2 +18 32 59.6 2000   0.1  0    0.6592819000 2452500.35500 0.5
V517  Ori 12.900 - 13.40 EA                    PRI                 
 5 42 47.3 +11  7 11.3 2000   0.0  0    1.4169020000 2452500.99900 0.5
V519  Ori 12.600 - 13.00 EA/D                  ALL                 
 5 43 51.1 +09 17 28.2 2000   0.3  0    1.3955480000 2452500.51900 0.5
V530  Ori 10.600 - 11.30 EA/D       G0         PRI                 
 6  4 33.8 -03 11 51.6 2000   0.4  0    6.1107788000 2452500.85590 0.5
V530  Ori 10.600 - 11.30 EA/D       G0         SEC                 
 6  4 33.8 -03 11 51.6 2000   0.4  0    6.1107799000 2452503.69180 0.5
V640  Ori 11.200 - 13.50 EA/SD                 PRI                 
 5 55  0.5 -09 22 13.7 2000   0.2  0    2.0207086000 2452501.50600 0.5
V641  Ori 14.200 - 14.80 EB/KW                 ALL                 
 5 57 17.7 +14  6 15.7 2000   0.0  0    0.4508146000 2452500.38590 0.5
V642  Ori  8.750 -  9.10 EA/DM      A0         PRI                 
 5 59 25.7 +09 15 28.8 2000   0.5  0    9.1855211000 2452505.92930 0.5
V642  Ori  8.750 -  9.10 EA/DM      A0         SEC                 
 5 59 25.7 +09 15 28.8 2000   0.5  0    9.1854580000 2452509.65000 0.5
V643  Ori 10.700 - 11.50 EA/DS      G-K0       ALL                 
 6  7  0.9 -02 54 57.8 2000   5.2  0   52.4214000000 2452540.53000 0.5
V645  Ori 13.300 - 14.70 EA/SD                 PRI                 
 6 15 30.0 +15 34 26.6 2000   0.2  0    1.0404490000 2452500.95070 0.5
V647  Ori 11.500 - 12.00 EW/DW      G0         ALL                 
 6 20 52.4 +03  7 51.8 2000   0.0  0    0.9775557000 2452500.22270 0.5
V648  Ori 11.500 - 12.30 EA/DM      A0         PRI                 
 4 52 32.4 +06 19 36.0 2000   0.2  0    0.8132355000 2452500.66600 0.5
V667  Ori 14.700 - 15.80 EB/SD                 ALL                 
 6  9  8.8 +16 35  8.3 2000   0.0  0    1.0250447000 2452500.62600 0.5
V668  Ori 14.500 - 15.20 EA/D                  PRI                 
 6 11 50.6 +19 57 13.7 2000   0.1  0    2.0456010000 2452500.55000 0.5
V1016 Ori  6.720 -  7.65 EA         B0.5Vp     PRI                 
 5 35 15.8 -05 23 14.3 2000   0.7  0   65.4330000000 2452501.54000 0.5
V1027 Ori 10.500 - 11.00 EA         G5         PRI                 
 6 12  3.8 +14 56  2.2 2000   0.0  0   10.3937660000 2452501.54780 0.5
V1027 Ori 10.500 - 11.00 EA         G5         SEC                 
 6 12  3.8 +14 56  2.2 2000   0.0  0   10.3937900000 2452507.33100 0.5
V1031 Ori  6.020 -  6.43 EA/DM      A4V        ALL                 
 5 47 26.9 -10 31 58.7 2000   0.0  0    3.4055610000 2452500.28700 0.5
V1202 Ori 11.880 - 12.76 EA                    ALL                 
 4 56  5.3 +10  3  9.1 2000   0.0  0    1.1024452000 2452500.03900 0.5
V1353 Ori 12.900 -  0.31 EW                    ALL                 
 5 42 57.8 -00 42 46.2 2000   0.0  0    0.4714529000 2452500.42670 0.5
V1363 Ori 10.350 - 10.59 EW                    ALL                 
 5  7  2.1 -00 47 32.6 2000   0.0  0    0.4319281000 2452500.02400 0.5
V1387 Ori  8.770 -  8.87 EB                    ALL                 
 6  9 25.2 +17 10 59.8 2000   0.0  0    0.7299925300 2452500.28690 0.5
V1388 Ori  7.410 -  7.76 EA                    ALL                 
 6 10 59.2 +11 59 41.5 2000   0.0  0    2.1870771000 2452500.80790 0.5
V1626 Ori 11.570 - 12.07 E                     PRI                 
 6  5 20.1 +10  4 25.5 2000   0.0  0    1.1377916000 2452500.06520 0.5
V1633 Ori 12.100 -  0.70 EA                    ALL                 
 6 18 56.2 +04  9 20.0 2000   0.0  0    1.1493852000 2452501.00730 0.5
V1638 Ori 11.500 -  0.39 EB                    ALL                 
 4 53 21.9 -03 22 54.6 2000   0.0  0    0.6140522000 2452500.37700 0.5
V1642 Ori 12.300 - 13.07 E                     PRI                 
 5 29 20.6 +00 41 28.0 2000   0.0  0    3.0376868000 2452500.32110 0.5
V1799 Ori 12.900 - 13.90 EW                    ALL                 
 4 47 18.2 +06 40 56.1 2000   0.0  0    0.2903040000 2452500.24600 0.5
V1834 Ori  6.850 -  6.94 EA         A2III      ALL                 
 4 54 56.4 +08 36  0.0 2000   0.1  0    1.5105807000 2452500.38900 0.5
V1847 Ori 12.700 -  0.27 EW                    ALL                 
 5  8 30.1 +11 31 45.4 2000   0.0  0    0.3427685000 2452500.01600 0.5
V1848 Ori 11.050 - 11.75 EW                    ALL                 
 5  8 36.4 +05 12 22.1 2000   0.0  0    0.2663498000 2452500.30100 0.5
V1851 Ori 12.300 - 13.10 EW                    ALL                 
 5 12 44.9 +10 15 10.4 2000   0.0  0    0.2769462400 2452500.21000 0.5
V1853 Ori 11.800 - 12.22 EW                    ALL                 
 5 13  6.1 +15 58 12.2 2000   0.0  0    0.3829993000 2452500.11700 0.5
V2592 Ori  7.800 -  8.26 EA         F3V        PRI                 
 5 35 46.5 -02 22 26.6 2000   0.4  0   13.5497360000 2452506.42110 0.5
V2592 Ori  7.800 -  8.26 EA         F3V        SEC                 
 5 35 46.5 -02 22 26.6 2000   0.4  0   13.5497300000 2452511.97440 0.5
V2735 Ori  9.100 -  9.50 EA         AO         PRI                 
 5 38 38.1 +09  1 10.7 2000   0.2  0    1.2266736000 2452500.11310 0.5
V2759 Ori 10.400 - 10.84 EB         F0         PRI                 
 5 42 59.9 +09 21  4.5 2000   0.0  0    0.4988588700 2452500.03970 0.5
V2762 Ori  9.970 - 10.42 EA         F2         PRI                 
 5 45 39.1 +11 19 35.7 2000   0.1  0    1.7801723000 2452500.64820 0.5
V2778 Ori 10.150 - 10.71 EA         B9         PRI                 
 6  3 39.5 +03 38 27.3 2000   0.4  0   14.3874630000 2452507.30100 0.5
V2778 Ori 10.150 - 10.71 EA         B9         SEC                 
 6  3 39.5 +03 38 27.3 2000   0.4  0   14.3872990000 2452513.60910 0.5
V2783 Ori 10.130 - 10.73 EA         A0         SEC                 
 6 10 56.8 +06 21  3.8 2000   0.3  0    4.2161280000 2452506.46400 0.5
V2783 Ori 10.130 - 10.73 EA         A0         PRI                 
 6 10 56.8 +06 21  3.8 2000   0.3  0    4.2162368000 2452504.01930 0.5
V2790 Ori 11.030 - 11.65 EW                    ALL                 
 6 15 31.4 +19 35 22.0 2000   0.0  0    0.2878406000 2452500.08400 0.5
V2815 Ori 11.850 - 12.60 EA                    PRI                 
 5 43 22.5 +07  1 20.7 2000   0.2  0    2.1310188000 2452501.31760 0.5
V2815 Ori 11.850 - 12.60 EA                    SEC                 
 5 43 22.5 +07  1 20.7 2000   0.2  0    2.1310076000 2452502.34300 0.5
BF    Pav 11.000 - 11.90 EW/KW                 ALL                 
18 45 39.5 -59 38 25.8 2000   0.0  0    0.3023188100 2452500.07730 0.5
BI    Pav 10.700 - 11.30 EA/SD      F6         all                 
18 49 37.3 -60  2 14.3 2000   0.4  0    2.5269060000 2452500.07000 0.5
BK    Pav 10.700 - 12.90 EA/SD                 ALL                 
18 51 17.4 -59 11 34.1 2000   0.4  0    2.9166280000 2452502.38400 0.5
BO    Pav  9.300 - 10.10 EA/D                  PRI                 
19 50 17.0 -65 46 59.0 2000   0.6  0   19.2321200000 2452507.76000 0.5
BT    Pav 11.000 - 12.80 EA/SD                 all                 
20 51  0.5 -63 41 31.6 2000   0.2  0    2.5439630000 2452500.43800 0.5
EY    Pav 12.500 - 13.60 EA /SD                PRI                 
19 43 11.2 -72 37 51.3 2000   0.0  0   15.3208530000 2452513.20580 0.5
HY    Pav 11.400 - 12.30 EW/KW                 all                 
20 23 49.1 -73 42 21.9 2000   0.0  0    0.3516572000 2452500.17000 0.5
IY    Pav 12.000 - 13.10 EA/SD                 all                 
20 35 29.5 -70 46 15.0 2000   0.0  0    0.8880996000 2452500.63600 0.5
KZ    Pav  7.710 -  9.30 EA/SD      F6V        ALL                 
20 58 40.1 -70 25 19.8 2000   0.0  0    0.9498787600 2452500.03700 0.5
LT    Pav 11.400 - 12.20 EW/KW                 ALL                 
19 48 36.1 -71  1 33.8 2000   0.0  0    0.3936737300 2452500.27730 0.5
MU    Pav 11.800 - 13.90 EA/SD                 ALL                 
20 35 22.9 -61  3 26.9 2000   0.1  0    0.7354980000 2452500.07700 0.5
MW    Pav  8.510 -  8.95 EW         F3IV/V     ALL                 
20 46 27.7 -71 56 58.5 2000   0.0  0    0.7949956000 2452500.46300 0.5
MX    Pav 10.000 - 10.60 EA/SD                 ALL                 
18 24 11.2 -63 56 55.3 2000   0.0  0    5.7307000000 2452504.34000 0.5
NP    Pav 10.700 - 11.70 EA/KE                 ALL                 
20 48  1.5 -69  5 57.3 2000   0.0  0    0.6334136000 2452500.13790 0.5
QU    Pav 12.000 - 12.50 EA                    PRI                 
19 43 34.8 -72  7  9.0 2000   0.0  0    9.1826244000 2452502.62560 0.5
V345  Pav 13.500 - 14.70 EA+NL                 PRI                 
19 35 42.9 -59  8 22.4 2000   0.0  0    0.1980963800 2452500.02060 0.5
U     Peg  9.230 - 10.07 EW/KW      F3+F3      ALL                 
23 57 58.5 +15 57 10.1 2000   0.0  0    0.3747778000 2452500.10700 0.5
TY    Peg 10.100 - 12.00 EA/SD      A2         PRI                 
23 29 57.0 +13 32 31.5 2000   0.4  0    3.0921000000 2452501.94300 0.5
UX    Peg 10.700 - 12.00 EA/SD      G5V        PRI                 
22 28 40.3 +18  0  0.0 2000   0.2  0    1.5446179000 2452501.28500 0.5
VW    Peg  9.900 - 10.60 EA                    PRI                 
22 56 23.6 +33 13 43.8 2000   0.1  0   21.0717500000 2452520.73490 0.5
VW    Peg  9.900 - 10.60 EA                    SEC                 
22 56 23.6 +33 13 43.8 2000   0.1  0   21.0717480000 2452526.45470 0.5
ZZ    Peg 12.200 - 12.80 EB                    ALL                 
22 58 54.5 +14 51 45.4 2000   0.0  0    0.6673583000 2452500.48500 0.5
AQ    Peg 10.390 - 12.85 EA/SD      A2e+G5     PRI                 
21 37 20.9 +13 28 28.5 2000   0.7  0    5.5486621000 2452503.23030 0.5
AT    Peg  8.970 -  9.75 EA/SD      A7V        PRI                 
22 13 23.5 +08 25 30.9 2000   0.2  0    1.1460861000 2452500.85710 0.5
AW    Peg  7.400 -  8.61 EA/DS      A5Ve+F2 pe PRI                 
21 52 20.7 +24  0 44.3 2000   1.1  0   10.6226010000 2452505.05000 0.5
AY    Peg 13.100 - 14.10 EA/SD      A5         PRI                 
22  0 47.4 +34 57 48.1 2000   0.5  0    2.4389590000 2452501.36700 0.5
BB    Peg 10.800 -  0.68 EW/KW      F8         ALL                 
22 22 56.9 +16 19 27.9 2000   0.0  0    0.3614984000 2452500.06100 0.5
BG    Peg 10.500 - 11.60 EA/SD      A2         ALL                 
22 52 47.3 +15 39 34.5 2000   0.4  0    1.9524408000 2452500.23900 0.5
BK    Peg  9.970 - 10.47 EA/D       F5IV-V+F8I PRI                 
23 47  8.5 +26 34  0.0 2000   0.3  0    5.4899116000 2452501.67040 0.5
BN    Peg 10.300 - 11.20 EA         F5         PRI                 
21 28  4.3 +04 59  2.0 2000   0.2  0    0.7132978000 2452500.60620 0.5
BO    Peg 11.500 - 12.20 EA/KE      A4         ALL                 
21 31 17.9 +11 56 46.5 2000   0.1  0    0.5804252000 2452500.28100 0.5
BQ    Peg 13.700 - 16.30 EA                    ALL                 
21 34 20.7 +20 57 18.1 2000   0.0  0    1.5748762000 2452500.85230 0.5
BW    Peg 14.100 - 15.20 E                     PRI                 
21 38  8.3 +21 28 28.2 2000   0.0  0    1.5839392000 2452501.08650 0.5
BX    Peg 11.000 -  0.69 EW/KW      G4-G5      ALL                 
21 38 49.4 +26 41 34.2 2000   0.0  0    0.2804166000 2452500.27500 0.5
BY    Peg 12.900 - 13.60 EW/KW                 ALL                 
21 38 52.1 +28  5 45.1 2000   0.0  0    0.3419376500 2452500.31630 0.5
BZ    Peg 14.000 - 15.30 E/SD                  ALL                 
21 39 42.5 +26 21 16.6 2000   0.0  0    1.2579670000 2452500.95000 0.5
CC    Peg 12.600 - 13.30 E                     ALL                 
21 39 39.8 +28 23 49.2 2000   0.0  0    0.6055974000 2452500.50600 0.5
CE    Peg 13.200 - 14.20 E                     ALL                 
21 40 47.0 +25  9 15.4 2000   0.0  0    0.6420290000 2452500.25850 0.5
CF    Peg 14.800 - 15.50 EW/KW                 ALL                 
21 41 11.7 +26 12  6.9 2000   0.0  0    0.4134961000 2452500.33300 0.5
CU    Peg 11.900 - 14.00 EA/SD                 PRI                 
21 47 44.6 +27 15 24.6 2000   0.4  0    3.8802060000 2452501.20700 0.5
CW    Peg 11.800 - 16.10 EA/SD                 PRI                 
21 48 27.6 +28  6 29.9 2000   0.3  0    2.3725086000 2452501.62570 0.5
DF    Peg  9.100 - 10.90 EA/DS      A2         PRI                 
21 54 43.4 +14 33 27.9 2000   0.6  0   14.6988260000 2452511.12000 0.5
DI    Peg  9.380 - 10.48 EA/SD      F4IV       ALL                 
23 32 14.7 +14 58  8.7 2000   0.1  0    0.7118236000 2452500.39500 0.5
DK    Peg 10.000 - 10.70 EA/DM      A0V+A2V    PRI                 
23 41 33.5 +10 12 57.0 2000   0.2  0    1.6318430000 2452501.62000 0.5
DM    Peg 10.800 - 11.60 EA/D       A6         PRI                 
 0  0  7.3 +18 44 17.1 2000   0.3  0    2.5889610000 2452502.07000 0.5
DO    Peg 10.600 - 13.50 EA/SD      B8         pri                 
22  7 30.6 +06 10 16.0 2000   0.4  0    2.6138600000 2452501.62800 0.5
DP    Peg 13.300 - 14.20 E                     PRI                 
21 22 56.1 +22  3 46.6 2000   0.0  0    1.6613020000 2452501.75380 0.5
DV    Peg 11.700 - 12.10 EW/KE      F          ALL                 
21 27  7.0 +21 22 30.4 2000   0.0  0    0.6421667000 2452500.08600 0.5
EE    Peg  6.930 -  7.51 EA/DM      A3mV+F5    ALL                 
21 40  1.9 +09 11  5.1 2000   0.2  0    2.6282168000 2452502.38160 0.5
EH    Peg 11.200 - 11.60 EA/D       G0         ALL                 
22 34  2.6 +13 41 56.3 2000   0.4  0    2.3743840000 2452501.55000 0.5
ER    Peg 11.000 - 12.00 EA/SD      A2         PRI                 
23  5 46.8 +33 29  7.1 2000   0.0  0    2.2746801000 2452500.82300 0.5
EU    Peg 12.200 - 12.80 EA                    ALL                 
23  1 25.2 +27 20 21.1 2000   0.2  0    0.7211143000 2452500.17000 0.5
EY    Peg 12.000 - 14.00 EA/SD                 ALL                 
23 15 19.8 +16 47 19.1 2000   0.0  0    1.9233090000 2452501.78200 0.5
FL    Peg 13.500 - 14.30 EA                    ALL                 
21 26 31.8 +09 17  3.4 2000   0.1  0    0.4743151300 2452500.43780 0.5
GH    Peg  8.800 -  0.48 EA/DM      A3         ALL                 
21 50 51.6 +15 16 25.6 2000   0.3  0    2.5561368000 2452500.11150 0.5
GP    Peg 10.200 - 11.00 EA         A0         PRI                 
23  6 45.3 +30 55 22.3 2000   0.1  0    0.9756148000 2452500.82350 0.5
II    Peg  7.180 -  7.78 RS         K2IV-Ve    ALL                 
23 55  4.1 +28 38  1.2 2000   0.0  0    6.7282893000 2452503.02360 0.5
IP    Peg 12.000 - 18.60 UG+E                  ALL                 
23 23  8.6 +18 24 59.6 2000   0.0  0    0.1582059900 2452500.07300 0.5
KP    Peg  7.050 -  7.26 EB/KE                 ALL                 
21 26 41.1 +13 41 17.7 2000   0.0  0    0.7272040000 2452500.55830 0.5
KS    Peg  5.370 -  0.12 EB/KE                 all                 
23 37 56.8 +18 24  2.4 2000   0.0  0    0.5021029200 2452500.03860 0.5
KV    Peg 11.730 -  0.20 EW/KW                 ALL                 
21 22  3.7 +17  7 51.6 2000   0.0  0    0.4577781000 2452500.33500 0.5
KW    Peg 12.100 -  0.31 EA                    ALL                 
21 39 10.6 +26 42 34.3 2000   0.0  0    0.8164016700 2452500.19330 0.5
LX    Peg 13.830 - 14.09 EW                    ALL                 
22  3 18.9 +28  2 42.5 2000   0.0  0    0.2791467000 2452500.04600 0.5
MQ    Peg 13.390 - 13.67 EW                    ALL                 
22 48 10.4 +28  5 19.1 2000   0.0  0    0.3793886000 2452500.08000 0.5
PU    Peg  8.020 -  8.12 EB                    ALL                 
22 22 33.9 +09 56 24.6 2000   0.0  0    0.8620240000 2452500.65100 0.5
V351  Peg  8.000 -  8.31 RRC                   ALL                 
23 25 25.2 +15 41 19.1 2000   0.0  0    0.5932982000 2452500.49110 0.5
V357  Peg  9.010 -  9.49 EW                    ALL                 
23 45 35.1 +25 28 18.9 2000   0.0  0    0.5784510100 2452500.30210 0.5
V365  Peg 10.120 - 10.59 EB                    ALL                 
21 39 26.4 +23  1 38.4 2000   0.0  0    1.0803233000 2452500.52700 0.5
V375  Peg 12.500 - 13.50 EA                    PRI                 
22  1 40.7 +10 37 18.3 2000   0.0  0    2.7288742000 2452502.23610 0.5
V396  Peg 12.120 - 12.43 EW                    ALL                 
23 32 32.6 +10 33 19.5 2000   0.0  0    0.3422853000 2452500.16900 0.5
V404  Peg 10.470 - 10.77 EW                    ALL                 
22 56 30.9 +33 55 12.1 2000   0.0  0    0.4191763000 2452500.22100 0.5
V407  Peg  9.280 -  9.75 EW                    ALL                 
23 36 55.4 +15 48  6.4 2000   0.0  0    0.6368826000 2452500.22500 0.5
V411  Peg 14.000 - 14.80 EW/KW                 ALL                 
21 30 40.7 +25  7 59.5 2000   0.0  0    0.3770432000 2452500.20560 0.5
V449  Peg 14.600 -  0.45 EW                    ALL                 
21 39 43.1 +28 22 39.2 2000   0.0  0    0.3526572000 2452500.03200 0.5
V463  Peg 11.600 - 12.15 EW                    ALL                 
21 50 25.6 +17 43 43.3 2000   0.0  0    0.3305698300 2452500.17830 0.5
V481  Peg  9.550 -  9.95 EW                    ALL                 
21 57 11.2 +22 40 10.7 2000   0.0  0    0.4220257000 2452500.37500 0.5
V500  Peg 11.450 - 12.60 EB                    ALL                 
22  6  0.1 +19 35 49.7 2000   0.0  0    0.5798304000 2452500.19460 0.5
V535  Peg 10.550 - 11.05 EW                    ALL                 
22 36 16.8 +33 18 56.8 2000   0.0  0    0.3230078100 2452500.08780 0.5
V560  Peg 10.660 - 11.10 EA         F5V        ALL                 
23  1 31.5 +30 44 27.4 2000   0.1  0    0.4716382000 2452500.03200 0.5
V573  Peg 12.340 - 12.85 EW         Ge         ALL                 
23 10 34.2 +31 42 53.9 2000   0.0  0    0.4174485000 2452500.38140 0.5
V596  Peg 12.040 - 12.68 EW                    ALL                 
23 26 29.3 +31 20 40.9 2000   0.0  0    0.2834963000 2452500.00550 0.5
V619  Peg 10.850 - 11.30 EW                    PRI                 
23 56 57.8 +10 48 15.7 2000   0.0  0    0.3887202000 2452500.00780 0.5
Z     Per  9.700 - 12.40 EA/SD      A0V+G0IV-V PRI                 
 2 40  3.2 +42 11 57.7 2000   0.4  0    3.0561880000 2452502.21100 0.5
RT    Per 10.460 - 11.74 EA/SD      F2V        PRI                 
 3 23 40.4 +46 34 35.8 2000   0.1  0    0.8494126000 2452500.33700 0.5
RV    Per 10.300 - 12.70 EA/SD      A2         PRI                 
 4 10 38.0 +34 15 54.9 2000   0.3  0    1.9734988000 2452500.49100 0.5
RW    Per  9.680 - 11.36 EA/D       A5IIIe+G0I PRI                 
 4 20 16.8 +42 18 51.8 2000   1.1  0   13.1989340000 2452500.19900 0.5
RY    Per  8.500 - 10.25 EA/SD      B5Vea+F6IV ALL                 
 2 45 42.1 +48  8 37.9 2000   0.9  0    6.8635710000 2452500.22100 0.5
ST    Per  9.520 - 11.40 EA/SD      A3V+G-K    PRI                 
 3  0  5.7 +39 11 24.8 2000   0.3  0    2.6483341000 2452500.38230 0.5
WY    Per 11.500 - 14.20 EA/SD      A0         PRI                 
 3 38 24.2 +42 40 39.0 2000   0.3  0    3.3270300000 2452500.23900 0.5
XZ    Per 11.400 - 13.40 EA/SD      G1         PRI                 
 4  9 27.6 +46 34  0.6 2000   0.3  0    1.1516320000 2452500.52500 0.5
AB    Per 10.400 - 11.40 EA/SD      A5         PRI                 
 3 37 45.2 +40 45 49.4 2000   0.9  0    7.1602300000 2452501.22000 0.5
AG    Per  6.690 -  7.00 EA/DM      B3Vn+B3    SEC                 
 4  6 55.8 +33 26 46.9 2000   0.2  0    2.0287138000 2452501.75550 0.5
AG    Per  6.690 -  7.00 EA/DM      B3Vn+B3    PRI                 
 4  6 55.8 +33 26 46.9 2000   0.2  0    2.0287494000 2452500.69670 0.5
AX    Per  9.400 - 13.60 ZAND       M3IIIep+A0 pri                 
 1 36 22.7 +54 15  2.3 2000   0.0  0  680.6000000000 2452999.10000 0.5
AY    Per  9.800 - 10.60 EA/DS      A0         PRI                 
 3 10 25.1 +50 55 54.3 2000   0.7  0   11.7765600000 2452507.26900 0.5
BB    Per 12.800 - 14.00 L                     ALL                 
 3 55 25.6 +31 30 48.0 2000   0.0  0    0.4856086900 2452500.15680 0.5
BE    Per 14.500 - 15.30 E                     PRI                 
 3 13 48.9 +46 10 16.2 2000   0.0  0    2.1592530000 2452500.54400 0.5
BO    Per 12.000 - 12.30 EA/D       B9         PRI                 
 3  8  3.5 +53 38 26.6 2000   0.3  0    4.5801330000 2452501.76600 0.5
BP    Per 11.700 - 12.00 EB                    PRI                 
 3 31  6.7 +49 24 46.5 2000   0.0  0    1.9789063000 2452501.94620 0.5
BR    Per 13.100 - 14.20 CEP                   ALL                 
 3 57  7.4 +32  2 59.4 2000   0.0  0    2.1500779000 2452500.21870 0.5
BY    Per 13.200 - 14.80 EA/SD                 PRI                 
 1 54 35.6 +54 48  0.0 2000   0.2  0    1.1526357000 2452501.07180 0.5
CH    Per 14.900 - 17.10 EA/SD                 PRI                 
 2  4 34.3 +53 53 12.8 2000   0.1  0    1.3146439000 2452500.48620 0.5
CM    Per 12.500 - 13.40 EA/D       A3V        PRI                 
 2  5 11.2 +57 12 25.2 2000   3.9  0   38.6329000000 2452508.50000 0.5
CR    Per 12.400 - 12.90 EA/DS                 PRI                 
 2  9 52.2 +57 54 32.5 2000   0.5  0    8.8097200000 2452504.56700 0.5
CR    Per 12.400 - 12.90 EA/DS                 SEC                 
 2  9 52.2 +57 54 32.5 2000   0.5  0    8.8097180000 2452507.70500 0.5
DK    Per 12.300 - 13.30 EB/SD                 ALL                 
 2 23 45.6 +57 59 23.7 2000   0.0  0    0.8988736000 2452500.48000 0.5
DM    Per  7.860 -  8.59 EA/SD      B5V        ALL                 
 2 25 58.0 +56  6 10.0 2000   0.5  0    2.7277421000 2452501.36690 0.5
DV    Per 14.400 - 14.90 EB/SD                 PRI                 
 2 32 36.7 +53  9 31.2 2000   0.0  0    0.8071394000 2452500.03700 0.5
DZ    Per 14.400 - 15.00 EB/KE                 ALL                 
 2 35 57.2 +56  8 46.4 2000   0.0  0    0.7641782000 2452500.13000 0.5
EN    Per 13.400 - 14.30 EA/DS                 PRI                 
 2 42 50.5 +51 53 11.9 2000   0.5  0   10.2465200000 2452505.26000 0.5
EQ    Per 14.000 - 15.70 EA/SD                 ALL                 
 2 55 58.6 +52 10 24.6 2000   0.2  0    1.4858611000 2452501.32830 0.5
FQ    Per 13.500 - 14.80 EA/SD                 PRI                 
 4 10 45.0 +45 29 43.2 2000   0.4  0    3.9770490000 2452501.30000 0.5
FW    Per 14.300 - 15.30 EA/SD                 ALL                 
 4 27 44.6 +52 28 51.5 2000   0.1  0    0.7912336000 2452500.22040 0.5
HK    Per 13.100 - 14.40 EA/SD                 PRI                 
 4 36 25.0 +41 36 14.1 2000   0.3  0    2.1746211000 2452500.21530 0.5
HS    Per 13.000 - 15.90 EA         A0II-III   PRI                 
 1 52 11.6 +57  6 43.0 2000   0.0  0    2.8367465000 2452500.51550 0.5
HU    Per 10.900 - 13.90 EA/DS      A          PRI                 
 3 42 33.2 +39  6  3.8 2000   1.0  0   17.2545620000 2452508.09520 0.5
HV    Per 12.800 - 14.00 EA/SD                 PRI                 
 3 45  4.9 +37 47 15.9 2000   0.3  0    2.9533290000 2452501.05550 0.5
HW    Per 13.000 - 13.70 EB/KE                 ALL                 
 3 58 46.1 +44 44  5.9 2000   0.0  0    0.6348290000 2452500.61200 0.5
HY    Per 14.800 - 15.30 EA                    PRI                 
 4 20 56.3 +50 52  7.0 2000   0.4  0    2.4834652000 2452500.28440 0.5
II    Per 13.500 - 14.20 EB/KW                 ALL                 
 4 29 37.6 +44 25 40.5 2000   0.0  0    0.4798508000 2452500.16920 0.5
IK    Per 11.300 - 11.60 EB/KE      A2         ALL                 
 4 29 27.5 +42  3 10.7 2000   0.0  0    0.6760200000 2452500.68300 0.5
IM    Per 12.000 - 12.70 E/DM                  PRI                 
 3 11 42.3 +52 12 42.3 2000   0.3  0    2.2542352000 2452501.67020 0.5
IM    Per 12.000 - 12.70 E/DM                  SEC                 
 3 11 42.3 +52 12 42.3 2000   0.3  0    2.2542172000 2452502.81350 0.5
IQ    Per  7.720 -  8.27 EA/DM      B8Vp       PRI                 
 3 59 44.7 +48  9  4.5 2000   0.2  0    1.7435666000 2452500.82530 0.5
IQ    Per  7.720 -  8.27 EA/DM      B8Vp       SEC                 
 3 59 44.7 +48  9  4.5 2000   0.2  0    1.7435587000 2452501.64400 0.5
IT    Per  9.900 - 10.50 EA/SD      A1         PRI                 
 2 43 19.9 +43 43 24.6 2000   0.3  0    1.5337094000 2452500.81100 0.5
IU    Per 10.500 - 11.60 EA/SD      A4         PRI                 
 2 59 36.4 +43 55 19.3 2000   0.2  0    0.8570256000 2452500.20800 0.5
IZ    Per  7.800 -  9.00 EA/SD      B8         ALL                 
 1 32  5.5 +54  1  8.3 2000   0.4  0    3.6876727000 2452502.39620 0.5
KL    Per 11.000 - 11.60 EA/SD      A2         PRI                 
 2 41 16.5 +48 56 18.7 2000   0.3  0    2.2230916000 2452500.21570 0.5
KN    Per 11.200 - 11.80 RRC        A4-A6      ALL                 
 3 22 35.6 +41 19 55.2 2000   0.2  0    0.8664699000 2452500.26600 0.5
KQ    Per 12.800 - 13.60 EA/SD                 PRI                 
 3 53  3.2 +52 20 51.2 2000   0.8  0    5.3777100000 2452500.18000 0.5
KR    Per 10.400 - 11.10 EB/KE       OB-       ALL                 
 4 37  8.9 +44 12 39.8 2000   0.0  0    0.9960775700 2452500.41020 0.5
KW    Per 10.500 - 11.50 EB/SD      A2         ALL                 
 1 59 60.0 +53 13 24.9 2000   0.0  0    0.9312608000 2452500.11600 0.5
LS    Per 11.500 - 14.60 EA/SD      A7IV       PRI                 
 2 57  8.8 +37 53 40.8 2000   0.3  0    2.9155425000 2452501.18930 0.5
LX    Per  8.100 -  8.93 EA/AR/RS   G5IV+G5IV  PRI                 
 3 13 22.4 +48  6 31.3 2000   0.6  0    8.0382000000 2452506.15200 0.5
MS    Per 11.900 - 12.70 EB                    PRI                 
 4  1 12.2 +49 33 11.8 2000   0.0  0    2.7793258000 2452501.10360 0.5
NO    Per 11.500 - 12.00 EA                    PRI                 
 4 15 41.8 +48 40 42.5 2000   0.0  0    5.6922800000 2452500.94000 0.5
NO    Per 11.500 - 12.00 EA                    SEC                 
 4 15 41.8 +48 40 42.5 2000   0.0  0    5.6923300000 2452502.94000 0.5
NP    Per 12.200 - 13.00 EA/DM                 PRI                 
 4 14 57.8 +31 26 44.0 2000   0.1  0    2.2285790000 2452501.96000 0.5
NZ    Per 11.700 - 12.10 EA/D       F2         PRI                 
 4 27 59.5 +37 50 30.8 2000   0.2  0    0.9379200000 2452500.09800 0.5
OX    Per 14.700 - 16.30 EA/SD                 PRI                 
 4 46 18.0 +36 57 24.1 2000   0.2  0    3.0561940000 2452500.29000 0.5
PS    Per 13.000 - 13.70 EA/SD      F5p        ALL                 
 2 39 33.3 +45 38  5.5 2000   0.1  0    0.7021825000 2452500.63900 0.5
QT    Per 14.200 - 15.10 EW/KE                 ALL                 
 3  6  9.8 +47 17  1.3 2000   0.0  0    0.8515538000 2452500.48100 0.5
QU    Per 12.200 - 14.80 EA/SD      A2Ve       ALL                 
 3  5 54.7 +40 41 12.8 2000   0.4  0    2.4009390000 2452500.18070 0.5
QV    Per 14.800 - 16.40 EA/SD                 PRI                 
 3  9 31.7 +38 21 15.4 2000   0.1  0    1.2590520000 2452500.21000 0.5
QW    Per 14.600 - 15.70 EA/SD                 PRI                 
 3 12 43.0 +38 57 57.5 2000   0.1  0    0.8256827400 2452500.11570 0.5
V337  Per 12.800 - 14.00 EA/SD      A          PRI                 
 3 31 10.5 +34 29 20.9 2000   0.3  0    1.8860650000 2452501.80040 0.5
V340  Per 12.800 - 13.70 EA/SD                 PRI                 
 3 54 12.9 +35  2 19.9 2000   0.4  0    4.3708350000 2452502.51000 0.5
V364  Per 14.600 - 15.60 EW/KW                 ALL                 
 2 44  0.8 +36 17 28.5 2000   0.0  0    0.3394547000 2452500.07000 0.5
V365  Per 14.200 - 14.80 EA                    PRI                 
 2 43 58.3 +40 50 57.7 2000   0.3  0    3.0243180000 2452500.77710 0.5
V366  Per 13.700 - 16.30 EA/SD                 ALL                 
 2 44 10.6 +36 35 11.9 2000   0.1  0    1.4220095000 2452501.34770 0.5
V427  Per 11.600 - 12.10 EA/SD                 PRI                 
 2 59 31.2 +39 26 44.1 2000   0.2  0    2.8100540000 2452502.79300 0.5
V432  Per 11.000 - 11.70 EW/KW                 ALL                 
 3 10 10.8 +42 52  9.2 2000   0.0  0    0.3833066800 2452500.06220 0.5
V434  Per 14.400 - 15.10 EW/KE                 ALL                 
 3 21 36.0 +40 19 22.5 2000   0.0  0    0.5361072000 2452500.20050 0.5
V436  Per  5.490 -  5.85 EA/D       B1.5V      PRI                 
 1 51 59.3 +55  8 50.6 2000   0.5  0   25.9359200000 2452510.76000 0.5
V436  Per  5.490 -  5.85 EA/D       B1.5V      SEC                 
 1 51 59.3 +55  8 50.6 2000   0.5  0   25.9358980000 2452521.45990 0.5
V449  Per 12.700 - 13.30 EA/KE                 ALL                 
 2 57 33.5 +35 14  1.0 2000   0.1  0    0.9462069000 2452500.90690 0.5
V450  Per 13.000 - 13.70 EA                    ALL                 
 2 59 15.3 +41 45 23.1 2000   0.2  0    0.9486818000 2452500.88500 0.5
V457  Per 14.400 - 15.30 EA/SD                 PRI                 
 3 11 14.1 +36 59 25.6 2000   0.1  0    1.1702864000 2452500.19500 0.5
V462  Per 13.700 - 14.20 EB/KE                 ALL                 
 3 26 31.3 +35 44 59.5 2000   0.0  0    1.1559508000 2452500.22950 0.5
V482  Per 10.600 - 10.90 EA/DM                 ALL                 
 4 15 41.3 +47 25 19.9 2000   0.0  0    2.4467760000 2452501.63700 0.5
V505  Per  6.870 -  7.46 EA/DM                 ALL                 
 2 21 13.0 +54 30 36.3 2000   0.0  0    4.2220190000 2452503.48480 0.5
V511  Per  8.100 -  8.60 EA/DM                 PRI                 
 3 26 25.5 +40 27 30.6 2000   0.0  0    3.0453320000 2452503.03300 0.5
V514  Per 11.400 -  0.32 E                     ALL                 
 3 19 38.9 +50  6 53.3 2000   0.0  0    1.8191604000 2452501.68600 0.5
V570  Per  8.150 -  8.25 EB                    ALL                 
 3  9 34.9 +48 37 28.7 2000   0.0  0    1.9009408000 2452501.63670 0.5
V572  Per  6.500 -  6.79 EA                    PRI                 
 3 15 48.7 +50 57 21.2 2000   0.0  0    1.2131800000 2452500.39500 0.5
V572  Per  6.500 -  6.79 EA                    SEC                 
 3 15 48.7 +50 57 21.2 2000   0.0  0    1.2131785000 2452501.02900 0.5
V578  Per  8.940 -  9.10 EB                    ALL                 
 3 34  9.9 +46 50 57.1 2000   0.0  0    0.9707670000 2452500.78490 0.5
V579  Per  7.870 -  7.94 RRC                   ALL                 
 3 39 12.2 +41 16 57.9 2000   0.0  0    0.4656180600 2452500.19690 0.5
V592  Per  8.300 -  8.65 EB                    ALL                 
 4 44 33.0 +39 52 31.7 2000   0.0  0    0.7157175000 2452500.39810 0.5
V600  Per  7.620 -  8.06 EB                    ALL                 
 3 19  1.4 +32 41 16.1 2000   0.0  0    1.4696900000 2452500.31130 0.5
V615  Per 12.980 - 13.40 EA                    ALL                 
 2 19  1.7 +57  7 19.2 2000   0.0  0   13.7138700000 2452512.52890 0.5
V618  Per 14.600 - 15.13 EA                    ALL                 
 2 19 11.7 +57  6 39.6 2000   0.0  0    6.3667140000 2452500.79500 0.5
V680  Per 13.550 - 14.13 EW                    ALL                 
 2 41 41.0 +35 42 54.9 2000   0.0  0    0.3742202500 2452500.07910 0.5
V723  Per 12.240 - 12.70 EB                    ALL                 
 1 53 59.7 +53 28  5.3 2000   0.0  0    0.7964242000 2452500.74800 0.5
V732  Per 11.320 - 11.80 EA         B9         ALL                 
 3 23 19.2 +51 23 29.5 2000   0.2  0    4.5064131000 2452501.29330 0.5
V737  Per 12.650 - 13.22 EW                    ALL                 
 3 40 20.2 +33  4  7.0 2000   0.0  0    0.3665990000 2452500.32720 0.5
V740  Per 11.220 - 11.87 EW                    ALL                 
 4  4 49.3 +33 57 25.3 2000   0.0  0    0.3730415000 2452500.34400 0.5
V751  Per 11.460 - 11.93 EA                    SEC                 
 1 30 53.1 +53 25 38.4 2000   0.4  0    5.9613464000 2452506.83710 0.5
V751  Per 11.460 - 11.93 EA                    PRI                 
 1 30 53.1 +53 25 38.4 2000   0.4  0    5.9613521000 2452504.15630 0.5
V754  Per 11.970 - 12.50 EA                    PRI                 
 2  3 28.3 +58 54 13.3 2000   0.3  0    5.3367052000 2452500.85970 0.5
V871  Per 10.920 - 11.50 EA         B          PRI                 
 2 44 15.9 +56 40 55.9 2000   0.2  0    3.0238050000 2452501.39000 0.5
V871  Per 10.920 - 11.50 EA         B          SEC                 
 2 44 15.9 +56 40 55.9 2000   0.2  0    3.0239750000 2452502.30900 0.5
V873  Per 10.800 - 11.50 EW         K0V        ALL                 
 2 47  8.2 +41 22 31.9 2000   0.0  0    0.2949032000 2452500.05200 0.5
V877  Per 13.910 - 15.27 EA                    PRI                 
 2 57 10.0 +53 18  1.9 2000   0.2  0    1.1109950000 2452500.11870 0.5
V881  Per 10.710 - 11.04 EW         K0IV       PRI                 
 2 59 53.1 +38  1 48.0 2000   0.0  0    0.3873759500 2452500.14310 0.5
V882  Per 11.900 - 12.70 EA                    ALL                 
 3  3 53.4 +57  3 34.3 2000   0.2  0    1.2848311000 2452500.74000 0.5
V884  Per 10.730 - 11.25 EA                    PRI                 
 3  6 20.5 +48 33 12.1 2000   0.4  0   12.8070760000 2452504.01810 0.5
V885  Per 13.100 - 13.45 EW                    ALL                 
 3  6 21.7 +54 47  2.2 2000   0.0  0    0.3038707100 2452500.11870 0.5
V887  Per  9.910 - 10.42 EA                    ALL                 
 3  9 18.8 +43 44 53.7 2000   0.2  0    1.5344347000 2452501.18630 0.5
V912  Per 12.230 - 12.58 EA/RS      K4V        ALL                 
 3 44 32.2 +39 59 34.9 2000   0.1  0    0.5775944300 2452500.29720 0.5
V951  Per 12.700 - 13.20 EW                    ALL                 
 4 10 36.3 +34  2 58.2 2000   0.0  0    0.2704774000 2452500.10900 0.5
V959  Per 10.110 - 10.75 EA         F0         ALL                 
 4 35  4.8 +37 28 20.7 2000   0.2  0    0.9907169000 2452500.37800 0.5
V963  Per 13.200 - 14.20 EB                    ALL                 
 4 45 35.6 +52 22 35.4 2000   0.0  0    0.4620733000 2452500.14000 0.5
V966  Per 13.030 - 13.85 EA         B5V        PRI                 
 1 36 42.4 +54 15 21.5 2000   0.4  0    4.3088572000 2452503.69950 0.5
V966  Per 13.030 - 13.85 EA         B5V        SEC                 
 1 36 42.4 +54 15 21.5 2000   0.4  0    4.3089853000 2452505.00810 0.5
V967  Per 13.320 - 13.55 EW                    ALL                 
 1 54 51.3 +54 44 37.6 2000   0.0  0    0.3593424000 2452502.17400 0.5
V968  Per 14.280 - 14.65 EB                    ALL                 
 1 55 12.5 +54 42  8.4 2000   0.0  0    0.6233931000 2452500.10700 0.5
V982  Per 12.850 - 13.50 EA                    PRI                 
 2 38 24.0 +56 31 56.6 2000   0.4  0    4.6067092000 2452503.90630 0.5
V1107 Per 10.720 - 10.95 EA         A3         PRI                 
 4 37  2.0 +42  5 52.0 2000   0.1  0    1.4547143000 2452500.93850 0.5
SW    Phe 10.000 - 11.80 EA/SD      A5         ALL                 
 0  0 30.0 -39 37 29.2 2000   0.2  0    2.5530974000 2452501.71200 0.5
SY    Phe  9.750 -  9.96 ISB        F8         PRI                 
 1 30 30.8 -42 42 24.9 2000   0.0  0    5.2708730000 2452502.94900 0.5
SY    Phe  9.750 -  9.96 ISB        F8         SEC                 
 1 30 30.8 -42 42 24.9 2000   0.0  0    5.2709200000 2452505.55000 0.5
VW    Phe 10.570 - 11.14 EA/DM                 pri                 
 1 25 33.6 -41 48 34.6 2000   0.0  0    6.8837100000 2452503.29000 0.5
YZ    Phe 12.700 - 13.20 EW/KW                 ALL                 
 1 42 25.9 -45 57  4.3 2000   0.0  0    0.2347242000 2452500.10700 0.5
AD    Phe 10.270 - 10.80 EW/KW                 ALL                 
 1 16 38.1 -39 42 31.3 2000   0.0  0    0.3799175200 2452500.05510 0.5
AE    Phe  7.560 -  8.25 EW/KW      G0V+G0V    ALL                 
 1 32 32.9 -49 31 41.3 2000   0.0  0    0.3623752000 2452500.14400 0.5
AG    Phe  8.870 -  9.36 EA/KE      A9V        all                 
 0 26 54.9 -39 52 55.1 2000   0.2  0    0.7553399600 2452500.68380 0.5
AI    Phe  8.580 -  9.35 EA/DM      F7V+G5 V   PRI                 
 1  9 34.2 -46 15 56.1 2000   0.5  0   24.5923500000 2452509.86000 0.5
AU    Phe 12.500 - 13.00 EW/KW                 ALL                 
 1 50 23.5 -46 58 28.1 2000   0.0  0    0.3066149000 2452500.21400 0.5
BM    Phe  9.270 -  9.53 EW                    ALL                 
 0 18 45.9 -39 40 38.1 2000   0.0  0    0.4136138400 2452500.31800 0.5
CT    Phe 11.200 - 11.80 EA                    PRI                 
 1 25 46.4 -39 56 10.6 2000   0.0  0    1.2608266000 2452500.85310 0.5
zet   Phe  3.910 -  4.42 EA/DM      B6V+B9V    PRI                 
 1  8 23.1 -55 14 44.7 2000   0.2  0    1.6697701000 2452500.55930 0.5
zet   Phe  3.910 -  4.42 EA/DM      B6V+B9V    SEC                 
 1  8 23.1 -55 14 44.7 2000   0.2  0    1.6697743000 2452501.38140 0.5
X     Pic 10.700 - 11.80 EA/SD      A2         ALL                 
 5  4 56.5 -53  8 26.1 2000   0.2  0    0.8619008900 2452500.71320 0.5
SU    Pic 10.150 - 10.64 EA/DM      A0         ALL                 
 5 18 14.5 -45 34 47.0 2000   0.0  0    1.8381200000 2452501.49000 0.5
Y     Psc 10.100 - 13.10 EA/SD      A3+K0IV    PRI                 
23 34 25.4 +07 55 28.6 2000   0.4  0    3.7657450000 2452500.24400 0.5
RV    Psc 11.300 - 12.00 EA/DW      F8         ALL                 
 1 19 41.1 +31 12  5.1 2000   0.1  0    0.5539890000 2452500.38560 0.5
SU    Psc 10.950 - 11.90 EB/D       B3III      PRI                 
 1 29 24.4 +19 37 40.7 2000   0.0  0    2.6813840000 2452501.74600 0.5
SX    Psc 11.200 - 12.10 EA/SD      A7V        ALL                 
 0 57 37.9 +12 18 25.6 2000   0.2  0    0.8258830000 2452500.21900 0.5
SZ    Psc  7.180 -  7.72 EA/DS/RS   K1IV-V+F8V ALL                 
23 13 23.8 +02 40 31.6 2000   0.4  0    3.9656550000 2452500.58200 0.5
UV    Psc  8.910 - 10.05 EA/D /RS   G2         ALL                 
 1 16 55.1 +06 48 42.1 2000   0.1  0    0.8610468200 2452500.04100 0.5
UW    Psc 10.800 - 11.30 EA/DM      A0         ALL                 
 1 23 25.3 +22 48 18.2 2000   0.4  0    2.4908522000 2452500.04920 0.5
VZ    Psc 10.200 - 10.45 EW/KW                 ALL                 
23 27 48.4 +04 51 24.0 2000   0.0  0    0.2612589500 2452500.11600 0.5
AC    Psc 14.600 - 16.00 L                     ALL                 
23 21 35.8 +06 35 57.9 2000   0.0  0    0.3352346300 2452500.32980 0.5
AQ    Psc  8.600 -  8.96 EW/KW                 ALL                 
 1 21  3.6 +07 36 21.6 2000   0.0  0    0.4756037000 2452500.38400 0.5
AT    Psc 15.600 - 16.70 EA                    PRI                 
 0 58 28.5 +31 40 45.0 2000   0.0  0    3.7835000000 2452500.02000 0.5
AY    Psc 15.200 - 16.60 NL                    PRI                 
 1 36 55.5 +07 16 29.4 2000   0.0  0    0.2173205500 2452500.01950 0.5
CP    Psc 10.690 - 11.05 EB                    ALL                 
 0 58 45.9 +32  6 20.4 2000   0.0  0    0.6840103000 2452500.53600 0.5
DS    Psc 11.730 - 12.19 EW                    ALL                 
 0 58 51.9 +03  3 57.8 2000   0.0  0    0.3424917000 2452500.22300 0.5
DV    Psc 10.590 -  0.51 E/RS                  ALL                 
 0 13  9.2 +05 35 43.0 2000   0.0  0    0.3085360000 2452500.12200 0.5
DZ    Psc 10.860 - 11.32 EW                    ALL                 
 0 36 27.9 +21 32 14.4 2000   0.0  0    0.3661411000 2452500.00300 0.5
EM    Psc 14.300 -  0.45 EW                    ALL                 
 1 18 48.5 +13 21  7.5 2000   0.0  0    0.3439799700 2452500.05060 0.5
ER    Psc 12.100 - 13.80 EA/SD                 PRI                 
23  9 20.4 +07 14 53.2 2000   0.2  0    1.6202164000 2452500.93060 0.5
ET    Psc  9.040 -  9.37 EW         A2         ALL                 
 0 56 35.9 +10 40 24.8 2000   0.0  0    0.4392981000 2452500.20700 0.5
EU    Psc  8.440 -  8.54 EA         F0         ALL                 
 1 44 53.5 +19 51 24.5 2000   0.1  0    1.6926157000 2452501.03200 0.5
EX    Psc 13.790 - 14.36 EW                    ALL                 
 0 13 22.7 +05 40  9.3 2000   0.0  0    0.2894802000 2452500.20600 0.5
FY    Psc 12.750 - 13.30 EW                    ALL                 
 0 55 33.0 +31 32 57.9 2000   0.0  0    0.3562182900 2452500.20880 0.5
GR    Psc 11.050 - 11.85 EW                    PRI                 
 1  9 31.9 +22 39 19.3 2000   0.0  0    0.4943192100 2452500.46130 0.5
GW    Psc 11.350 - 12.05 EW                    ALL                 
 1 17 32.4 +07 53 29.9 2000   0.0  0    0.3363394000 2452500.02900 0.5
HL    Psc 10.790 - 11.12 EB/RS      G5         ALL                 
 1 27 28.9 +29  6 18.6 2000   0.0  0    0.4916080000 2452500.40000 0.5
HO    Psc 10.950 - 11.70 EW                    ALL                 
 1 30 16.5 +13 33 25.2 2000   0.0  0    0.3247472000 2452500.03400 0.5
W     PsA 11.400 - 13.20 EA/DS                 all                 
22  7 57.7 -32 49 59.7 2000   0.9  0    8.1792219000 2452502.02120 0.5
RW    PsA 11.050 - 11.76 EW/KW                 ALL                 
22  9 46.9 -27  4  1.5 2000   0.0  0    0.3604473000 2452500.20800 0.5
VY    PsA  8.810 -  9.01 EB                    ALL                 
22 15 19.0 -24 59 27.0 2000   0.0  0    0.6338920400 2452500.38710 0.5
V     Pup  4.350 -  4.92 EB/SD      B1Vp+B3    ALL                 
 7 58 14.4 -49 14 41.7 2000   0.0  0    1.4544900000 2452500.43200 0.5
RR    Pup 10.340 - 11.37 EA/SD      A          PRI                 
 7 46 53.9 -41 22 26.5 2000   0.8  0    6.4296600000 2452500.33000 0.5
SW    Pup  9.000 - 10.10 EA/SD      A0V        ALL                 
 8 18 50.9 -42 45 11.4 2000   0.4  0    2.7472990000 2452502.52000 0.5
SZ    Pup 13.600 - 14.30 S                     ALL                 
 8  9 29.9 -36 42 13.2 2000   0.0  0    1.1902901000 2452500.82350 0.5
TY    Pup  8.400 -  8.89 EW/KE      A9n        ALL                 
 7 32 46.2 -20 47 31.1 2000   0.0  0    0.8192425000 2452500.15660 0.5
UZ    Pup  9.350 - 10.34 EB/KE      A6+A6      PRI                 
 7 41 46.1 -13 23 37.8 2000   0.0  0    0.7948504600 2452500.20660 0.5
VY    Pup 10.800 - 11.40 EB/DW      F2         PRI                 
 7 33 50.1 -11 39 51.0 2000   0.0  0    0.8167336500 2452500.27590 0.5
XY    Pup  9.300 - 11.40 EA/DS      A3ea       ALL                 
 8  9 34.7 -11 59  8.5 2000   1.4  0   13.7782000000 2452513.75000 0.5
XZ    Pup  7.750 - 10.26 EA/SD      A0         ALL                 
 8 13 31.1 -23 57 11.4 2000   0.5  0    2.1923867000 2452501.54300 0.5
YY    Pup  9.700 - 11.10 EA/DS      A0         PRI                 
 7 35 52.3 -19 23 31.2 2000   2.0  0   27.9557090000 2452508.77050 0.5
ZZ    Pup  9.430 - 11.05 EA/SD      A2         PRI                 
 7 48 26.0 -19 17 34.0 2000   0.6  0    6.3381890000 2452503.47000 0.5
AA    Pup 10.400 - 11.60 EA/D       F8         all                 
 8  1 36.1 -24 43  3.5 2000   0.7  0    7.0678300000 2452503.28000 0.5
AF    Pup 13.300 - 13.50 EW/KW                 ALL                 
 8 13 38.8 -43  7 46.4 2000   0.0  0    0.3836774000 2452500.17200 0.5
AG    Pup 10.700 - 11.80 EB                    all                 
 7 43 13.0 -21 43 14.3 2000   0.0  0    4.7793320000 2452503.06900 0.5
AH    Pup 10.300 - 11.30 EA                    ALL                 
 7 56 56.2 -25 19 38.9 2000   0.3  0    2.0248439000 2452500.12800 0.5
AN    Pup 10.490 - 11.27 EA                    all                 
 7 30  5.8 -21 26 24.0 2000   0.4  0    2.6682377000 2452501.03780 0.5
AU    Pup  8.500 -  9.46 EB/KE      A0V        all                 
 8 17 39.8 -41 42 27.9 2000   0.0  0    1.1263986700 2452500.20420 0.5
AV    Pup 10.500 - 11.10 EW/DW      F8         ALL                 
 8 24 32.3 -16 24 11.3 2000   0.0  0    0.4350151200 2452500.37500 0.5
AW    Pup 10.200 - 10.90 EA/SD                 ALL                 
 8 24 44.3 -28 49 42.7 2000   0.2  0    1.3621627000 2452500.89220 0.5
AY    Pup 11.600 - 12.50 EW/KW                 ALL                 
 7 38 37.3 -24 29 18.4 2000   0.0  0    0.4689587000 2452500.01120 0.5
AZ    Pup  9.700 - 10.20 EB                    ALL                 
 8 18 19.7 -34 55 50.2 2000   0.0  0    0.8673719900 2452500.23140 0.5
BH    Pup  8.400 -  9.10 EA         B3/5III    PRI                 
 8  8 15.1 -42  1 47.5 2000   0.3  0    1.9158546000 2452501.40000 0.5
BP    Pup 12.100 - 12.60 EB/D                  PRI                 
 7 30 13.3 -26 17  7.3 2000   0.0  0    5.4373760000 2452501.58000 0.5
BR    Pup 12.100 - 12.90 EB/KE                 all                 
 7 40 56.8 -25 39 28.1 2000   0.0  0    1.3395850000 2452501.32940 0.5
BS    Pup 11.300 - 12.30 EA/SD                 ALL                 
 7 42 14.0 -21 15 10.6 2000   0.1  0    1.0758863000 2452500.94100 0.5
BT    Pup 13.900 - 14.60 EW                    ALL                 
 7 55 33.9 -24 25  6.8 2000   0.0  0    1.5920989000 2452501.17300 0.5
CF    Pup  9.400 - 12.60 EA/SD                 all                 
 6  5 16.0 -49  7 27.8 2000   0.6  0    7.6495900000 2452504.81000 0.5
CG    Pup 10.200 - 13.00 EA/SD                 all                 
 6  7  3.0 -46 44 47.7 2000   0.2  0    1.0495883000 2452500.66000 0.5
CS    Pup 12.300 - 13.50 EA                    all                 
 7 34 35.0 -19 34 56.8 2000   0.4  0    2.6593533000 2452501.86400 0.5
DE    Pup 12.600 - 13.20 EB                    all                 
 7 48 41.2 -20 24 14.6 2000   0.0  0    0.9737764000 2452500.42300 0.5
DF    Pup 12.700 - 14.00 EA/SD                 all                 
 7 53 50.2 -19 40 40.2 2000   0.1  0    0.7714555000 2452500.32300 0.5
DI    Pup 11.800 - 13.00 EA/SD                 ALL                 
 7 56 40.6 -19 29 12.3 2000   0.3  0    1.7061453000 2452500.63310 0.5
DK    Pup 12.500 - 13.00 EB                    all                 
 7 56 57.8 -25 31  5.4 2000   0.0  0    0.9882828000 2452500.49600 0.5
DO    Pup 13.000 - 15.00 EA/DS                 all                 
 8  9  5.8 -21 49 27.1 2000   1.9  0   12.4458300000 2452511.79000 0.5
DS    Pup 12.700 - 13.60 EW/KW                 ALL                 
 7 32 47.8 -24 58 45.5 2000   0.0  0    0.3886763000 2452500.18330 0.5
EN    Pup 11.200 - 11.60 EW                    ALL                 
 7 42 44.1 -26 36 31.6 2000   0.0  0    0.6721432000 2452500.18500 0.5
EQ    Pup 10.200 - 11.00 EB/KE                 ALL                 
 7 48 24.1 -26  5 27.0 2000   0.0  0    1.1431320000 2452500.43400 0.5
GK    Pup 13.600 - 15.40 EA                    pri                 
 7 41 44.0 -15 13 50.2 2000   0.4  0    3.0795050000 2452500.57000 0.5
GU    Pup 11.400 - 12.20 EB/DM                 all                 
 7 28 41.1 -16 35  2.2 2000   0.0  0    1.6526989000 2452501.67700 0.5
GV    Pup 12.900 - 13.70 E                     ALL                 
 7 42  8.7 -13  0 12.4 2000   0.0  0    0.9883587600 2452500.73520 0.5
GY    Pup 11.900 - 12.30 EW/KW      Gp         ALL                 
 7 16 40.0 -39 54 25.8 2000   0.0  0    0.4121818000 2452500.04860 0.5
GZ    Pup 11.700 - 12.20 EW/KW                 ALL                 
 7 17 27.1 -40  7 43.2 2000   0.0  0    0.3202630000 2452500.18990 0.5
HI    Pup 10.700 - 11.00 EW/KW                 ALL                 
 7 33 38.2 -50  7 25.0 2000   0.0  0    0.4326127200 2452500.31520 0.5
HM    Pup 12.000 - 13.00 EA                    PRI                 
 7 19 37.7 -48 39 13.0 2000   0.0  0    2.5896850000 2452500.18000 0.5
IT    Pup 11.300 - 12.30 EA/SD                 ALL                 
 8 13  3.0 -28 20 32.2 2000   0.2  0    1.3361769000 2452500.84100 0.5
KR    Pup 14.000 - 15.00 EA                    ALL                 
 7 35  7.2 -16 20 32.6 2000   0.0  0    2.6327774000 2452502.37100 0.5
KV    Pup  9.630 - 10.34 EA/DM      A0IV       PRI                 
 7 47 19.1 -48 32 12.3 2000   0.5  0    3.6678870000 2452501.59000 0.5
KW    Pup 11.300 - 11.80 EB/DM                 ALL                 
 7 49 20.3 -15  5 37.0 2000   0.0  0    1.6039112000 2452500.96690 0.5
KX    Pup 12.770 - 13.13 EA/D                  PRI                 
 7 52  0.5 -26 22 39.8 2000   0.2  0    2.1468002000 2452500.10470 0.5
KY    Pup 10.600 - 11.10 EB/KE      O9.5III    all                 
 7 52  3.4 -26 45 18.6 2000   0.0  0    0.8494405000 2452500.66700 0.5
LN    Pup 12.500 - 13.00 EA/D                  PRI                 
 7 55  9.1 -23 10 23.7 2000   0.3  0    3.9511540000 2452501.95000 0.5
LT    Pup 12.500 - 12.90 EA/DM                 PRI                 
 7 59 42.4 -23 44 26.1 2000   0.1  0    1.6426810000 2452500.77000 0.5
LW    Pup  9.600 - 10.30 EA/GS                 PRI                 
 8  5 26.0 -26 41  9.1 2000   1.2  0   59.3517860000 2452523.00400 0.5
LY    Pup 12.200 - 13.00 EA                    PRI                 
 8 12  2.9 -23 16 35.8 2000   0.3  0    2.8879150000 2452501.87000 0.5
MO    Pup 11.700 - 12.50 EB                    ALL                 
 7 30 49.4 -12  2 52.3 2000   0.0  0    3.6717880000 2452501.78400 0.5
MP    Pup 10.000 - 10.50 E                     PRI                 
 7 31  8.5 -13 14 26.1 2000   0.0  0    0.9989357000 2452500.48400 0.5
MQ    Pup  9.030 - 10.55 EB/SD      B9         ALL                 
 7 31 19.3 -38  0  7.1 2000   0.0  0    1.4685657000 2452501.12130 0.5
MW    Pup  8.800 -  9.20 EA/DM      A0V        all                 
 7 56  1.7 -44 54 46.6 2000   0.0  0    1.7108900000 2452501.00000 0.5
NO    Pup  6.530 -  6.98 EA/KE      B8V        PRI                 
 8 26 17.7 -39  3 32.2 2000   0.2  0    1.2568913000 2452500.22460 0.5
PV    Pup  6.880 -  7.32 EA/DM      A8V+A8V    PRI                 
 7 45 28.7 -14 41 10.2 2000   0.2  0    1.6607269000 2452501.18520 0.5
PV    Pup  6.880 -  7.32 EA/DM      A8V+A8V    SEC                 
 7 45 28.7 -14 41 10.2 2000   0.2  0    1.6607227000 2452501.97830 0.5
V348  Pup 15.400 - 17.10 EA/WD+NL              PRI                 
 7 12 32.9 -36  5 38.5 2000   0.0  0    0.1018389500 2452500.04310 0.5
V358  Pup  9.300 -  9.54 EA                    SEC                 
 6 57 39.1 -41 17 40.7 2000   0.0  0    6.7939070000 2452506.99740 0.5
V358  Pup  9.300 -  9.54 EA                    PRI                 
 6 57 39.1 -41 17 40.7 2000   0.0  0    6.7939118000 2452503.60560 0.5
V365  Pup  7.800 -  7.91 EA                    PRI                 
 7 19  6.5 -35 11  3.2 2000   0.0  0   30.0331000000 2452527.40730 0.5
V366  Pup  8.070 -  8.29 EA                    PRI                 
 7 20 51.8 -48 30 50.8 2000   0.0  0    2.4840270000 2452500.51100 0.5
V366  Pup  8.070 -  8.29 EA                    SEC                 
 7 20 51.8 -48 30 50.8 2000   0.0  0    2.4839018000 2452501.83860 0.5
V397  Pup  5.910 -  6.09 EA                    PRI                 
 7 49 14.6 -35 14 35.8 2000   0.0  0    3.0044385000 2452501.12350 0.5
V397  Pup  5.910 -  6.09 EA                    SEC                 
 7 49 14.6 -35 14 35.8 2000   0.0  0    3.0043656000 2452503.07940 0.5
V399  Pup  9.270 -  9.56 EA                    PRI                 
 7 49 28.9 -48 38 28.1 2000   0.0  0    3.9102360000 2452503.81400 0.5
V399  Pup  9.270 -  9.56 EA                    SEC                 
 7 49 28.9 -48 38 28.1 2000   0.0  0    3.9099900000 2452505.68000 0.5
V434  Pup  7.760 -  8.38 EA                    PRI                 
 8 20 10.7 -23 21 33.4 2000   0.0  0    1.9115630000 2452501.50240 0.5
V438  Pup  5.900 -  6.07 EA                    PRI                 
 8 24 57.2 -42 46 11.4 2000   0.0  0    4.9349709000 2452501.73790 0.5
V595  Pup 12.500 - 13.80 EA                    PRI                 
 8 26 27.1 -12  9  9.4 2000   0.0  0    2.5187616000 2452501.83540 0.5
V596  Pup  6.570 -  7.05 EA/DM      A1V+A1V    PRI                 
 8 27 33.3 -20 50 38.2 2000   0.3  0    4.5961782000 2452503.10500 0.5
V596  Pup  6.570 -  7.05 EA/DM      A1V+A1V    SEC                 
 8 27 33.3 -20 50 38.2 2000   0.3  0    4.5961709000 2452505.30090 0.5
V611  Pup  8.110 -  8.35 EA         B3IV       PRI                 
 7 44  6.1 -16 55 57.6 2000   0.4  0    6.3177857000 2452502.94890 0.5
V611  Pup  8.110 -  8.35 EA         B3IV       SEC                 
 7 44  6.1 -16 55 57.6 2000   0.4  0    6.3177653000 2452505.58340 0.5
RZ    Pyx  8.830 -  9.72 EB/KE      B7V        ALL                 
 8 52  4.4 -27 29  1.4 2000   0.0  0    0.6562740000 2452500.34120 0.5
SV    Pyx 10.000 - 11.00 EA                    ALL                 
 9 24 55.5 -33 37 12.6 2000   0.0  0    1.4464020000 2452500.84900 0.5
TT    Pyx  8.800 -  9.48 EA         B9         PRI                 
 8 48 30.9 -26  9 47.8 2000   0.5  0    1.5157784000 2452500.34000 0.5
TV    Pyx 12.100 - 12.50 EB                    all                 
 9  8 34.7 -34 10 41.3 2000   0.0  0    0.6466682000 2452500.63000 0.5
TX    Pyx  9.500 -  9.90 E/KE       A3         PRI                 
 8 42 30.6 -32 20 32.1 2000   0.0  0    0.5627447800 2452500.70810 0.5
TY    Pyx  6.850 -  7.50 EA/D/RS    G5+G5      ALL                 
 8 59 42.7 -27 48 58.7 2000   0.2  0    3.1985804000 2452501.49600 0.5
TZ    Pyx 10.700 - 11.10 EW                    PRI                 
 8 41  8.3 -32 12  3.0 2000   0.0  0    2.3185506000 2452500.35980 0.5
TZ    Pyx 10.700 - 11.10 EW                    SEC                 
 8 41  8.3 -32 12  3.0 2000   0.0  0    2.3185560000 2452501.52900 0.5
AC    Pyx  7.800 -  8.10 EA                    PRI                 
 8 31 28.0 -25 40 55.8 2000   0.0  0    7.6679642000 2452505.91260 0.5
DK    Pyx  7.850 -  7.97 EA         B3III      PRI                 
 8 33 24.1 -34 38 55.3 2000   0.4  0    6.1784700000 2452505.84900 0.5
DK    Pyx  7.850 -  7.97 EA         B3III      SEC                 
 8 33 24.1 -34 38 55.3 2000   0.4  0    6.1784600000 2452507.65300 0.5
UX    Ret  8.320 -  9.02 EW                    ALL                 
 3 57 34.0 -54 21 26.6 2000   0.0  0    0.4901055600 2452500.01350 0.5
VY    Ret  7.890 -  8.47 EA         F5V        PRI                 
 3 27 16.8 -61 15 32.9 2000   0.0  0   14.2162130000 2452500.72710 0.5
U     Sge  6.450 -  9.28 EA/SD      B8V+G2IV-I PRI                 
19 18 48.4 +19 36 37.7 2000   0.6  0    3.3806575000 2452501.78150 0.5
V     Sge  8.600 - 13.90 E+NL       pec cont+e ALL                 
20 20 14.7 +21  6 10.4 2000   0.0  0    0.5141856000 2452500.25000 0.5
SY    Sge 10.500 - 11.20 EA/DM      B2         ALL                 
19 54 53.5 +18 14  2.2 2000   0.5  0    3.5392590000 2452502.81700 0.5
TU    Sge 13.000 - 15.00 EA/SD                 PRI                 
19 55 21.8 +19 16 46.2 2000   0.7  0    4.9090260000 2452501.63000 0.5
UU    Sge 14.180 - 15.59 EA/D /PN   O subdwarf PRI                 
19 42 10.3 +17  5 15.6 2000   0.1  0    0.4650693100 2452500.40780 0.5
UZ    Sge 11.400 - 13.00 EA/SD      A3V        ALL                 
20 12 16.2 +19 20 55.4 2000   0.3  0    2.2157412000 2452502.02500 0.5
WY    Sge  5.400 - 20.70 N+UG +EA   pec e+cont pri                 
19 32 43.9 +17 44 54.7 2000   0.0  0    0.1536344800 2452500.06600 0.5
WZ    Sge  7.000 - 15.53 UGSU+E+ZZ  DAep UG    PRI                 
20  7 36.5 +17 42 14.7 2000   0.0  0    0.0566878400 2452500.05480 0.5
BR    Sge 12.900 - 14.10 EA                    PRI                 
20  6 26.7 +21 13 57.7 2000   0.3  0    2.3621590000 2452501.44000 0.5
CK    Sge 14.000 - 15.80 EA/SD                 PRI                 
20 12 14.4 +19 19 11.0 2000   0.3  0    2.4349230000 2452500.16900 0.5
CP    Sge 13.200 - 14.30 EA                    PRI                 
20 14  5.9 +18 37 27.8 2000   0.4  0    3.5016660000 2452503.28600 0.5
CU    Sge 10.900 - 11.70 EB/DW      F5         PRI                 
19 24 29.7 +16 29 59.3 2000   0.0  0    0.7916755700 2452500.13300 0.5
CW    Sge 11.000 - 11.80 EW/DW      F5         ALL                 
19 59 58.0 +19 10 44.7 2000   0.0  0    0.6603644000 2452500.56400 0.5
DE    Sge 11.900 - 13.60 EA/SD      A          PRI                 
20  7 13.5 +20 50 10.9 2000   0.3  0    2.8720130000 2452500.67000 0.5
DK    Sge 12.200 - 13.20 EW                    ALL                 
20 13 52.5 +21 25  2.5 2000   0.0  0    0.6218247000 2452500.47300 0.5
DL    Sge 11.400 - 12.20 EA/SD                 ALL                 
19  7 35.2 +18 57 20.0 2000   0.2  0    0.8572781000 2452500.45530 0.5
DM    Sge 11.000 - 12.00 EB/DM      A0         ALL                 
19 15  5.9 +18 25 52.2 2000   0.0  0    2.7753222000 2452500.45700 0.5
EI    Sge 14.000 - 14.80 EW/KW                 ALL                 
19 59  7.5 +19 27 53.1 2000   0.0  0    0.3882477000 2452500.04100 0.5
FF    Sge 12.400 - 13.00 EA         A          ALL                 
20 11 43.3 +21 14 57.1 2000   0.3  0    2.6538576000 2452500.04300 0.5
FL    Sge 13.900 - 15.90 EA/SD                 PRI                 
20 13 23.7 +18 28 12.2 2000   0.2  0    2.0929284000 2452501.57520 0.5
FP    Sge 14.500 - 14.90 EA                    ALL                 
20 14 45.8 +19 36 49.6 2000   0.0  0    0.6420071700 2452500.29470 0.5
GN    Sge 10.300 - 10.60 EB/KE      A4-F0      ALL                 
20 10  8.4 +20 17 10.3 2000   0.0  0    1.4376009000 2452500.06770 0.5
GO    Sge 12.700 - 13.20 EA                    PRI                 
20 15 26.7 +18 39 50.9 2000   0.0  0    3.4009720000 2452501.61100 0.5
V365  Sge 12.500 - 13.19 EW                    ALL                 
20  7 55.4 +17 31 16.3 2000   0.0  0    0.3691263000 2452500.27640 0.5
V370  Sge 11.700 - 12.30 EA                    PRI                 
20  4 59.9 +20 13 28.3 2000   0.3  0    8.3263337000 2452501.79440 0.5
RS    Sgr  6.010 -  6.97 EA/SD      B3IV-V+A   PRI                 
18 17 36.2 -34  6 26.1 2000   0.4  0    2.4156835000 2452502.40580 0.5
WX    Sgr  9.600 - 11.30 EA/SD      A1         PRI                 
17 59 24.2 -17 23 55.0 2000   0.3  0    2.1292390000 2452500.31200 0.5
WY    Sgr 10.200 - 11.10 EA/SD      B9         ALL                 
18  0 58.7 -23  1 56.0 2000   0.8  0    4.6704320000 2452501.36100 0.5
XY    Sgr 10.700 - 12.20 EA/SD      A0         ALL                 
18 11  6.4 -16 28  9.1 2000   0.3  0    2.0229225000 2452501.90400 0.5
XZ    Sgr  8.820 - 10.93 EA/SD      A3V+G5IV-V ALL                 
18 22  6.8 -25 14 23.9 2000   0.4  0    3.2755383000 2452500.17470 0.5
YY    Sgr 10.020 - 10.73 EA/DM      B8+B8      PRI                 
18 44 35.8 -19 23 23.0 2000   0.3  0    2.6284550000 2452501.79200 0.5
YY    Sgr 10.020 - 10.73 EA/DM      B8+B8      SEC                 
18 44 35.8 -19 23 23.0 2000   0.3  0    2.6284830000 2452502.93500 0.5
ZZ    Sgr 10.500 - 12.80 EA/SD      A2         ALL                 
18 49 42.2 -34 40 59.5 2000   0.5  0    3.0833221000 2452502.68710 0.5
BN    Sgr  9.250 - 10.10 EA         F6         PRI                 
17 47  5.4 -28  8 59.5 2000   0.6  0    2.5196990000 2452501.92000 0.5
BQ    Sgr  9.400 - 11.87 EA/DS      A2n        all                 
19 14 14.9 -36 14 39.8 2000   0.8  0    8.0194600000 2452505.98000 0.5
DV    Sgr 10.400 - 11.50 EA/SD      A0         ALL                 
18 39 36.3 -22 40 43.5 2000   0.3  0    1.8628280000 2452500.71300 0.5
EG    Sgr 11.200 - 12.70 EA/SD      A0         PRI                 
19 14 23.5 -14 11 13.8 2000   0.3  0    2.4861514000 2452501.24670 0.5
V356  Sgr  6.840 -  7.66 EA/DS      B3V+A1II   PRI                 
18 47 52.3 -20 16 28.2 2000   1.1  0    8.8960900000 2452502.55000 0.5
V505  Sgr  6.460 -  7.51 EA/SD      A2V+F6     ALL                 
19 53  6.4 -14 36 11.5 2000   0.2  0    1.1828504000 2452500.37700 0.5
V523  Sgr  9.570 -  9.90 EA/DM      A5         SEC                 
19  2 54.6 -29  8 33.8 2000   0.3  0    2.3237897000 2452503.07000 0.5
V523  Sgr  9.570 -  9.90 EA/DM      A5         PRI                 
19  2 54.6 -29  8 33.8 2000   0.3  0    2.3238325000 2452501.90400 0.5
V524  Sgr 11.000 - 12.40 EA         F8III      ALL                 
19 53 14.5 -14 54 38.9 2000   0.5  0    4.1161980000 2452500.85000 0.5
V525  Sgr  8.280 -  8.93 EB/KE      A2         PRI                 
19  7 13.5 -30  9 37.7 2000   0.0  0    0.7051217000 2452500.64800 0.5
V526  Sgr  9.780 - 10.54 EA/DM      A0         PRI                 
19  8 15.0 -31 20 54.9 2000   0.2  0    1.9193844000 2452501.67160 0.5
V573  Sgr 12.200 - 12.80 EB                    ALL                 
18  3 34.3 -35 57  0.0 2000   0.0  0    0.9771080000 2452500.33200 0.5
V683  Sgr 12.000 - 12.70 E                     ALL                 
18 14 24.2 -36 46  7.3 2000   0.0  0    0.5836081500 2452500.32220 0.5
V729  Sgr 14.100 - 15.50 IS         ea         pri                 
19 16 49.2 -26 14 33.4 2000   0.0  0    0.1734056000 2452500.09400 0.5
V743  Sgr 13.800 - 14.30 EW/KW                 ALL                 
17 43 56.1 -28 29 51.5 2000   0.0  0    0.2766357900 2452500.20200 0.5
V779  Sgr 11.500 - 12.10 EW/KW      F8         ALL                 
17 55 37.1 -28 17 59.5 2000   0.0  0    0.4450299400 2452500.26740 0.5
V784  Sgr 12.100 - 12.80 EB/DM                 PRI                 
17 57 12.4 -25 58 33.1 2000   0.0  0    1.8191369000 2452501.50870 0.5
V789  Sgr 12.300 - 13.00 EA/D                  PRI                 
17 59 53.1 -28  9 25.5 2000   0.3  0    2.5523370000 2452501.91000 0.5
V792  Sgr 11.700 - 12.40 EB/D                  all                 
18  3  4.7 -22 51 50.2 2000   0.0  0    3.9309687000 2452503.15180 0.5
V849  Sgr 12.900 - 14.20 EA                    PRI                 
19  2 37.2 -31  7 40.7 2000   0.4  0    2.9506535000 2452502.42760 0.5
V902  Sgr 14.400 - 14.80 EW/KW                 ALL                 
19 25 14.1 -29  9  8.7 2000   0.0  0    0.2939492700 2452500.05890 0.5
V986  Sgr 13.000 - 14.10 EA/DS                 PRI                 
17 54  2.4 -27  0 47.1 2000   0.5  0   10.4294300000 2452501.08000 0.5
V1000 Sgr 13.300 - 13.90 EW/KW                 ALL                 
18  0 29.4 -31 42  6.3 2000   0.0  0    0.4307648000 2452500.02900 0.5
V1068 Sgr 15.100 - 15.40 EW/KW                 ALL                 
19  3 18.0 -15 14 22.5 2000   0.0  0    0.3699691300 2452500.08000 0.5
V1071 Sgr 13.200 - 13.90 EA                    ALL                 
19  4  3.0 -22 28 31.3 2000   0.2  0    1.3560955000 2452500.24000 0.5
V1108 Sgr 11.600 - 12.80 EA/DS                 PRI                 
19 12 43.6 -18  8 12.0 2000   0.5  0   46.5830000000 2452515.03000 0.5
V1108 Sgr 11.600 - 12.80 EA/DS                 SEC                 
19 12 43.6 -18  8 12.0 2000   0.5  0   46.5834000000 2452539.10000 0.5
V1109 Sgr 14.300 - 14.80 EB                    PRI                 
19 12 49.8 -14 51  8.9 2000   0.0  0    0.6111319000 2452500.43100 0.5
V1133 Sgr 13.200 - 14.00 EA                    PRI                 
19 21  7.0 -14 25  3.0 2000   0.1  0    0.8053008000 2452500.75100 0.5
V1177 Sgr 11.300 - 11.70 EA/KE      B9         PRI                 
18  4 34.5 -31 34 42.2 2000   0.0  0    0.9631072000 2452500.77300 0.5
V1454 Sgr 15.300 - 15.70 EA/D                  ALL                 
18  3 46.6 -30 11 27.4 2000   0.3  0    6.4567780000 2452503.01300 0.5
V1647 Sgr  6.940 -  7.57 EA/DM      A1V+A2V    PRI                 
17 59 13.5 -36 56 19.8 2000   0.3  0    3.2827900000 2452502.03300 0.5
V1647 Sgr  6.940 -  7.57 EA/DM      A1V+A2V    SEC                 
17 59 13.5 -36 56 19.8 2000   0.3  0    3.2828200000 2452503.01100 0.5
V1968 Sgr 12.300 - 13.30 EA                    PRI                 
18 21 23.1 -19 33 24.4 2000   0.0  0    0.5632493400 2452500.07620 0.5
V1980 Sgr 11.200 - 11.80 EA/GS                 ALL                 
18 25 24.5 -25 10 40.0 2000   4.1  0   40.5057000000 2452531.80000 0.5
V2184 Sgr 12.500 - 13.00 EA                    PRI                 
19 46 17.5 -37 24 52.7 2000   0.0  0   16.4958330000 2452505.13250 0.5
V2184 Sgr 12.500 - 13.00 EA                    SEC                 
19 46 17.5 -37 24 52.7 2000   0.0  0   16.4949940000 2452509.06150 0.5
V2283 Sgr 10.230 - 11.03 EA/DM      A0         PRI                 
18  4 38.8 -36 54 52.6 2000   0.2  0    3.4714506000 2452500.52710 0.5
V2283 Sgr 10.230 - 11.03 EA/DM      A0         SEC                 
18  4 38.8 -36 54 52.6 2000   0.2  0    3.4714302000 2452503.21120 0.5
V2338 Sgr 13.800 - 15.50 EA/SD                 pri                 
18 23 48.7 -25 26 18.7 2000   0.0  0    2.8136800000 2452500.42000 0.5
V2349 Sgr  8.760 -  9.40 EA/D       B1Vne      ALL                 
18 28 25.1 -16 42  4.5 2000   0.6  0    3.4085340000 2452501.02000 0.5
V2351 Sgr 10.210 - 10.73 EA/DM                 ALL                 
18 29 29.9 -31 28  2.2 2000   0.4  0    3.7488240000 2452502.98000 0.5
V2509 Sgr  7.350 -  7.71 EB/KE      A0         ALL                 
18 15 49.9 -35 38 14.3 2000   0.0  0    1.0870010000 2452500.05900 0.5
V2617 Sgr  9.560 - 10.10 EA/KE      A0         all                 
19 55 18.4 -23 58 12.8 2000   0.0  0    1.2675400000 2452501.27000 0.5
V3895 Sgr  9.000 -  9.50 EA         A0         PRI                 
17 58 24.2 -29 15 48.0 2000   0.0  0   27.1108510000 2452522.02230 0.5
V3903 Sgr  7.000 -  7.45 INA        O8Vn       ALL                 
18  9 17.7 -23 59 18.2 2000   0.0  0    1.7442020000 2452500.44600 0.5
V4089 Sgr  5.870 -  6.07 EA/DM                 ALL                 
19 34  8.5 -40  2  4.7 2000   0.0  0    4.6270843000 2452503.21470 0.5
V4197 Sgr  7.950 -  8.70 EW/KE                 ALL                 
19  5 57.9 -19 28 52.7 2000   0.0  0    0.7148106000 2452500.23500 0.5
V5552 Sgr 12.860 - 13.74 EA                    ALL                 
19 48 55.3 -37 12 12.2 2000   0.0  0    1.3476680000 2452501.24300 0.5
V5565 Sgr 10.390 - 10.89 EA         B9         PRI                 
18 16 41.6 -35 38  9.7 2000   0.2  0    4.3028878000 2452501.42240 0.5
V5565 Sgr 10.390 - 10.89 EA         B9         SEC                 
18 16 41.6 -35 38  9.7 2000   0.2  0    4.3028459000 2452503.12250 0.5
V5570 Sgr  8.600 -  9.05 EA         B9V        PRI                 
19 10 56.8 -25 54 39.6 2000   0.4  0   11.7899720000 2452509.99960 0.5
V5605 Sgr 13.490 - 13.50 EP         F2         PRI                 
17 52 30.0 -29 33  1.9 2000   0.1  0    2.2642640000 2452502.19800 0.5
V5643 Sgr  9.530 -  9.88 EA         B9IV/V     PRI                 
18 33 24.0 -19 30 20.4 2000   0.2  0    1.9185881000 2452500.80250 0.5
AL    Sco 11.200 - 13.50 EA/SD      F          ALL                 
16 48 13.1 -32 56 42.4 2000   0.2  0    1.5322507000 2452501.16800 0.5
BS    Sco 11.500 - 13.20 EA/SD      B5V        PRI                 
17 55  4.4 -31 38 34.9 2000   0.8  0    7.6223700000 2452503.40000 0.5
FV    Sco  7.950 -  8.72 EA/DM      B6V        ALL                 
17 13 45.0 -32 51  9.2 2000   0.7  0    5.7279040000 2452502.45800 0.5
V385  Sco 10.900 - 11.70 E/D        B9         PRI                 
17 38  9.5 -37 42 20.0 2000   0.0  0    4.6902454000 2452503.76180 0.5
V393  Sco  8.200 -  9.00 EA/SD      B9         ALL                 
17 48 47.6 -35  3 25.6 2000   0.9  0    7.7124700000 2452507.77000 0.5
V453  Sco  6.360 -  6.73 EB/GS      B0.5Iape   ALL                 
17 56 16.1 -32 28 30.0 2000   0.0  0   12.0060420000 2452507.91220 0.5
V457  Sco 10.600 - 11.40 EA/DM                 ALL                 
17  8  2.5 -35 57 40.8 2000   0.2  0    2.0073793000 2452501.70520 0.5
V474  Sco 10.300 - 11.00 EB         B3-5       ALL                 
17 18 51.4 -31 34 58.8 2000   0.0  0    1.6200478000 2452500.07270 0.5
V490  Sco 12.000 - 12.60 EA/DM                 ALL                 
17 37 54.5 -33 57  4.0 2000   0.2  0    3.0037558000 2452500.39800 0.5
V499  Sco  8.250 -  0.51 EB/DM      B1V        ALL                 
17 29  2.3 -33  0 16.2 2000   0.0  0    2.3332957000 2452501.68500 0.5
V569  Sco 10.700 - 11.50 EA/DM      A3         ALL                 
16 50  2.4 -42 36  8.4 2000   0.2  0    1.0472439000 2452500.31570 0.5
V590  Sco 10.680 - 11.30 EA/SD      B5         ALL                 
16 58 50.8 -42 22 13.6 2000   0.3  0    2.4728837000 2452500.38110 0.5
V606  Sco 11.900 - 12.20 EA                    ALL                 
17  6 22.1 -37 41 30.9 2000   0.1  0    2.6857473000 2452502.63560 0.5
V619  Sco 11.900 - 12.40 EB/KE                 ALL                 
17 14 16.0 -41 21 21.0 2000   0.0  0    0.7546258500 2452500.72990 0.5
V629  Sco 11.900 - 12.40 E                     PRI                 
17 18 20.3 -39  3 42.1 2000   0.0  0    3.2490341000 2452502.72300 0.5
V629  Sco 11.900 - 12.40 E                     SEC                 
17 18 20.3 -39  3 42.1 2000   0.0  0    3.2491902000 2452504.37490 0.5
V632  Sco 11.500 - 11.90 EA/D       F          PRI                 
17 20 30.4 -43  4 34.3 2000   0.1  0    1.6101517000 2452501.43230 0.5
V633  Sco 11.900 - 12.50 EB /KE                ALL                 
17 21 20.4 -41 58 17.9 2000   0.0  0    0.4933089000 2452500.41250 0.5
V634  Sco 11.700 - 12.30 EA/DM      A          ALL                 
17 21 39.2 -36 45 11.1 2000   0.1  0    1.2240297000 2452500.59470 0.5
V700  Sco 10.190 - 10.50 EB /DM     B5         ALL                 
17 31 13.2 -31 22 42.7 2000   0.0  0    2.3468930000 2452502.13000 0.5
V701  Sco  8.630 -  9.05 EW/KE      B1 V nn    ALL                 
17 34 24.5 -32 30 16.0 2000   0.0  0    0.7618724000 2452500.19300 0.5
V714  Sco 12.200 - 12.80 EA                    ALL                 
17 55 56.6 -31 42 47.2 2000   0.2  0    1.3964480000 2452500.27300 0.5
V760  Sco  7.040 -  7.40 EA/DM      B3 Vn      PRI                 
16 24 43.7 -34 53 37.5 2000   0.3  0    1.7309266000 2452500.95300 0.5
V764  Sco  8.500 -  9.10 EB/DM      A5IV/V     ALL                 
17 56  8.5 -45  9 20.6 2000   0.0  0    1.5426323000 2452500.33500 0.5
V833  Sco 11.000 - 11.60 EB/KE      F0         ALL                 
17 53 56.0 -36 32  2.4 2000   0.0  0    1.1878488000 2452501.07600 0.5
V843  Sco 10.400 - 10.90 EA/SD                 ALL                 
17 56 35.5 -36 42 22.3 2000   0.2  0    0.9836387000 2452500.15200 0.5
V861  Sco  6.070 -  6.40 EB         B0.5Iae    ALL                 
16 56 36.0 -40 49 24.4 2000   0.0  0    7.8482000000 2452501.97000 0.5
V881  Sco  8.800 -  0.40 E          A0         PRI                 
16 42  8.1 -33 46  0.5 2000   0.0  0    2.4915540000 2452502.24200 0.5
V881  Sco  8.800 -  0.40 E          A0         SEC                 
16 42  8.1 -33 46  0.5 2000   0.0  0    2.4915660000 2452503.31400 0.5
V883  Sco  7.340 -  7.66 EB/KE      B2.5Vn     PRI                 
16 57 52.5 -37 59 47.5 2000   0.0  0    4.3411760000 2452504.28100 0.5
V883  Sco  7.340 -  7.66 EB/KE      B2.5Vn     SEC                 
16 57 52.5 -37 59 47.5 2000   0.0  0    4.3411560000 2452506.68700 0.5
V885  Sco  8.600 -  0.30 E/DM       B2V        SEC                 
17 47 59.0 -37 38 24.1 2000   0.0  0    9.2978978000 2452509.67950 0.5
V885  Sco  8.600 -  0.30 E/DM       B2V        PRI                 
17 47 59.0 -37 38 24.1 2000   0.0  0    9.2978627000 2452505.24730 0.5
V889  Sco 11.350 - 12.37 E                     ALL                 
16 51 37.2 -44 57 45.6 2000   0.0  0   12.5113400000 2452507.38000 0.5
V893  Sco 10.600 - 14.50 UG                    PRI                 
16 15 15.0 -28 37 32.1 2000   0.0  0    0.0759614600 2452500.02400 0.5
V904  Sco 10.000 -  0.40 E          A0         ALL                 
17 29 56.7 -41  3 23.6 2000   0.0  0    1.2669957000 2452501.25900 0.5
V906  Sco  5.960 -  6.23 EA/DM      B9V+B9V    ALL                 
17 53 54.8 -34 45  9.8 2000   0.4  0    2.7859640000 2452501.41800 0.5
V907  Sco  8.610 -  9.20 EA/DM      A0         ALL                 
17 56 55.6 -34 45  1.3 2000   0.0  0    3.7762655000 2452500.71060 0.5
V923  Sco  5.860 -  6.24 EA/D       F3IV-V+F3V PRI                 
17  3 50.9 -38  9  9.3 2000   0.0  0   34.8387650000 2452529.51400 0.5
V1046 Sco  9.340 -  9.70 E                     PRI                 
16  6 39.0 -26 25  1.6 2000   0.0  0   11.1164510000 2452508.07610 0.5
V1055 Sco  8.650 -  8.92 EW                    ALL                 
16 27 26.2 -37 28 37.3 2000   0.0  0    0.3636882000 2452500.22460 0.5
V1067 Sco 10.370 - 10.77 E                     SEC                 
16 50 59.1 -26 46 51.5 2000   0.0  0   12.0535590000 2452511.68000 0.5
V1081 Sco  6.970 -  7.12 EA                    ALL                 
17 29 12.9 -31 32  3.4 2000   0.0  0    2.5136930000 2452500.50800 0.5
V1082 Sco 10.090 - 10.53 E                     PRI                 
17 36 27.4 -33 29 35.9 2000   0.0  0   23.4462000000 2452518.35000 0.5
V1082 Sco 10.090 - 10.53 E                     SEC                 
17 36 27.4 -33 29 35.9 2000   0.0  0   23.4465000000 2452526.31000 0.5
V1195 Sco  8.860 -  9.04 EA         B9IV       PRI                 
16 19 23.0 -40 56 38.9 2000   0.0  0    4.0030409000 2452502.81090 0.5
V1226 Sco 10.590 - 10.78 EA         A0         ALL                 
17  2 25.0 -36 49 34.5 2000   0.2  0    2.0835347000 2452500.24480 0.5
V1270 Sco  9.170 -  9.72 EA         A0IV       PRI                 
17 57  2.5 -40  7 15.9 2000   0.0  0    4.2432084000 2452501.07570 0.5
V1270 Sco  9.170 -  9.72 EA         A0IV       SEC                 
17 57  2.5 -40  7 15.9 2000   0.0  0    4.2430833000 2452502.97570 0.5
V1301 Sco 13.000 - 13.50 EA                    PRI                 
17  5 18.7 -34 56  0.3 2000   0.1  0    1.9540740000 2452500.27800 0.5
V1301 Sco 13.000 - 13.50 EA                    SEC                 
17  5 18.7 -34 56  0.3 2000   0.1  0    1.9540650000 2452501.16200 0.5
V1611 Sco 13.100 - 13.80 EA                    PRI                 
17  5 24.5 -38 47  0.7 2000   0.4  0   10.7071770000 2452503.11730 0.5
mu. 1 Sco  2.940 -  3.22 EB/SD      B1.5V+B6.5 ALL                 
16 51 52.2 -38  2 50.6 2000   0.0  0    1.4462695000 2452500.47800 0.5
RT    Scl 10.180 - 10.89 EB/SD      A5n+F3     ALL                 
 0 36 28.1 -25 40 22.9 2000   0.0  0    0.5115563000 2452500.11250 0.5
SZ    Scl 12.980 - 13.68 EW/KW                 ALL                 
 0 15 46.7 -31  5 45.0 2000   0.0  0    0.3208211400 2452500.11860 0.5
AL    Scl  6.060 -  6.33 EA/DM      B6V+A0V    PRI                 
23 55 16.6 -31 55 17.3 2000   0.2  0    2.4450856000 2452500.82520 0.5
BD    Scl 10.120 - 10.39 EB                    all                 
 0 32 25.2 -24 52 34.5 2000   0.0  0    0.5662923000 2452500.21700 0.5
BE    Scl 10.410 - 10.84 EW                    all                 
 1 21 33.0 -29  7 52.7 2000   0.0  0    0.4229014400 2452500.05490 0.5
CG    Scl  8.670 -  9.16 EA         G5V        PRI                 
 0 55 26.8 -37 31 26.4 2000   0.0  0   11.0357160000 2452503.47680 0.5
CG    Scl  8.670 -  9.16 EA         G5V        SEC                 
 0 55 26.8 -37 31 26.4 2000   0.0  0   11.0356770000 2452508.85330 0.5
CI    Scl  8.780 -  9.00 EA         F5/F6V     PRI                 
 1  3 43.8 -30 23 55.3 2000   0.4  0   14.7106240000 2452500.89830 0.5
CM    Scl  8.810 -  8.93 EA         F7V        PRI                 
23 36  3.6 -32 37 24.3 2000   0.3  0   10.2885620000 2452501.66360 0.5
CP    Scl 12.390 - 13.15 EW                    ALL                 
 0 24 49.4 -27 44 19.1 2000   0.0  0    0.3136581000 2452500.03500 0.5
U     Sct 10.080 - 11.04 EB/SD      F0         ALL                 
18 54 27.2 -12 36 35.4 2000   0.0  0    0.9549827000 2452500.09600 0.5
W     Sct  9.920 - 10.57 EA/DM      B3n+B0     all                 
18 24 33.5 -13 39 12.8 2000   1.2  0   10.2702200000 2452503.20000 0.5
RS    Sct  9.780 - 10.91 EB/SD      F5         ALL                 
18 49 11.3 -10 14 27.8 2000   0.0  0    0.6642356000 2452500.35000 0.5
RY    Sct  9.120 -  9.72 EB/GS      O9.7Ibpeq  ALL                 
18 25 31.5 -12 41 24.2 2000   0.0  0   11.1247300000 2452509.20300 0.5
RZ    Sct  7.340 -  8.84 EA/GS      B3Ib       PRI                 
18 26 33.5 -09 12  6.0 2000   2.6  0   15.1908900000 2452513.17000 0.5
VZ    Sct 11.800 - 13.00 EB                    PRI                 
18 36 58.5 -12 44 31.4 2000   0.0  0    2.1961319000 2452501.54870 0.5
XY    Sct 13.800 - 14.50 EW                    ALL                 
18 41  6.8 -06  4  3.5 2000   0.0  0    0.7852528000 2452500.70190 0.5
AC    Sct 10.000 - 12.60 EA/SD      B9         pri                 
18 46  1.5 -10 14 55.9 2000   0.7  0    4.7976210000 2452502.99000 0.5
BS    Sct 11.000 - 12.40 EA/SD      B7e-A0III  pri                 
18 52  6.0 -06 14 40.2 2000   0.4  0    3.8210340000 2452502.01100 0.5
CR    Sct 11.600 - 12.10 EA/D                  PRI                 
18 49 47.6 -09 30 11.4 2000   0.3  0    4.1923490000 2452502.64610 0.5
CR    Sct 11.600 - 12.10 EA/D                  SEC                 
18 49 47.6 -09 30 11.4 2000   0.3  0    4.1923490000 2452504.80600 0.5
CT    Sct 10.900 - 11.90 EA/SD      B7V n      ALL                 
18 54 21.6 -06  0 16.7 2000   0.7  0    4.9537168000 2452500.26330 0.5
CW    Sct  9.800 - 10.20 EB/DM      B9         ALL                 
18 55 41.7 -05 58  3.1 2000   0.0  0    1.7861749000 2452501.04700 0.5
DK    Sct 11.800 - 12.90 EA/SD                 PRI                 
18 51 42.3 -05 43 34.4 2000   0.2  0    1.2177378000 2452500.10880 0.5
ER    Sct  9.100 -  9.40 EA/KE      A0         ALL                 
18 42 43.9 -07 41 33.2 2000   0.2  0    1.3610565000 2452501.35800 0.5
EY    Sct 11.900 - 12.70 EA/KE                 ALL                 
18 42 19.8 -06 18 47.0 2000   0.2  0    1.1663855000 2452500.53000 0.5
EZ    Sct 12.000 - 12.90 EB/KE                 ALL                 
18 43 45.8 -05  9 52.9 2000   0.0  0    1.1346489000 2452500.21100 0.5
FG    Sct 13.660 - 14.76 EW/KW                 ALL                 
18 45  3.7 -06  6 15.6 2000   0.0  0    0.2705709800 2452500.23140 0.5
FM    Sct 12.500 - 13.30 EA/KE                 all                 
18 50 53.1 -08 31 11.2 2000   0.2  0    1.4513882000 2452501.12400 0.5
V356  Sct 12.000 - 12.40 EA                    ALL                 
18 58 11.2 -07 36 47.1 2000   0.1  0    2.1228974000 2452502.07000 0.5
V490  Sct 13.400 - 13.70 EA/DM                 PRI                 
18 58 27.4 -13 51 59.8 2000   0.6  0   12.0440300000 2452508.20280 0.5
V490  Sct 13.400 - 13.70 EA/DM                 SEC                 
18 58 27.4 -13 51 59.8 2000   0.6  0   12.0440000000 2452516.18000 0.5
V493  Sct  8.320 -  8.74 EA         B1Iab      PRI                 
18 28 36.7 -12 59 50.8 2000   1.5  0   30.8113870000 2452525.64800 0.5
V     Ser  9.500 - 10.50 EB/SD      B8         PRI                 
18 16 49.1 -15 31  7.1 2000   0.0  0    3.4535470000 2452501.92900 0.5
W     Ser  8.420 - 10.20 EA/GS      F5eIb shel PRI                 
18  9 50.7 -15 33  0.3 2000   2.8  0   14.1715950000 2452503.91710 0.5
RS    Ser 10.800 - 11.50 EW/DW      F8         ALL                 
18 17 18.5 -13  3 36.9 2000   0.0  0    0.5981362000 2452500.07200 0.5
AK    Ser 10.800 - 13.60 EA/SD      A5         pri                 
17 42  4.4 -13 53 11.9 2000   0.2  0    1.9225864000 2452501.94800 0.5
AO    Ser 10.700 - 12.00 EA/SD      A2         PRI                 
15 58 18.4 +17 16 10.0 2000   0.2  0    0.8793498000 2452500.36920 0.5
AQ    Ser 10.570 - 11.20 EB/DM      F2+A5      ALL                 
15 22 15.2 +02 30 11.1 2000   0.0  0    1.6874301000 2452501.42610 0.5
AS    Ser 11.400 - 12.00 EB/KE      F2         ALL                 
15 38 49.0 +02 15 30.2 2000   0.0  0    0.4662338000 2452500.13500 0.5
AU    Ser 10.900 - 11.80 EW/KW      G5         ALL                 
15 56 49.5 +22 16  1.6 2000   0.0  0    0.3864967000 2452500.34600 0.5
BI    Ser 11.500 - 12.20 EA/SD      A3         ALL                 
15 56  0.1 +17 30 15.9 2000   0.2  0    1.2048515000 2452501.02220 0.5
CC    Ser 11.140 - 11.68 EW/KE      A6         ALL                 
15 36 24.4 +15 31 57.6 2000   0.0  0    0.5160374600 2452500.18960 0.5
CQ    Ser 11.600 - 12.60 EB/SD      A8         ALL                 
18  8 53.7 -14 15 54.7 2000   0.0  0    0.7600593000 2452500.52000 0.5
CV    Ser  9.000 -  9.63 E/D/WR     WC8+O8-O9I all                 
18 19  7.4 -11 37 59.2 2000   0.0  0   29.7090000000 2452520.20000 0.5
CX    Ser 12.300 - 13.10 EA/SD      F8         ALL                 
15 23 36.1 +02 35 29.5 2000   0.2  0    0.9972905000 2452500.60930 0.5
EG    Ser  8.440 -  9.20 EA/SD      A0         ALL                 
18 26  2.2 -01 40 51.3 2000   0.2  0    9.9472664000 2452509.56910 0.5
LX    Ser 13.300 - 17.40 EA+UG      pec e+cont PRI                 
15 38  0.1 +18 52  3.3 2000   0.0  0    0.1584324600 2452500.14390 0.5
MX    Ser 13.200 - 13.68 EW/KW                 ALL                 
16 12  7.3 -03  5 58.9 2000   0.0  0    0.3638969600 2452500.04870 0.5
MY    Ser  7.330 -  7.66 EB                    ALL                 
18 18  5.9 -12 14 33.3 2000   0.0  0    3.3215400000 2452500.52400 0.5
OU    Ser  8.250 -  8.43 EW                    ALL                 
15 22 43.5 +16 15 40.7 2000   0.0  0    0.2967682000 2452500.06500 0.5
V335  Ser  7.600 -  8.30 EA                    PRI                 
15 59  5.8 +00 35 44.6 2000   0.0  0    3.4498840000 2452501.92450 0.5
V335  Ser  7.600 -  8.30 EA                    SEC                 
15 59  5.8 +00 35 44.6 2000   0.0  0    3.4498690000 2452503.79400 0.5
V384  Ser 11.880 - 12.41 EW                    ALL                 
16  1 53.6 +24 52 17.5 2000   0.0  0    0.2687239000 2452500.46300 0.5
V385  Ser 13.650 -  0.54 EW                    PRI                 
16  3 25.7 +01  2 37.0 2000   0.0  0    0.3129574600 2452500.26490 0.5
V413  Ser  7.950 -  8.09 EA         B3V        PRI                 
18 35  8.2 +00  2 34.8 2000   0.2  0    2.2597350000 2452500.86000 0.5
V413  Ser  7.950 -  8.09 EA         B3V        SEC                 
18 35  8.2 +00  2 34.8 2000   0.2  0    2.2597530000 2452501.88200 0.5
V434  Ser 13.500 - 14.60 EA                    PRI                 
15 23 27.6 +02 33 29.6 2000   0.0  0    0.8839961000 2452500.56600 0.5
V505  Ser 10.440 - 10.75 EA+RS                 PRI                 
16  2 48.2 +25 20 38.2 2000   0.0  0    0.4954133000 2452500.28800 0.5
Y     Sex  9.830 - 10.21 EW/KW      F8         ALL                 
10  2 48.0 +01  5 40.3 2000   0.0  0    0.4198193000 2452500.13600 0.5
SW    Sex 14.800 - 16.70 E/WD+NL               PRI                 
10 15  9.4 -03  8 33.1 2000   0.0  0    0.1349384600 2452500.05550 0.5
VY    Sex  9.010 -  0.34 EW                    ALL                 
10 50 29.7 -02 41 43.1 2000   0.0  0    0.4434346000 2452500.10700 0.5
WW    Sex  9.960 - 10.50 EA                    PRI                 
 9 50 39.3 -05 30 42.6 2000   0.0  0    1.4391512000 2452501.36600 0.5
WX    Sex 12.400 - 12.80 EW                    ALL                 
10  6 24.9 +01  0 11.6 2000   0.0  0    0.4288725000 2452500.03900 0.5
WY    Sex 11.500 -  0.36 EW                    ALL                 
10  9 37.4 -00 56 28.3 2000   0.0  0    0.3680550000 2452500.02100 0.5
WZ    Sex  9.800 - 10.20 EB                    PRI                 
10 13 26.9 -01 39 51.4 2000   0.0  0    1.0592019000 2452500.24700 0.5
XX    Sex  9.320 -  9.56 EW         F0         ALL                 
10 16  2.2 -06 18 26.4 2000   0.0  0    0.5401141000 2452500.04200 0.5
AI    Sex 10.850 - 11.10 EB         F5         ALL                 
10  3 46.3 +01 25 10.4 2000   0.0  0    0.6036190000 2452500.48400 0.5
RW    Tau  7.980 - 11.59 EA/SD      B8Ve+K0IV  PRI                 
 4  3 54.3 +28  7 33.5 2000   0.4  0    2.7687794000 2452500.91030 0.5
RZ    Tau 10.080 - 10.71 EW/KW      A7V+A7V    ALL                 
 4 36 37.7 +18 45 17.8 2000   0.0  0    0.4156791000 2452500.38600 0.5
SV    Tau  9.680 - 10.78 EA/SD      B9+A0      ALL                 
 5 52  8.2 +28  6 40.3 2000   0.4  0    2.1668931000 2452500.06610 0.5
TY    Tau 11.500 - 12.00 EA         K0V        ALL                 
 4 34 43.3 +15 15 54.4 2000   0.1  0    1.0773628300 2452500.58010 0.5
WY    Tau 11.140 - 11.73 EW/KE      B9         ALL                 
 5 56 26.1 +26 18 40.3 2000   0.0  0    0.6927602000 2452500.28410 0.5
AC    Tau 10.300 - 13.10 EA/SD      F0         PRI                 
 4 37  6.4 +01 41 31.2 2000   0.4  0    2.0434280000 2452500.18700 0.5
AH    Tau 11.250 - 11.92 EW/KW      G1p        ALL                 
 3 47 12.0 +25  6 59.5 2000   0.0  0    0.3326723900 2452500.34190 0.5
AL    Tau 12.900 - 13.90 EA         F0-F8      PRI                 
 5 33 54.8 +26  1  1.6 2000   0.3  0    0.9306601500 2452500.24530 0.5
AM    Tau 10.400 - 12.30 EA/SD      B8         PRI                 
 5 52 21.4 +16 17  0.7 2000   0.2  0    2.0439111000 2452501.14480 0.5
AN    Tau 10.300 - 11.15 EB/DM      A3         ALL                 
 3 56 11.4 +29 31 22.7 2000   0.0  0    1.6143839000 2452500.45660 0.5
AP    Tau 14.000 - 15.00 EA                    ALL                 
 4 54 44.7 +26 55 27.3 2000   0.1  0    0.9719747000 2452500.12670 0.5
AQ    Tau 12.000 - 12.90 EA/SD      A-F        ALL                 
 4 55 58.0 +27 53 28.4 2000   0.2  0    2.4317890000 2452500.96800 0.5
AS    Tau 12.400 - 14.40 EA/SD                 PRI                 
 5 14 28.5 +27 43 24.6 2000   0.6  0    3.4835040000 2452502.49000 0.5
BN    Tau 12.700 - 15.20 EA/SD                 PRI                 
 4 15 44.9 +30 40  8.0 2000   0.3  0    4.2542250000 2452502.80300 0.5
BV    Tau 11.700 - 12.40 EB/KE      B9         ALL                 
 5 38 34.7 +22 54 44.8 2000   0.0  0    0.9304546000 2452500.66600 0.5
CC    Tau 13.500 - 13.90 E                     PRI                 
 4 42 54.0 +01 59 14.0 2000   0.0  0    0.4796679500 2452500.46620 0.5
CD    Tau  6.770 -  7.34 EA/D       F7V+F5IV   ALL                 
 5 17 31.1 +20  7 54.6 2000   0.3  0    3.4351377000 2452501.92680 0.5
CF    Tau 10.030 - 10.50 EA/D       G0         ALL                 
 4  5 10.1 +22 29 48.1 2000   0.3  0    2.7558510000 2452502.62200 0.5
CR    Tau 12.500 - 13.00 EA                    ALL                 
 5 51 28.9 +24  3 30.8 2000   0.2  0    0.6827031000 2452500.12730 0.5
CT    Tau 10.340 - 11.12 EW/KE      B2n        ALL                 
 5 58 50.1 +27  4 41.9 2000   0.0  0    0.6668269100 2452500.06100 0.5
CU    Tau 11.500 - 11.92 EW/KW      G0         ALL                 
 3 47 36.9 +25 23 15.7 2000   0.0  0    0.4125114000 2452500.37100 0.5
EN    Tau 11.400 - 12.10 EA/SD      G0-G2      PRI                 
 5 56 43.5 +25 14 18.3 2000   0.1  0    2.4780567000 2452500.06490 0.5
EQ    Tau 10.500 - 11.03 EW/KW      G2         ALL                 
 3 48 13.4 +22 18 50.9 2000   0.0  0    0.3413463000 2452500.16300 0.5
ET    Tau  9.100 - 10.10 EA/SD      B8         PRI                 
 5 37 40.8 +27 16 16.6 2000   1.1  0    5.9968560000 2452504.35600 0.5
GQ    Tau 11.200 - 12.20 EA/SD      B9         ALL                 
 5 41 34.9 +25 59 53.0 2000   0.0  0    1.5317677000 2452500.67940 0.5
GR    Tau 10.260 - 10.80 EB/SD      A4-5V+K5V  PRI                 
 4  1  3.2 +20 24 50.3 2000   0.0  0    0.4298499000 2452500.42700 0.5
GW    Tau 11.200 - 11.90 EB/KE      A3         ALL                 
 4 30  9.5 +25 32 27.0 2000   0.0  0    0.6413217000 2452500.36090 0.5
HU    Tau  5.850 -  6.68 EA/SD      B8V        PRI                 
 4 38 15.8 +20 41  5.0 2000   0.3  0    2.0563090000 2452500.67500 0.5
HY    Tau 12.400 - 13.60 EA                    ALL                 
 5 43 22.4 +19 24  5.2 2000   0.3  0    3.0169576000 2452500.77420 0.5
IL    Tau 12.400 - 14.40 EA/SD                 PRI                 
 4  7 13.9 +29 18 32.4 2000   0.5  0    5.3606800000 2452504.27000 0.5
IV    Tau 14.400 - 16.40 EA/SD                 PRI                 
 4 39 32.6 +28 24 32.6 2000   0.0  0    0.9798039000 2452500.44400 0.5
V407  Tau 13.500 - 16.50 EA/SD                 PRI                 
 4 10 58.4 +26 18 21.6 2000   0.0  0    2.0512600000 2452500.99430 0.5
V471  Tau  9.400 -  9.71 EA/D/RS+X  K0Vea+DA   PRI                 
 3 50 25.0 +17 14 47.4 2000   0.0  0    0.5211832900 2452500.34460 0.5
V781  Tau  8.900 -  9.30 EW/KW      G0         ALL                 
 5 50 13.1 +26 57 43.4 2000   0.0  0    0.3449096800 2452500.07390 0.5
V818  Tau  8.300 -  0.15 E/RS                  all                 
 4 17 38.9 +16 56 52.3 2000   0.0  0    5.6092159000 2452500.04710 0.5
V1022 Tau 14.450 - 15.25 EW/KW                 ALL                 
 4  7 27.4 +27 51  6.4 2000   0.0  0    0.3471701900 2452500.22010 0.5
V1061 Tau  7.950 -  8.45 EB/KE                 ALL                 
 4 58 52.8 +24 29 44.5 2000   0.0  0    1.3852288000 2452501.44140 0.5
V1094 Tau  8.950 -  9.43 EA                    PRI                 
 4 12  3.6 +21 56 50.5 2000   0.0  0    8.9885420000 2452506.13030 0.5
V1094 Tau  8.950 -  9.43 EA                    SEC                 
 4 12  3.6 +21 56 50.5 2000   0.0  0    8.9885510000 2452511.99160 0.5
V1112 Tau 13.100 -  0.62 EW                    ALL                 
 4 34 24.8 +08 22  1.5 2000   0.0  0    0.4238367000 2452500.19500 0.5
V1121 Tau  8.460 -  8.89 EB                    ALL                 
 3 24 15.5 +01 21 24.0 2000   0.0  0    0.8242200000 2452500.35000 0.5
V1123 Tau  9.870 - 10.25 EW                    ALL                 
 3 34 58.5 +17 42 38.0 2000   0.0  0    0.3999495000 2452500.05000 0.5
V1128 Tau  9.650 - 10.24 EW                    ALL                 
 3 49 27.8 +12 54 43.8 2000   0.0  0    0.3053709200 2452500.15400 0.5
V1130 Tau  6.650 -  7.04 EB                    ALL                 
 3 50 41.9 +01 33 50.2 2000   0.0  0    0.7988700000 2452500.23900 0.5
V1154 Tau  6.710 -  6.81 E                     PRI                 
 5  5 37.7 +23  3 39.8 2000   0.0  0    1.7678956000 2452500.18020 0.5
V1154 Tau  6.710 -  6.81 E                     SEC                 
 5  5 37.7 +23  3 39.8 2000   0.0  0    1.7679129000 2452501.02810 0.5
V1188 Tau 11.850 - 12.30 EW                    ALL                 
 3 45 36.0 +24 30  0.8 2000   0.0  0    0.5739755600 2452500.16540 0.5
V1222 Tau 13.280 - 13.64 EW                    ALL                 
 3 28 25.8 +09  4 24.0 2000   0.0  0    0.2918020000 2452500.26000 0.5
V1223 Tau 12.130 - 12.59 EW                    ALL                 
 3 29 14.7 +09 11 20.1 2000   0.0  0    0.4469177000 2452500.28620 0.5
V1234 Tau 12.600 - 13.00 EW                    ALL                 
 4 29 25.0 +09  5 30.1 2000   0.0  0    0.3879395000 2452500.32080 0.5
V1237 Tau 14.030 -  0.20 EW         G          ALL                 
 5 26 21.1 +24 49 50.9 2000   0.0  0    0.2874492000 2452500.00300 0.5
V1239 Tau 10.660 - 11.08 EA                    ALL                 
 5 50 25.9 +26 56 50.6 2000   0.0  0    1.0847949000 2452500.29630 0.5
V1241 Tau  9.380 -  0.90 EA/SD      A7+F6V     ALL                 
 3 24 23.3 -00 42 14.9 2000   0.2  0    0.8232693000 2452500.67500 0.5
V1249 Tau 13.320 - 14.15 EA                    ALL                 
 4 36 48.2 +06 57  5.7 2000   0.1  0    1.1882455000 2452500.89100 0.5
V1260 Tau 10.150 - 10.75 EA         A3m        PRI                 
 5 39  3.9 +25 36 10.4 2000   0.3  0    5.4308300000 2452500.51600 0.5
V1260 Tau 10.150 - 10.75 EA         A3m        SEC                 
 5 39  3.9 +25 36 10.4 2000   0.3  0    5.4307947000 2452503.55200 0.5
V1268 Tau  7.420 -  8.62 EA         A1V        PRI                 
 3 40 38.8 +28 46 24.0 2000   0.0  0    8.1611990000 2452501.37900 0.5
V1268 Tau  7.420 -  8.62 EA         A1V        SEC                 
 3 40 38.8 +28 46 24.0 2000   0.0  0    8.1612190000 2452504.26200 0.5
V1287 Tau  8.530 -  8.87 EA         A0         PRI                 
 3 53  7.4 +25 32  7.3 2000   0.0  0   13.0619360000 2452505.68970 0.5
V1332 Tau 11.580 - 11.80 EW                    ALL                 
 4 43 41.3 +22 53 37.6 2000   0.0  0    0.2718267000 2452500.14130 0.5
V1352 Tau 12.600 - 14.50 EA                    ALL                 
 4 56 31.3 +24 26 48.3 2000   0.8  0    6.9096447000 2452505.96690 0.5
V1355 Tau 13.600 - 14.30 EW                    ALL                 
 5  2  6.8 +24 27 39.7 2000   0.0  0    0.2446674400 2452500.18770 0.5
V1356 Tau 10.860 - 11.48 EA         F8         PRI                 
 5  4 44.2 +22 17  8.4 2000   0.4  0   12.8073760000 2452504.66350 0.5
V1356 Tau 10.860 - 11.48 EA         F8         SEC                 
 5  4 44.2 +22 17  8.4 2000   0.4  0   12.8073680000 2452511.83880 0.5
V1367 Tau 10.810 - 11.20 EW                    ALL                 
 5 30 19.1 +23 51 26.5 2000   0.0  0    0.3476774000 2452500.29200 0.5
V1370 Tau 10.900 - 11.31 EW                    ALL                 
 5 32 48.8 +19  2  3.8 2000   0.0  0    0.2955179000 2452500.09000 0.5
V1374 Tau 13.600 - 14.50 EB/RS      M3Ve       ALL                 
 5 48  3.8 +28 30 47.4 2000   0.0  0    0.2508179000 2452500.23000 0.5
V1377 Tau 11.300 - 12.30 EW         K2         ALL                 
 3 39 59.0 +03 14 30.1 2000   0.0  0    0.2827098200 2452500.03240 0.5
lam   Tau  3.370 -  3.91 EA/DM      B3V+A4IV   ALL                 
 4  0 40.8 +12 29 25.3 2000   0.6  0    3.9529530000 2452501.95200 0.5
RV    Tel 10.300 - 12.00 EA         A2/3III/IV PRI                 
18 43 37.4 -51 37 49.5 2000   0.8  0    8.3281160000 2452503.29000 0.5
GY    Tel 11.430 - 12.53 EB                    ALL                 
18 55 40.0 -48  5 30.7 2000   0.0  0    0.4460493600 2452500.31500 0.5
HO    Tel  8.220 -  8.73 EA         A7III m    ALL                 
19 51 58.9 -46 51 42.4 2000   0.2  0    1.6131040000 2452500.93500 0.5
LU    Tel 12.400 - 13.50 EA                    PRI                 
18 21  8.3 -46 32 56.8 2000   0.2  0    1.5717423000 2452500.01750 0.5
NS    Tel  9.200 - 10.00 EB         A5V        all                 
19 15  7.8 -53 32 39.3 2000   0.0  0    1.3396900000 2452500.88000 0.5
NV    Tel  9.700 - 10.35 EA         B9IV       PRI                 
18 17 31.0 -48 35 54.6 2000   0.2  0    3.5449680000 2452502.12000 0.5
V351  Tel 10.050 - 10.52 EA         A9IV       PRI                 
18 44  0.5 -49 20 53.3 2000   0.5  0    6.4477573000 2452504.36610 0.5
V359  Tel  8.540 -  8.83 EA         B9V        PRI                 
18 44 23.7 -46 57 27.0 2000   0.4  0   19.2448760000 2452510.83890 0.5
V     Tri 10.700 - 11.80 EB/SD      A3         ALL                 
 1 31 47.1 +30 22  1.6 2000   0.0  0    0.5852057000 2452500.38400 0.5
X     Tri  8.550 - 11.27 EA/SD      A5V+G0V    ALL                 
 2  0 33.7 +27 53 19.2 2000   0.2  0    0.9715250000 2452500.75300 0.5
RS    Tri 10.270 - 11.00 EA/DM      A5V        PRI                 
 1 34 49.2 +29 35 21.0 2000   0.4  0    1.9089058000 2452501.74700 0.5
RU    Tri 11.600 - 12.30 EA         G0         ALL                 
 2  0 21.2 +35 17 13.1 2000   0.6  0    3.2688700000 2452501.33000 0.5
RV    Tri 11.500 - 13.30 EA/SD      F9+K2      PRI                 
 2 13 18.2 +37  1  1.5 2000   0.1  0    0.7536650000 2452500.48900 0.5
RW    Tri 12.500 - 15.61 EA/WD+NL   pec cont+e PRI                 
 2 25 36.2 +28  5 50.9 2000   0.0  0    0.2318833900 2452500.21910 0.5
ST    Tri 14.300 - 15.20 EB/SD                 ALL                 
 2 41 32.8 +35 43 31.0 2000   0.0  0    0.4790509000 2452500.24800 0.5
TT    Tri 14.700 - 16.70 E                     PRI                 
 1 31 59.9 +29 49 22.1 2000   0.0  0    0.1396374600 2452500.03730 0.5
TY    Tri 11.200 - 12.10 E                     ALL                 
 2  3 27.7 +32 39 57.4 2000   0.0  0    6.7620040000 2452501.03000 0.5
VW    Tri 13.900 - 14.40 EW/KW                 ALL                 
 2  4  2.9 +32 49 33.4 2000   0.0  0    0.2988629400 2452500.24900 0.5
VZ    Tri 12.800 - 13.30 EW/KW                 ALL                 
 2 21 29.9 +31 58 46.3 2000   0.0  0    0.4334837000 2452500.22900 0.5
WW    Tri 12.200 - 12.70 EA                    PRI                 
 2 23 23.6 +37  1 37.6 2000   0.0  0    1.7484470000 2452501.47300 0.5
AK    Tri 12.000 -  0.34 EW                    ALL                 
 2 24 38.9 +33 15 58.2 2000   0.0  0    0.7017144800 2452500.50690 0.5
AV    Tri 11.900 - 12.50 EB                    PRI                 
 2  8  6.5 +35 23 53.2 2000   0.0  0    0.8819677400 2452500.50410 0.5
BC    Tri 11.900 - 12.10 EW                    ALL                 
 1 35 51.2 +30 19 28.8 2000   0.0  0    0.7078152800 2452500.00170 0.5
BU    Tri 14.400 - 15.00 EW                    ALL                 
 2 13  1.5 +37  3 25.8 2000   0.0  0    0.2955706000 2452500.24800 0.5
BV    Tri 14.100 - 14.40 EA                    ALL                 
 2 13 32.0 +37  2 36.8 2000   0.0  0    0.4941767000 2452500.14800 0.5
BX    Tri 12.350 - 12.70 EW         M          PRI                 
 2 20 50.8 +33 20 47.9 2000   0.0  0    0.1926339900 2452500.21200 0.5
CD    Tri 12.140 - 12.65 EB                    ALL                 
 2 24 30.2 +35  8 10.4 2000   0.0  0    0.3690331300 2452500.15450 0.5
CL    Tri 11.700 - 12.15 EA                    ALL                 
 2 29 41.0 +31 59 40.0 2000   0.1  0    0.5787704600 2452500.05630 0.5
CU    Tri 12.250 - 12.60 EA                    ALL                 
 2 40  0.4 +35 18 17.1 2000   0.3  0    5.1567450000 2452503.33600 0.5
RR    TrA 10.360 - 11.85 EA/SD      B8         ALL                 
16 18 22.7 -62 44 14.8 2000   0.1  0    0.7130884600 2452500.38130 0.5
SS    TrA 10.500 - 11.30 EA/SD                 PRI                 
15 39 21.6 -60 53 38.2 2000   0.0  0    8.6012180000 2452505.12000 0.5
SS    TrA 10.500 - 11.30 EA/SD                 SEC                 
15 39 21.6 -60 53 38.2 2000   0.0  0    8.6012218000 2452506.89990 0.5
EQ    TrA  8.900 -  9.50 EA/D       F3V        ALL                 
16 10  0.0 -66  9 30.1 2000   0.5  0    2.7091460000 2452500.07000 0.5
GN    TrA 11.700 - 12.10 EA/KE                 ALL                 
15 48 59.2 -66 44 29.3 2000   0.0  0    0.6146064000 2452500.62500 0.5
GQ    TrA  9.890 - 10.78 EA/SD      A3V        ALL                 
16 21 20.0 -65 51 48.8 2000   0.0  0    2.3394430000 2452501.00300 0.5
MN    TrA  8.500 -  9.00 EA                    PRI                 
15 58 28.3 -62  3 37.7 2000   0.0  0    2.3798100000 2452501.83100 0.5
MN    TrA  8.500 -  9.00 EA                    SEC                 
15 58 28.3 -62  3 37.7 2000   0.0  0    2.3798300000 2452502.93200 0.5
MP    TrA  7.760 -  7.87 E                     PRI                 
16  1 53.0 -64 24  0.9 2000   0.0  0    2.0697193000 2452500.89070 0.5
NT    TrA  9.200 -  9.56 EA         B9IV       PRI                 
15 40 51.2 -61 43 43.2 2000   0.3  0    3.2300069000 2452501.83600 0.5
NT    TrA  9.200 -  9.56 EA         B9IV       SEC                 
15 40 51.2 -61 43 43.2 2000   0.3  0    3.2299537000 2452503.68010 0.5
AN    Tuc 10.200 - 11.40 EA/SD      A5III m    ALL                 
23 30 22.3 -58 25 34.6 2000   0.4  0    5.4613230000 2452502.77500 0.5
AQ    Tuc  9.910 - 10.48 EW         F3/5 +A    ALL                 
 0 17 21.5 -71 54 56.9 2000   0.0  0    0.5948389000 2452500.64690 0.5
CF    Tuc  7.440 -  7.80 EA/RS      F8V+K1IV   PRI                 
 0 53  7.8 -74 39  5.6 2000   0.3  0    2.7976600000 2452500.14000 0.5
CU    Tuc  9.990 - 10.40 EA                    ALL                 
 0 37 13.4 -63 49 12.5 2000   0.0  0    0.8658381600 2452500.57590 0.5
CW    Tuc  9.440 -  9.60 ELL                   PRI                 
 0 48 43.2 -61 43 42.7 2000   0.0  0    1.0538442000 2452500.14550 0.5
CW    Tuc  9.440 -  9.60 ELL                   SEC                 
 0 48 43.2 -61 43 42.7 2000   0.0  0    1.0538688000 2452500.70880 0.5
DX    Tuc  9.630 -  9.90 EW                    ALL                 
23 57 21.5 -64 14 35.6 2000   0.0  0    0.3771078000 2452500.26600 0.5
W     UMa  7.750 -  8.48 EW/KW      F8Vp+F8Vp  ALL                 
 9 43 45.5 +55 57  9.1 2000   0.0  0    0.3336320700 2452500.19600 0.5
RW    UMa 10.160 - 11.72 EA/D/RS    F9V+K1IV   ALL                 
11 40 46.3 +51 59 53.4 2000   0.6  0    7.3281270000 2452506.65300 0.5
TW    UMa 12.200 - 14.50 EA/SD                 PRI                 
13 40 45.5 +59 25 59.6 2000   0.3  0    2.1666900000 2452500.41400 0.5
TX    UMa  7.060 -  8.80 EA/SD      B8V+G0III- PRI                 
10 45 20.5 +45 33 58.8 2000   0.4  0    3.0633391000 2452500.07220 0.5
TY    UMa 11.480 - 12.14 EW/KW      F7+F0      ALL                 
12  9  2.5 +56  1 54.0 2000   0.0  0    0.3545554000 2452500.23900 0.5
UX    UMa 12.570 - 14.15 EA/WD+NL   pec e      PRI                 
13 36 41.0 +51 54 49.5 2000   0.0  0    0.1966712400 2452500.20100 0.5
UY    UMa 12.700 - 12.90 EW/KW                 ALL                 
13 44 36.8 +55 13 18.2 2000   0.0  0    0.3760232000 2452500.21500 0.5
VV    UMa 10.130 - 10.91 EA/SD      A2V        ALL                 
 9 38  6.7 +56  1  7.3 2000   0.1  0    0.6873638000 2452500.16500 0.5
XY    UMa  9.500 -  0.67 EB/DW/RS   G2V        ALL                 
 9  9 55.9 +54 29 17.7 2000   0.0  0    0.4789899200 2452500.15880 0.5
XZ    UMa 10.100 - 11.70 EA/SD      A5+F9      PRI                 
 9 31 24.6 +49 28  4.4 2000   0.1  0    1.2222992000 2452501.21530 0.5
ZZ    UMa 10.100 - 10.70 EA/D       F8         PRI                 
10 30  3.2 +61 48 41.4 2000   0.2  0    2.2992591000 2452501.55700 0.5
AA    UMa 10.880 - 11.58 EW/KW      G0         ALL                 
 9 46 59.3 +45 45 56.4 2000   0.0  0    0.4681292000 2452500.29100 0.5
AC    UMa 10.300 - 14.00 EA/SD      A2         PRI                 
 8 55 54.1 +64 58 15.0 2000   0.5  0    6.8548546000 2452502.31090 0.5
AF    UMa 10.800 - 11.60 EA/SD      A0         PRI                 
10 24  7.8 +64  7 50.5 2000   0.5  0    5.2576910000 2452501.06480 0.5
AN    UMa 14.900 - 20.20 E+XRM      pec e+cont all                 
11  4 25.6 +45  3 13.8 2000   0.0  0    0.0797527400 2452500.00400 0.5
AW    UMa  6.830 -  7.13 EW/KW      F0-F2      ALL                 
11 30  4.3 +29 57 52.7 2000   0.0  0    0.4387234000 2452500.04300 0.5
BE    UMa 14.800 - 17.80 EA/D/WD    DO+MVe     PRI                 
11 57 44.8 +48 56 18.1 2000   0.0  0    2.2911681000 2452501.85770 0.5
BM    UMa 13.800 -  0.95 EW                    ALL                 
11 11 20.5 +46 25 47.3 2000   0.0  0    0.2712210700 2452500.03720 0.5
BQ    UMa 13.500 - 15.90 EA/SD                 ALL                 
11 21 30.0 +44 18 34.9 2000   0.3  0    2.3215020000 2452500.82400 0.5
BS    UMa 13.700 - 14.00 EA                    ALL                 
11 25 41.6 +42 34 49.1 2000   0.1  0    0.3495105100 2452500.34390 0.5
DN    UMa  6.630 -  6.73 EA         A3Vn       ALL                 
11 55  5.8 +46 28 36.6 2000   0.2  0    1.7304360000 2452500.32200 0.5
DV    UMa 14.000 - 19.80 UG                    PRI                 
 9 46 36.6 +44 46 44.8 2000   0.0  0    0.0858526300 2452500.07400 0.5
DW    UMa 15.100 - 16.60 EA                    PRI                 
10 33 52.9 +58 46 54.7 2000   0.0  0    0.1366065200 2452500.06640 0.5
EQ    UMa 12.400 -  0.20 EW/KW                 ALL                 
 8 36 27.3 +53 34 40.2 2000   0.0  0    0.3581489000 2452500.35000 0.5
ES    UMa 10.990 - 11.38 EW                    ALL                 
 9 54 28.6 +69 13 22.3 2000   0.0  0    0.5288532000 2452500.36600 0.5
FT    UMa  9.290 -  9.42 RRC                   ALL                 
 8 54 30.3 +51 14 40.3 2000   0.0  0    0.6547183000 2452500.24690 0.5
GT    UMa  8.140 -  8.43 EB                    ALL                 
10 35 55.7 +63 35 32.4 2000   0.0  0    1.1647120000 2452500.98100 0.5
GZ    UMa 10.560 - 10.78 E                     ALL                 
10 49  2.0 +67 12 52.3 2000   0.0  0    6.5419805000 2452505.41450 0.5
HH    UMa 10.580 - 10.79 DSCT                  ALL                 
11  4 48.2 +35 36 26.6 2000   0.0  0    0.3754953000 2452500.16700 0.5
HN    UMa  9.900 - 10.02 EW                    ALL                 
11 15 56.4 +37 38 35.3 2000   0.0  0    0.3826128000 2452500.08100 0.5
HR    UMa  8.700 -  9.02 EA                    PRI                 
11 32 53.0 +55 25  6.7 2000   0.0  0    0.7370642000 2452500.09300 0.5
HV    UMa  8.600 -  8.89 RRC                   ALL                 
11 55 38.0 +47 15 26.6 2000   0.0  0    0.7107619000 2452500.29000 0.5
HX    UMa  8.890 -  9.06 EB                    ALL                 
12  1 33.1 +43  2 29.9 2000   0.0  0    0.3791559000 2452500.09000 0.5
II    UMa  8.170 -  8.48 EW                    ALL                 
12 32 54.9 +54 47 42.9 2000   0.0  0    0.8252320000 2452500.72600 0.5
IO    UMa  8.190 -  8.79 EA                    ALL                 
13 14 54.5 +59 17 44.4 2000   0.0  0    5.5200400000 2452502.49000 0.5
IW    UMa 11.900 -  0.50 EA                    ALL                 
 9 29  0.6 +43 44  1.7 2000   0.0  0    0.7747160000 2452500.66000 0.5
KM    UMa 11.000 - 11.60 EW                    PRI                 
11 47 49.0 +35 13 35.3 2000   0.0  0    0.3518583000 2452500.22600 0.5
LO    UMa 12.750 - 14.95 EA                    PRI                 
10 29 51.9 +39 56 27.9 2000   0.0  0    1.8558470000 2452500.18900 0.5
LP    UMa 12.530 - 12.80 EW                    ALL                 
10 33 57.9 +58 52 15.7 2000   0.0  0    0.3099068000 2452500.16600 0.5
MQ    UMa 11.570 - 11.83 EW                    ALL                 
11 21 41.1 +43 36 52.7 2000   0.0  0    0.4760703000 2452500.60000 0.5
MS    UMa 11.970 - 12.60 EW                    ALL                 
11 32 21.0 +49 44  9.7 2000   0.0  0    0.4103880000 2452500.04200 0.5
MT    UMa 11.750 - 12.16 EW                    ALL                 
11 33 34.7 +42 58 29.5 2000   0.0  0    0.8006511000 2452500.53300 0.5
MW    UMa  9.260 -  0.49 EA         F8         ALL                 
11 43  2.3 +60 34 36.7 2000   0.0  0    1.2347551000 2452501.10720 0.5
NU    UMa  9.270 -  9.50 EA         G5IV       PRI                 
10 53  1.0 +57 42  8.0 2000   0.2  0    5.5076310000 2452502.95200 0.5
NU    UMa  9.270 -  9.50 EA         G5IV       SEC                 
10 53  1.0 +57 42  8.0 2000   0.2  0    5.5076720000 2452505.68520 0.5
OQ    UMa 13.000 - 13.70 EW                    ALL                 
13 57 22.4 +56 26  7.0 2000   0.0  0    0.2833561000 2452500.14000 0.5
OX    UMa 11.950 - 12.45 EA                    PRI                 
 8 39 18.2 +67 39 42.4 2000   0.5  0    3.4832504000 2452500.79070 0.5
PS    UMa 12.470 - 12.80 EA                    PRI                 
 8 56 46.5 +69 40 32.0 2000   0.5  0    9.2716705000 2452500.17820 0.5
PS    UMa 12.470 - 12.80 EA                    SEC                 
 8 56 46.5 +69 40 32.0 2000   0.5  0    9.2716521000 2452504.50590 0.5
PZ    UMa 12.500 - 13.40 EW                    ALL                 
 9 29  7.1 +49 51 23.1 2000   0.0  0    0.2626714600 2452500.08860 0.5
QT    UMa 11.000 - 11.80 EW                    ALL                 
 9 36 29.2 +48 52 45.6 2000   0.0  0    0.4735423000 2452500.09800 0.5
V337  UMa 13.700 - 14.25 EW                    ALL                 
10 11  8.9 +50 35 21.1 2000   0.0  0    0.3833659200 2452500.14170 0.5
V342  UMa 13.690 -  0.42 EW                    ALL                 
10 45 14.7 +52 16 48.2 2000   0.0  0    0.3438510700 2452500.21420 0.5
V343  UMa 14.200 - 14.90 EA                    ALL                 
10 45 54.6 +52 16 26.4 2000   0.1  0    0.5606420000 2452500.00060 0.5
V354  UMa 10.930 - 11.21 EW                    ALL                 
13 35 38.4 +49 14  6.1 2000   0.0  0    0.2938274000 2452500.22300 0.5
V442  UMa 10.990 -  0.28 EW         K3V+K3V    ALL                 
 9 30 10.9 +53 38 58.4 2000   0.0  0    0.2277139300 2452500.17520 0.5
W     UMi  8.510 -  9.59 EA/SD      A3         ALL                 
16  8 27.3 +86 11 59.6 2000   0.4  0    1.7011280000 2452500.41800 0.5
RS    UMi 10.810 - 11.40 EA/D/RS    F8         PRI                 
15 50 49.4 +72 12 40.6 2000   0.7  0    6.1686070000 2452504.65220 0.5
RT    UMi 10.790 - 11.47 EA/SD      F0         ALL                 
17  4  5.6 +80 19 45.1 2000   0.4  0    1.8419690000 2452500.01500 0.5
RU    UMi 10.000 - 10.66 EB/DW      F5         PRI                 
13 38 56.8 +69 48 11.2 2000   0.0  0    0.5249258000 2452500.09300 0.5
RZ    UMi 12.800 - 13.50 EW/KW                 ALL                 
14 54 26.1 +86 43 37.5 2000   0.0  0    0.3373488800 2452500.25660 0.5
TU    UMi  8.840 -  8.90 DSCTC                 ALL                 
14 55 43.8 +76 18 23.7 2000   0.0  0    0.3770913000 2452500.13200 0.5
TV    UMi  8.770 -  8.85 EB                    ALL                 
15  0 59.7 +73  3 11.5 2000   0.0  0    0.4155504000 2452500.35350 0.5
TY    UMi  7.790 -  8.24 EA                    PRI                 
15 17 57.5 +83 51 34.1 2000   0.0  0    1.7248841000 2452500.25760 0.5
VV    UMi  9.780 - 10.03 EA         A3         PRI                 
12 57 34.6 +88 57 27.2 2000   0.3  0    7.1519714000 2452505.12750 0.5
VV    UMi  9.780 - 10.03 EA         A3         SEC                 
12 57 34.6 +88 57 27.2 2000   0.3  0    7.1519803000 2452508.88720 0.5
VW    UMi 12.100 - 12.52 EW                    ALL                 
15 54 46.8 +85 40  5.9 2000   0.0  0    0.4889213700 2452500.04280 0.5
VY    UMi 11.090 - 12.00 EW                    ALL                 
17 14 14.0 +76 42 14.2 2000   0.0  0    0.3254048000 2452500.00900 0.5
ZZ    UMi 11.250 - 12.00 EA                    PRI                 
15 36 36.6 +69 11 20.9 2000   0.3  0    3.2064429000 2452501.15600 0.5
BD    UMi  9.160 -  9.44 EA         A2         PRI                 
15 32 57.5 +70 42 15.8 2000   0.2  0   16.2566420000 2452505.39570 0.5
BD    UMi  9.160 -  9.44 EA         A2         SEC                 
15 32 57.5 +70 42 15.8 2000   0.2  0   16.2567850000 2452514.20680 0.5
S     Vel  7.740 -  9.50 EA/SD      A5Ve+K5III ALL                 
 9 33 13.2 -45 12 30.9 2000   0.6  0    5.9335120000 2452503.71100 0.5
RR    Vel 10.700 - 11.60 EA/SD      A          ALL                 
10 22  4.1 -42 21 33.6 2000   0.2  0    1.8541900000 2452500.37300 0.5
RX    Vel 10.400 - 11.20 EA/SD      A2         ALL                 
 9 27 32.6 -51  4 15.4 2000   0.7  0    3.1118210000 2452501.09000 0.5
XY    Vel 11.500 - 12.80 EA                    PRI                 
11  4 58.9 -55 39  4.8 2000   0.3  0    2.5102807000 2452501.00250 0.5
YY    Vel 10.600 - 11.10 EA/D                  PRI                 
10 32 10.4 -56 14 56.9 2000   0.5  0    4.1641902000 2452500.05720 0.5
YZ    Vel 12.200 - 12.80 EA/D                  PRI                 
10 37  5.1 -56  2  2.0 2000   0.4  0    5.4883593000 2452504.50360 0.5
YZ    Vel 12.200 - 12.80 EA/D                  SEC                 
10 37  5.1 -56  2  2.0 2000   0.4  0    5.4883610000 2452507.47000 0.5
AA    Vel  9.680 -  9.90 EB/DM      B2         ALL                 
10 51 17.0 -56 24 37.0 2000   0.0  0    2.3343697000 2452501.93200 0.5
AC    Vel  8.600 -  9.11 EB/DM      B3III/V+B3 all                 
10 46 18.4 -56 49 45.9 2000   0.0  0    4.5621246000 2452500.25100 0.5
AO    Vel  9.350 -  9.79 EA/DM      A1p Si V   PRI                 
 8 11 53.9 -48 44 46.0 2000   0.2  0    1.5846196000 2452500.76850 0.5
AO    Vel  9.350 -  9.79 EA/DM      A1p Si V   SEC                 
 8 11 53.9 -48 44 46.0 2000   0.2  0    1.5846332000 2452501.57710 0.5
AR    Vel 12.000 - 12.60 EA/D                  PRI                 
10 40  3.6 -56 44 26.6 2000   0.4  0    3.2127590000 2452500.96000 0.5
AT    Vel 12.100 - 12.60 EA/DM                 PRI                 
 8  4 39.7 -45  1 26.1 2000   0.8  0   11.7953100000 2452500.68000 0.5
AW    Vel 11.500 - 12.20 EA/DM                 ALL                 
 8  8 11.7 -44 20 53.5 2000   0.2  0    1.9924750000 2452500.40300 0.5
AY    Vel  9.460 -  9.90 EB/DM      B9IV/V     all                 
 8 20 17.3 -43 52 56.6 2000   0.0  0    1.6177045000 2452500.87200 0.5
AZ    Vel 12.700 - 13.60 EA                    ALL                 
 8 22 51.9 -44 25 45.4 2000   0.2  0    0.7757774000 2452500.57100 0.5
BC    Vel 11.800 - 12.30 EA/D       F8         ALL                 
 8 43 20.6 -44 39  1.4 2000   0.3  0    1.1736000000 2452500.77400 0.5
BF    Vel 11.400 - 11.90 EA/SD                 ALL                 
 8 56 27.0 -39 58 36.0 2000   0.1  0    0.7040255000 2452500.48700 0.5
BU    Vel 10.490 - 11.07 EW         F0         ALL                 
 8 40  6.3 -42 49 43.3 2000   0.0  0    0.5162892300 2452500.27180 0.5
BY    Vel 10.600 - 11.50 EA                    ALL                 
 9  2 51.7 -49 28 16.4 2000   0.5  0    3.4553630000 2452501.99000 0.5
BZ    Vel 10.300 - 10.90 EB/KE      A0         all                 
 9 14 20.8 -49 46 18.9 2000   0.0  0    1.2624079000 2452500.80800 0.5
CV    Vel  6.690 -  7.19 EA/DM      B2.5V+B2.5 ALL                 
 9  0 38.0 -51 33 20.1 2000   0.5  0    6.8894990000 2452506.93000 0.5
CW    Vel 10.100 - 11.12 EA/SD      B5III/IV   all                 
 9  2 21.3 -52 50 29.0 2000   0.4  0    2.3609256000 2452500.19670 0.5
CZ    Vel 10.800 - 11.40 EA/D                  all                 
 9 10 44.5 -50 42 40.6 2000   0.9  0    5.1927900000 2452500.89000 0.5
DF    Vel 13.300 - 14.40 EA/SD                 PRI                 
 9 15 29.5 -50 11 24.0 2000   0.2  0    0.7644774000 2452500.16100 0.5
DH    Vel 13.500 - 14.00 EB/KE                 all                 
 9 17 10.2 -45 32 50.3 2000   0.0  0    1.2868590000 2452500.86600 0.5
DL    Vel 11.800 - 12.40 EA                    ALL                 
 9 18  5.5 -46  4 30.5 2000   0.1  0    0.5635480900 2452500.36820 0.5
DN    Vel  9.570 - 10.10 EA/GS/D    A0III/IV   ALL                 
 9 19 37.7 -45 40 47.8 2000   1.2  0   12.8970500000 2452503.72000 0.5
DQ    Vel 10.700 - 11.60 EA                    ALL                 
 9 30 34.2 -50 11 54.1 2000   0.8  0    6.0833230000 2452501.23000 0.5
DS    Vel 10.500 - 11.00 EW                    all                 
 9 34 27.1 -52 32 23.3 2000   0.0  0    0.7215654000 2452500.72000 0.5
DU    Vel 10.800 - 11.50 EA                    ALL                 
 9 45 42.1 -49 13 30.2 2000   0.2  0    3.1050921000 2452503.04800 0.5
DX    Vel 10.200 - 11.00 EA/SD      A5         PRI                 
 9 51 46.0 -50 53 23.7 2000   0.2  0    1.1173003000 2452500.67300 0.5
EL    Vel 11.000 - 11.60 EA/D                  ALL                 
 8 30 50.3 -40  4 22.4 2000   0.3  0    2.7583940000 2452500.42400 0.5
EO    Vel 11.370 - 11.90 EA/DM      A0         PRI                 
 8 39  3.3 -43 43 55.7 2000   0.5  0    5.3296610000 2452500.83100 0.5
EQ    Vel 11.000 - 12.20 EA/SD      B7         PRI                 
 8 43 46.6 -45  5 11.6 2000   0.1  0    1.0802665400 2452500.66000 0.5
ET    Vel 11.900 - 12.30 EA/D                  PRI                 
 9  9  2.5 -46 37 49.5 2000   0.4  0    3.0809030000 2452502.76300 0.5
ET    Vel 11.900 - 12.30 EA/D                  SEC                 
 9  9  2.5 -46 37 49.5 2000   0.4  0    3.0808560000 2452504.38800 0.5
EU    Vel 13.500 - 14.10 EW/KW                 ALL                 
 9 13  3.6 -44 56 56.9 2000   0.0  0    0.3743826000 2452500.06700 0.5
FM    Vel 12.200 - 12.90 EW/KW                 ALL                 
 9 47 42.3 -53 28 10.6 2000   0.0  0    0.3895288700 2452500.15120 0.5
FU    Vel 10.300 - 12.10 EA/SD      A0         ALL                 
 9 33 50.6 -55 55  6.1 2000   0.3  0    2.4468040000 2452501.76600 0.5
FV    Vel 10.820 - 12.20 EA                    ALL                 
 9 46  6.2 -44  8 21.6 2000   0.2  0    1.5211330000 2452501.52700 0.5
FW    Vel  9.500 - 10.20 EA/DM      A2         ALL                 
10 45 25.9 -52 24 20.3 2000   0.0  0    2.3835240000 2452500.88000 0.5
GG    Vel  8.720 -  9.07 EA         A0V        ALL                 
 9 12 49.8 -43 29 15.9 2000   0.0  0    2.9504650000 2452500.40700 0.5
GT    Vel  9.700 - 10.30 EA         A2/3III/IV PRI                 
 9 10 37.7 -43  4 56.0 2000   0.0  0    4.6700820000 2452500.37100 0.5
GT    Vel  9.700 - 10.30 EA         A2/3III/IV SEC                 
 9 10 37.7 -43  4 56.0 2000   0.0  0    4.6700587000 2452503.07700 0.5
IQ    Vel 12.810 - 13.73 EA/SD      A2-5       ALL                 
10  4 12.7 -40 46 25.6 2000   0.2  0    0.7852590000 2452503.79100 0.5
NT    Vel  8.330 -  9.01 EA                    PRI                 
 8 34 24.4 -54 40  3.1 2000   0.0  0    9.2557825000 2452506.04830 0.5
PQ    Vel  7.660 -  7.83 EA                    PRI                 
 9  5 23.4 -42 10  1.5 2000   0.0  0   22.2632340000 2452508.98290 0.5
PT    Vel  7.050 -  7.60 EA                    PRI                 
 9 10 57.7 -43 16  2.9 2000   0.0  0    1.8020090000 2452501.18100 0.5
PT    Vel  7.050 -  7.60 EA                    SEC                 
 9 10 57.7 -43 16  2.9 2000   0.0  0    1.8020337000 2452502.11560 0.5
V403  Vel  9.630 - 10.09 EA         A0         PRI                 
 8 46 29.0 -40 49 28.0 2000   0.4  0    7.2025487000 2452500.14940 0.5
V407  Vel  9.620 - 10.07 EB         A2         ALL                 
 9 25  2.3 -55 29 19.9 2000   0.0  0    1.4382152000 2452501.01400 0.5
V432  Vel  9.040 -  9.22 EA         F2V        ALL                 
10 42  6.5 -42 52 40.7 2000   0.1  0    1.4686750000 2452500.86200 0.5
V484  Vel  9.870 - 10.00 EA         B9.5V      ALL                 
 9 12 24.9 -38  3  7.4 2000   0.1  0    2.6043100000 2452501.27000 0.5
UW    Vir  8.980 - 12.30 EA/SD      A2         PRI                 
13 15 20.7 -17 28 16.9 2000   0.3  0    1.8107666000 2452501.10820 0.5
UY    Vir  8.000 -  8.80 EA/DM      A7V        pri                 
13  1 53.4 -19 46 28.7 2000   0.3  0    1.9944478000 2452500.08800 0.5
VV    Vir 11.900 - 13.20 EB/SD      A-F        ALL                 
14  5 25.2 -10  9 22.4 2000   0.0  0    0.4461343300 2452500.07940 0.5
AG    Vir  8.350 -  0.58 EW/KE      A7-A9V     PRI                 
12  1  3.5 +13  0 30.0 2000   0.0  0    0.6426502900 2452500.28220 0.5
AH    Vir  8.890 -  0.60 EW/KW      K0V+K0V    ALL                 
12 14 21.0 +11 49  9.4 2000   0.0  0    0.4075282000 2452500.36700 0.5
AK    Vir 10.000 -  1.49 EA/SD                 PRI                 
14  4 52.4 -18 21 53.3 2000   0.2  0    1.1935938000 2452501.15770 0.5
AW    Vir 11.000 - 11.81 EW/KW      F8         ALL                 
13 27 32.9 +03  2 28.6 2000   0.0  0    0.3539981100 2452500.13500 0.5
AX    Vir 10.000 - 10.81 EB/KE      A0p        ALL                 
13 27 44.8 +03 52 26.6 2000   0.0  0    0.7025291000 2452500.29270 0.5
AZ    Vir 10.740 - 11.37 EW/KW      F8         ALL                 
13 43 25.6 +04 36 57.0 2000   0.0  0    0.3496658000 2452500.29200 0.5
BD    Vir  9.900 - 11.20 EA/SD      A5         PRI                 
13 26 40.6 -16  6 16.5 2000   0.5  0    2.5485671000 2452500.76350 0.5
BF    Vir 10.500 - 11.23 EB/KE      A2         ALL                 
13 47 52.6 -00 35 40.7 2000   0.0  0    0.6405772000 2452500.14730 0.5
BH    Vir  9.600 - 10.56 EA/DW/RS   G0V+G2V    ALL                 
13 58 24.9 -01 39 39.0 2000   0.1  0    0.8168697000 2452500.46800 0.5
CG    Vir 10.560 - 11.20 EB/D       F8         ALL                 
15  4 54.7 +04 24  3.1 2000   0.0  0    0.9352764000 2452500.20600 0.5
CM    Vir 12.900 - 13.40 EA                    ALL                 
14 32  7.6 -01 14 46.4 2000   0.3  0    6.8038700000 2452503.55500 0.5
CX    Vir  9.800 -  0.65 EW         F5         ALL                 
14  9 27.5 -15 34 53.9 2000   0.0  0    0.7460795000 2452500.59720 0.5
DL    Vir  7.000 -  7.50 EA         G8III+A3   PRI                 
13 52 38.8 -18 42 32.5 2000   0.2  0    1.3154800000 2452501.32000 0.5
DM    Vir  8.750 -  9.50 EA/D       F6IV+F6IV  ALL                 
14  7 52.4 -11  9  7.5 2000   0.3  0    4.6694328000 2452500.16340 0.5
DY    Vir 14.200 - 15.70 EA/SD      G0V        PRI                 
12 19 12.2 +09 22 15.7 2000   0.1  0    0.9342730000 2452500.67660 0.5
FO    Vir  6.500 -  6.82 EB/KE      A7V        ALL                 
13 29 47.1 +01  5 43.3 2000   0.0  0    0.7755644000 2452500.13800 0.5
FQ    Vir 10.100 - 10.90 E/DM       A0         ALL                 
14  6 30.3 -15 30 27.9 2000   0.0  0    0.7496048000 2452500.58060 0.5
GK    Vir 17.010 - 23.00 EA/WD                 PRI                 
14 15 36.5 +01 17 17.7 2000   0.0  0    0.3443308300 2452500.16390 0.5
GR    Vir  7.800 -  0.45 EW/KW      G0         ALL                 
14 45 20.3 -06 44  4.1 2000   0.0  0    0.3469777000 2452500.06500 0.5
HT    Vir  7.060 -  7.48 EW/KW                 ALL                 
13 46  6.8 +05  6 56.3 2000   0.0  0    0.4076728000 2452500.04500 0.5
HY    Vir  7.810 -  8.10 EA                    ALL                 
13  8 29.9 -02 40 44.4 2000   0.0  0    2.7323339000 2452500.71950 0.5
IK    Vir 11.510 - 11.79 EA                    PRI                 
12 13 56.1 +02  0 34.1 2000   0.0  0    0.7236007700 2452500.43130 0.5
IM    Vir  9.740 -  0.15 EA/RS                 ALL                 
12 49 38.7 -06  4 44.9 2000   0.0  0    1.3086200000 2452501.01940 0.5
IR    Vir 12.100 -  0.70 EW                    PRI                 
12 38  8.5 -03 59 17.4 2000   0.0  0    0.3693787000 2452500.20200 0.5
KZ    Vir  8.450 -  8.52 EB                    ALL                 
13 12 22.9 +02 39 13.8 2000   0.0  0    1.1318305000 2452500.20140 0.5
LU    Vir  7.880 -  8.16 EB                    PRI                 
13 26 53.5 -05 55 50.5 2000   0.0  0    0.4922408000 2452500.39140 0.5
LV    Vir  8.500 -  8.68 EW                    ALL                 
13 32 46.1 -17 45 32.7 2000   0.0  0    0.4094445000 2452500.03100 0.5
MR    Vir  8.570 -  8.69 EB                    ALL                 
14  4  2.3 -00 21 45.3 2000   0.0  0    1.5186550000 2452500.73300 0.5
MS    Vir  9.400 -  9.67 EW                    ALL                 
14  6 14.4 -17 41 18.6 2000   0.0  0    0.3124382000 2452500.32930 0.5
NN    Vir  7.600 -  8.02 RRC                   ALL                 
14 19 37.7 +05 53 46.7 2000   0.0  0    0.4806877200 2452500.30340 0.5
NY    Vir 13.300 - 14.22 EA+RPHS               ALL                 
13 38 48.1 -02  1 49.2 2000   0.0  0    0.1010159600 2452500.06020 0.5
NZ    Vir 11.060 -  0.20 EA/RS                 pri                 
14 30 43.9 +07 19 32.0 2000   0.0  0    1.6506487000 2452500.80050 0.5
PS    Vir 11.600 - 12.30 EW                    ALL                 
11 57 51.3 +06 27  4.5 2000   0.0  0    0.2898065000 2452500.20400 0.5
PT    Vir 13.380 - 13.56 EW                    ALL                 
12 24 23.0 +10 35 13.5 2000   0.0  0    0.3081716400 2452500.20170 0.5
PY    Vir  9.600 - 10.09 EW         K0         ALL                 
13 10 32.2 -04  9 32.6 2000   0.0  0    0.3112480000 2452500.20200 0.5
QX    Vir 12.100 - 12.70 EW                    ALL                 
14 36 28.4 -05 36 21.4 2000   0.0  0    0.2420749500 2452500.09010 0.5
V337  Vir 13.300 - 14.10 EW                    ALL                 
12 50 35.0 +00 57  0.9 2000   0.0  0    0.3528613600 2452500.08970 0.5
V391  Vir 13.000 - 13.70 EW                    ALL                 
12 24 18.5 +03 51 32.6 2000   0.0  0    0.3543159000 2452500.25300 0.5
V415  Vir 10.100 - 10.34 EW         G0         ALL                 
12 45  1.6 +07 57  5.0 2000   0.0  0    0.3737087000 2452500.16800 0.5
V467  Vir  9.280 -  9.72 EW         F0         ALL                 
13 22 44.8 -06  2  6.9 2000   0.0  0    0.6045734000 2452500.35400 0.5
V591  Vir 11.970 - 12.38 EW                    ALL                 
14 42 12.6 +03 24 14.0 2000   0.0  0    0.3509483400 2452500.26950 0.5
V611  Vir 11.950 - 12.60 EW                    ALL                 
11 50 29.4 +05  0 32.9 2000   0.0  0    0.3704710000 2452500.22900 0.5
V623  Vir 11.450 - 11.60 EW                    ALL                 
12 33 51.3 +01 57  4.6 2000   0.0  0    0.2605939500 2452500.07080 0.5
V637  Vir 13.150 - 13.85 EW                    ALL                 
13 23 12.6 +03 27 53.6 2000   0.0  0    0.2884113100 2452500.07280 0.5
V639  Vir 12.450 - 13.15 EW                    ALL                 
13 26 19.0 +02 35 22.4 2000   0.0  0    0.3723292000 2452500.20000 0.5
V647  Vir 12.450 - 13.20 EW                    ALL                 
13 47 51.8 +07  0 46.5 2000   0.0  0    0.3478960300 2452500.18450 0.5
TX    Vol 10.000 - 10.50 EA/D                  ALL                 
 8 32 20.3 -65 50 28.1 2000   0.0  0    2.6940900000 2452500.61500 0.5
WZ    Vol  8.400 -  8.66 EA                    PRI                 
 8 43 46.2 -71 49 33.7 2000   0.0  0  226.2601460000 2452562.10630 0.5
Z     Vul  7.250 -  8.90 EA/SD      B4V+A3III  ALL                 
19 21 39.1 +25 34 29.5 2000   0.4  0    2.4549281000 2452502.08000 0.5
RR    Vul 10.000 - 11.40 EA         A2         PRI                 
20 54 47.6 +27 55  5.7 2000   0.5  0    5.0506800000 2452500.70300 0.5
RS    Vul  6.790 -  7.83 EA/SD      B4V+A2IV   ALL                 
19 17 40.0 +22 26 28.4 2000   0.6  0    4.4776713000 2452501.02930 0.5
VV    Vul 12.000 - 13.90 EA/SD      A2/3V      PRI                 
20 57 23.7 +27 51 22.9 2000   0.6  0    3.4115100000 2452503.34000 0.5
VY    Vul 14.200 - 15.10 EB/SD                 ALL                 
19 48 23.7 +20 24  6.3 2000   0.0  0    0.8843472000 2452500.06900 0.5
XZ    Vul 11.300 - 12.80 EA/SD      G0         PRI                 
19 29 24.3 +27 26  4.7 2000   0.7  0    3.0897780000 2452501.29700 0.5
AB    Vul 12.400 - 12.90 EA/KE      A8         PRI                 
19 53 47.0 +28 56 55.6 2000   0.2  0    1.4613322000 2452500.15600 0.5
AD    Vul 12.800 - 14.40 EA         F7III      PRI                 
19  4  3.9 +24 33 30.7 2000   0.7  0   10.4261900000 2452503.45000 0.5
AT    Vul  9.080 - 10.00 EA/SD      B3         ALL                 
19 53 58.5 +23 33 51.9 2000   0.5  0    3.9803888000 2452503.57550 0.5
AW    Vul 10.800 - 11.90 EA/SD      F0         PRI                 
20 29  1.7 +24 48 27.8 2000   0.2  0    0.8064443000 2452500.80500 0.5
AX    Vul 11.000 - 12.80 EA/SD      A1V        PRI                 
20 33 10.3 +24 51 55.5 2000   0.2  0    2.0248340000 2452501.18070 0.5
AY    Vul 11.300 - 12.40 EA         F0         PRI                 
20 35 38.9 +22 37 27.1 2000   0.4  0    2.4123770000 2452501.63200 0.5
AZ    Vul 11.800 - 12.40 EA/KE      A0         PRI                 
20 30 54.0 +25 39  4.8 2000   0.2  0    1.1226278000 2452500.95950 0.5
BB    Vul 12.500 - 13.20 E                     ALL                 
20 32 19.5 +27 39 43.8 2000   0.0  0    0.9389211600 2452500.78690 0.5
BE    Vul  9.780 - 11.31 EA/SD      A3V-A5V    ALL                 
20 25 33.6 +27 22  9.1 2000   0.3  0    1.5520596000 2452501.39900 0.5
BG    Vul 12.900 - 13.70 EW/KW                 ALL                 
21 19 24.4 +22  2 41.4 2000   0.0  0    0.4032426000 2452500.07600 0.5
BI    Vul 14.150 - 14.90 EW/KW                 ALL                 
21 22 48.0 +27  1 40.0 2000   0.0  0    0.2518254200 2452500.30100 0.5
BK    Vul 12.800 - 13.50 EW/KW                 ALL                 
21 25 23.3 +27 51 18.9 2000   0.0  0    0.4534599000 2452500.40830 0.5
BO    Vul 10.500 - 13.30 EA/SD      F0         PRI                 
19 56 29.1 +23 54 45.0 2000   0.3  0    1.9458900000 2452500.05400 0.5
BP    Vul 10.100 - 11.30 EA/SD      A7         PRI                 
20 25 33.3 +21  2 18.0 2000   0.2  0    1.9403459000 2452501.46920 0.5
BP    Vul 10.100 - 11.30 EA/SD      A7         SEC                 
20 25 33.3 +21  2 18.0 2000   0.2  0    1.9403446000 2452502.40200 0.5
BQ    Vul 11.900 - 13.00 EA/SD      A0IV       PRI                 
20 31 19.2 +25  0 50.7 2000   0.4  0    4.4272130000 2452503.33100 0.5
BS    Vul 10.900 - 11.60 EB/KW      F2         PRI                 
19 37 26.5 +21 55 50.4 2000   0.0  0    0.4759701900 2452500.17020 0.5
BT    Vul 11.800 - 12.50 EA         F8         ALL                 
20 23  4.9 +27 28 39.0 2000   0.1  0    1.1412011000 2452500.78030 0.5
BU    Vul 10.600 - 11.40 EA/SD      G0         PRI                 
20 46 18.9 +28 15 44.4 2000   0.1  0    0.5689938000 2452500.50300 0.5
CD    Vul 11.500 - 12.60 EB/SD      F0V        PRI                 
20 25 34.3 +26 28  5.9 2000   0.0  0    0.6837449200 2452500.07200 0.5
CS    Vul 13.200 - 14.20 EA                    ALL                 
19 47 24.3 +19 40 22.4 2000   0.2  0    4.3776748000 2452504.08300 0.5
DN    Vul 13.600 - 15.00 EA                    pri                 
20 15 43.7 +21 57 33.3 2000   0.2  0    3.5309250000 2452501.73000 0.5
DR    Vul  8.650 -  9.27 EA/DM      B8         PRI                 
20 13 46.8 +26 45  1.6 2000   0.3  0    2.2508641000 2452500.41880 0.5
DR    Vul  8.650 -  9.27 EA/DM      B8         SEC                 
20 13 46.8 +26 45  1.6 2000   0.3  0    2.2508090000 2452501.79300 0.5
DZ    Vul 12.600 - 13.50 LB                    ALL                 
21 10  9.0 +25 56 22.7 2000   0.0  0    1.5941253000 2452500.02360 0.5
EO    Vul 12.700 - 13.90 E                     PRI                 
20 21  3.9 +27 33 53.1 2000   0.0  0    1.2251480000 2452501.17000 0.5
EQ    Vul 11.790 - 12.50 EA/DM      B8         PRI                 
19 58 23.2 +28  1  8.4 2000   0.7  0    9.2971250000 2452507.26000 0.5
EQ    Vul 11.790 - 12.50 EA/DM      B8         SEC                 
19 58 23.2 +28  1  8.4 2000   0.7  0    9.2972280000 2452510.29000 0.5
ER    Vul  7.270 -  7.49 EW/DW/RS   G0V+G5V    ALL                 
21  2 25.9 +27 48 26.5 2000   0.0  0    0.6980949000 2452500.14700 0.5
EU    Vul 12.900 - 13.50 EB                    ALL                 
19 50 31.6 +22 12  5.2 2000   0.0  0    0.8830512000 2452500.50900 0.5
EV    Vul 11.500 - 12.20 EB/DM      B1V        ALL                 
19 51 38.4 +23 53 16.8 2000   0.0  0    2.8221090000 2452501.27400 0.5
EY    Vul 11.200 - 12.20 EA/SD      A4         PRI                 
20  7 16.6 +24 12 16.1 2000   0.5  0    4.1030631000 2452503.53340 0.5
FF    Vul 13.100 - 13.80 E/KW                  ALL                 
20 23 13.0 +25 42 58.8 2000   0.0  0    0.4449758000 2452500.01400 0.5
FM    Vul 12.800 - 13.70 EB/KE      A3         ALL                 
19 31 47.0 +27  8  6.3 2000   0.0  0    0.7846427000 2452500.25090 0.5
FO    Vul 13.600 - 15.00 EA                    PRI                 
19 35  3.4 +26 34 57.1 2000   0.6  0    2.8387607000 2452502.77820 0.5
FQ    Vul 12.300 - 12.90 EA/D                  PRI                 
19 35 36.6 +26 17  1.6 2000   0.0  0    6.2624780000 2452506.15000 0.5
FQ    Vul 12.300 - 12.90 EA/D                  SEC                 
19 35 36.6 +26 17  1.6 2000   0.0  0    6.2627819000 2452510.12680 0.5
FR    Vul 10.300 - 11.00 EA         A2         PRI                 
19 36 24.8 +26 45 56.6 2000   0.2  0    0.9418583000 2452500.90450 0.5
FW    Vul 12.700 - 13.40 EA/DM                 PRI                 
19 40 51.3 +27 13  1.4 2000   0.4  0    4.5261470000 2452502.99000 0.5
FZ    Vul 13.200 - 14.00 EB/DM                 sec                 
19 42 11.4 +20 34 43.0 2000   0.0  0    2.4177490000 2452501.74000 0.5
FZ    Vul 13.200 - 14.00 EB/DM                 PRI                 
19 42 11.4 +20 34 43.0 2000   0.0  0    2.4177430000 2452500.44700 0.5
GI    Vul 13.500 - 14.60 EB                    ALL                 
19 42 37.6 +26 38 28.8 2000   0.0  0    0.4814838000 2452500.27100 0.5
GN    Vul 12.300 - 12.90 EA/DM                 PRI                 
19 46 24.6 +27 23 25.9 2000   0.4  0    1.9724404000 2452500.41020 0.5
GO    Vul 13.200 - 13.70 EA/KE                 ALL                 
19 46 35.4 +27 53 57.8 2000   0.2  0    2.0178523000 2452501.45930 0.5
GP    Vul 10.700 - 11.90 EB/KE                 ALL                 
19 46 56.9 +28 51  7.6 2000   0.0  0    1.0324980000 2452500.88910 0.5
GR    Vul 13.200 - 13.90 EA/SD                 PRI                 
19 48 11.3 +27 37 29.3 2000   0.4  0    1.3000969000 2452500.80490 0.5
GU    Vul 11.600 - 12.20 EW                    ALL                 
19 48 57.1 +26 23 22.9 2000   0.0  0    0.7742300000 2452500.00680 0.5
GV    Vul 14.100 - 14.80 EA                    PRI                 
19 49 23.7 +20 39 14.4 2000   0.2  0    1.0148225000 2452501.03700 0.5
HI    Vul 12.300 - 12.70 EB/KE                 PRI                 
19 53 47.5 +28 44 16.8 2000   0.0  0    1.2937218000 2452500.71220 0.5
HS    Vul 13.900 - 14.20 EW/KW                 ALL                 
20  2 26.1 +22 44 40.9 2000   0.0  0    0.3320873700 2452500.11850 0.5
IM    Vul 11.600 - 13.30 E                     ALL                 
20 43  6.0 +22 28 54.7 2000   0.0  0    0.4542823000 2452500.24700 0.5
IW    Vul 12.900 - 13.30 EA/D                  ALL                 
19 35 33.5 +26 38 58.1 2000   0.3  0    2.1378459000 2452501.72700 0.5
KN    Vul 13.000 - 13.40 EW/KW                 ALL                 
19 55 34.6 +27 42 20.5 2000   0.0  0    0.3573233000 2452500.09500 0.5
MO    Vul 14.400 - 15.40 EB                    PRI                 
19 42 39.8 +19 52 59.1 2000   0.0  0    4.9267100000 2452501.88000 0.5
NO    Vul 13.400 - 14.20 EW/KW                 ALL                 
19 34 38.0 +20 37 14.3 2000   0.0  0    0.3707650800 2452500.26450 0.5
NP    Vul 14.300 - 15.50 EA/SD                 PRI                 
19 34 58.1 +20 30  3.4 2000   0.2  0    1.9056527000 2452501.08650 0.5
PS    Vul  6.280 -  0.07 E          B7V+G1 III PRI                 
19 43 56.0 +27  8  7.4 2000   0.0  0    3.8173420000 2452501.77500 0.5
PS    Vul  6.280 -  0.07 E          B7V+G1 III SEC                 
19 43 56.0 +27  8  7.4 2000   0.0  0    3.8173851000 2452503.32970 0.5
V384  Vul 12.720 - 13.16 EW                    ALL                 
21  7 48.4 +28  5 31.6 2000   0.0  0    0.4388577300 2452500.03520 0.5
V392  Vul  9.990 - 10.14 ACV                   ALL                 
19 34  4.7 +24 18 36.6 2000   0.0  0    1.3514215000 2452500.72160 0.5
V399  Vul  7.010 -  7.17 EA                    PRI                 
20 25 10.8 +21 29 18.8 2000   0.0  0    4.9048733000 2452502.58440 0.5
V467  Vul 12.440 - 12.85 EB                    ALL                 
21 17 23.9 +21 53 33.5 2000   0.0  0    0.4274066600 2452500.28570 0.5
V491  Vul  9.940 - 10.35 EA         B0.5V      SEC                 
19 46 22.7 +24 37 47.9 2000   0.0  0    7.6696239000 2452503.42190 0.5
V491  Vul  9.940 - 10.35 EA         B0.5V      PRI                 
19 46 22.7 +24 37 47.9 2000   0.0  0    7.6698493000 2452500.86330 0.5
V495  Vul  9.760 - 10.16 EA         B9         PRI                 
19 53 45.3 +20 30 33.2 2000   0.2  0    1.6351414000 2452501.24250 0.5
V495  Vul  9.760 - 10.16 EA         B9         SEC                 
19 53 45.3 +20 30 33.2 2000   0.2  0    1.6351240000 2452502.17700 0.5
